"","X","Order","SUBSTANCE.NAME","CAS_trimmed","toxcast","tox21","expocast","nhanes","ToxCast","Tox21","ExpoCast","NHANES","No.ToxData","Min.AC50","Max.AC50","Expo.Total_median","Expo.Total_95perc","httk","Css.med_medRTK.plasma.uM","Css.med_95RTK.plasma.uM","Css.95perc_medRTK.plasma.uM","Css.95perc_95RTK.plasma.uM"
"1",1,1,"DDT, P,P'-","50-29-3",1,1,1,1,1,1,1,1,139,0.000479,253,0.000000122,0.00000735,"1","0.200017387245762","1.07691697902402","0.206425193776432","1.48285116721946"
"2",2,2,"DIELDRIN","60-57-1",1,1,1,1,1,1,1,1,60,0.0406,169,0.000000129,0.00000448,"1","156.542297071958","1604.99394016363","158.506635710399","1271.80917636172"
"3",3,3,"ALDRIN","309-00-2",1,1,1,1,1,1,1,1,122,0.912,253,0.000000127,0.00000643,"1","103.138621428847","523.092312732718","101.372740003549","455.707006664448"
"4",4,4,"HEPTACHLOR","76-44-8",1,1,1,1,1,1,1,1,128,5.05,164,0.00000012,0.00000641,"1","0.204945699561454","0.590985153988411","0.195509947121086","0.598635003123302"
"5",5,5,"HEXACHLOROCYCLOHEXANE, GAMMA-","58-89-9",1,1,1,1,1,1,1,1,27,5.68,116,0.00000152,0.000105,"1","6.02262213525906","81.5000916895221","6.39668914292092","87.365653757332"
"6",6,6,"ENDRIN","72-20-8",1,1,1,1,1,1,1,1,41,0.219,64.9,0.000000129,0.00000713,"1","250.384286050006","2337.83329922967","268.670559386418","2711.18286874869"
"7",7,7,"BENZO(B)FLUORANTHENE","205-99-2",1,1,1,0,1,1,1,NA,48,0.004,253,0.00000122,0.0000686,"1","1.04761205726673","11.0182029304333","1.10662586424976","10.9166559546677"
"8",8,8,"BENZO(A)ANTHRACENE","56-55-3",1,1,1,0,1,1,1,1,43,0.0181,112,0.0000011,0.0000626,"1","0.473966805973418","4.11412401983773","0.502418980485307","4.19080077475861"
"9",9,9,"NAPHTHALENE","91-20-3",1,1,1,0,1,1,1,1,17,0.00233,144,0.0000737,0.00409,"1","10.7417018029625","73.2414876373684","10.9938567345077","81.0369696056078"
"10",10,10,"FLUORANTHENE","206-44-0",1,1,1,0,1,1,1,1,47,0.0779,164,0.000000955,0.0000573,"1","1.86436653439547","20.5930816980947","1.9242212323809","12.0888216164189"
"11",11,11,"TRIFLURALIN","1582-09-8",1,1,1,0,1,1,1,NA,61,0.0946,113,0.00000157,0.0000982,"1","288.671748953011","3258.10633361888","299.395471320425","2255.30168040272"
"12",12,12,"ACENAPHTHENE","83-32-9",1,1,1,0,1,1,1,NA,4,2.45,78.1,0.0000000523,0.00000317,"1","4.62993420590502","23.9771792348195","4.86823964088888","23.5401291122499"
"13",13,13,"DDD, P,P'-","72-54-8",1,1,1,0,1,1,1,NA,143,0.981,133,0.000000111,0.00000519,"1","48.5902335948069","121.394666961927","46.6445818572464","119.7849517252"
"14",14,14,"BENZIDINE","92-87-5",1,1,1,0,1,1,1,NA,32,3.11,632,0.00000146,0.000131,"1","1.35051856290224","5.4741605716907","1.30281252062006","5.52726836152302"
"15",15,15,"DISULFOTON","298-04-4",1,1,1,0,1,1,1,1,33,5.87,81.8,0.000000083,0.00000616,"1","2.27024895973261","31.7124966665516","2.21850104062288","34.4478010620624"
"16",16,16,"DIAZINON","333-41-5",1,1,1,0,1,1,1,1,34,0.0616,118,0.000000102,0.00000636,"1","2.40655366926479","32.7655414009746","2.43817565308538","37.7721413611791"
"17",17,17,"ENDOSULFAN","115-29-7",1,1,1,0,1,1,1,NA,131,0.164,253,0.000000136,0.00000943,"1","254.403947242684","1914.30792443012","239.189086781508","2220.47441732059"
"18",18,18,"HEPTACHLOR EPOXIDE","1024-57-3",1,1,1,0,1,1,1,1,69,1.67,107,0.000000123,0.00000624,"","","","",""
"19",19,19,"PENTACHLOROPHENOL","87-86-5",1,1,1,0,1,1,1,1,110,0.993,164,0.0000011,0.0000837,"1","2.0194012876691","9.92467769642352","2.12456462419857","8.45886363532172"
"20",20,20,"METHOXYCHLOR","72-43-5",1,1,1,0,1,1,1,NA,105,0.476,181,0.000000107,0.00000795,"1","0.277550979285563","2.38660826773205","0.272015015679917","2.46235209439276"
"21",21,21,"DI-N-BUTYL PHTHALATE","84-74-2",1,1,1,0,1,1,1,1,61,0.0102,72.4,0.00008,0.00534,"1","0.426081252965734","2.00354912558614","0.431784641010054","2.00700691328696"
"22",22,22,"CHLORPYRIFOS","2921-88-2",1,1,1,0,1,1,1,1,75,2.35,164,0.000000023,0.00000139,"1","12.7497432597808","193.23414408553","12.8074269711681","203.863998528292"
"23",23,23,"DI(2-ETHYLHEXYL)PHTHALATE","117-81-7",1,1,1,0,1,1,1,1,42,0.37,67.2,0.00017,0.0114,"","","","",""
"24",24,24,"2,4,6-TRICHLOROPHENOL","88-06-2",1,1,1,0,1,1,1,1,18,0.808,316,0.00000000937,0.000000804,"1","5.48967661808849","42.0918232380195","5.57542603447957","37.3048647692768"
"25",25,25,"2,4-DINITROPHENOL","51-28-5",1,1,1,0,1,1,1,NA,20,0.0944,122,0.0000000619,0.0000032,"1","97.0470386234277","237.258743280816","96.6688778482318","234.384694748731"
"26",26,26,"2,4-DINITROTOLUENE","121-14-2",1,1,1,0,1,1,1,NA,6,4.85,28.3,0.0000000363,0.00000307,"1","27.2539244847603","71.6055129715422","28.6039532685681","61.3079066603657"
"27",27,27,"ETHION","563-12-2",1,1,1,0,1,1,1,1,43,0.163,285,0.000000118,0.00000778,"1","2.36097659268481","32.1559716850571","2.44451438877278","32.312280735153"
"28",28,28,"DIMETHYLARSINIC ACID","75-60-5",1,1,1,0,1,1,1,NA,19,0.00452,81.8,0.0000000432,0.00000263,"1","4.57239300816829","10.5951318635865","4.64334760057907","10.1860261912893"
"29",29,29,"AZINPHOS-METHYL","86-50-0",1,1,1,0,1,1,1,1,86,0.0942,253,0.0000000203,0.00000165,"1","0.255550632241321","0.821656556923903","0.264294834565821","0.854971845924214"
"30",30,30,"2,4,5-TRICHLOROPHENOL","95-95-4",1,1,1,0,1,1,1,1,111,0.552,133,0.0000000123,0.0000013,"1","10.3799312443897","135.552511452412","11.1539050698138","145.872351383536"
"31",31,31,"DICOFOL","115-32-2",1,1,1,0,1,1,1,NA,133,0.634,117,0.000000116,0.00000524,"1","5.62888647707863","64.1826488584686","5.44131263441741","79.239803950587"
"32",32,32,"PARATHION","56-38-2",1,1,1,0,1,1,1,1,74,0.1,81.8,0.0000000886,0.00000521,"1","19.5259102573676","212.616547529703","19.1345904644168","279.615340429239"
"33",33,33,"CRESOL, PARA-","106-44-5",1,1,1,0,1,1,1,NA,6,0.156,25.3,0.00000396,0.000251,"1","0.593349628434525","1.67976221003209","0.593080431433183","1.73506092266701"
"34",34,34,"PHENOL","108-95-2",1,1,1,0,1,1,1,NA,1,0.112,0.112,0.0000876,0.00551,"1","1.27738773856181","4.15730805373109","1.20850227691674","4.12292810725366"
"35",35,35,"MERCURIC CHLORIDE","7487-94-7",1,1,1,0,1,1,1,NA,208,0.126,126,0.0000000217,0.00000277,"","","","",""
"36",36,36,"DDT, O,P'-","789-02-6",1,1,1,1,1,1,1,1,124,0.105,112,0.000000116,0.0000074,"1","0.178524883727486","1.01543558804299","0.179565205275959","1.04697529954532"
"37",37,37,"4,6-DINITRO-O-CRESOL","534-52-1",1,1,1,0,1,1,1,NA,84,0.00223,164,0.0000000719,0.00000542,"1","505.319541271363","4440.07228782011","498.234989678824","4787.03737249301"
"38",38,38,"1,2,3-TRICHLOROBENZENE","87-61-6",1,1,1,0,1,1,1,NA,8,0.00215,15.5,0.000000219,0.0000149,"1","7.48959764927351","53.1308997575005","7.07121302958674","52.555913092899"
"39",39,39,"LEAD","7439-92-1",0,0,0,0,NA,NA,NA,1,0,NA,NA,NA,NA,"","","","",""
"40",40,40,"CADMIUM","7440-43-9",0,0,0,0,NA,NA,NA,1,0,NA,NA,NA,NA,"","","","",""
"41",41,41,"CHROMIUM, HEXAVALENT","18540-29-9",0,0,0,0,NA,NA,NA,NA,0,NA,NA,NA,NA,"","","","",""
"42",42,42,"COBALT","7440-48-4",0,0,0,0,NA,NA,NA,NA,0,NA,NA,NA,NA,"","","","",""
"43",43,43,"NICKEL","7440-02-0",0,0,0,0,NA,NA,NA,NA,0,NA,NA,NA,NA,"","","","",""
"44",44,44,"ZINC","7440-66-6",0,0,0,0,NA,NA,NA,1,0,NA,NA,NA,NA,"","","","",""
"45",45,45,"METHYLMERCURY","22967-92-6",0,0,0,0,NA,NA,NA,NA,0,NA,NA,NA,NA,"","","","",""
"46",46,46,"2,3',4,4',5-Pentachlorobiphenyl","31508-00-6",0,0,0,1,NA,NA,NA,1,0,NA,NA,NA,NA,"","","","",""
"47",47,47,"HEXACHLOROCYCLOHEXANE, BETA-","319-85-7",1,1,1,1,1,1,1,1,10,0.0137,41.5,0.0000000976,0.0000048,"","","","",""
"48",48,48,"2,3,7,8-TETRACHLORODIBENZO-P-DIOXIN","1746-01-6",0,1,1,1,NA,1,1,1,0,NA,NA,0.0000000169,0.00000152,"","","","",""
"49",49,49,"HEXACHLOROBENZENE","118-74-1",0,1,1,1,NA,1,1,1,0,NA,NA,0.00000203,0.000154,"","","","",""
"50",50,50,"HEXACHLOROCYCLOHEXANE, TECHNICAL GRADE","608-73-1",0,1,1,1,NA,1,1,1,0,NA,NA,0.0000001,0.00000628,"","","","",""
"51",51,51,"CHLORDANE, TECHNICAL","12789-03-6",0,1,1,1,NA,1,1,1,0,NA,NA,0.000000114,0.00000613,"","","","",""
"52",52,52,"POLYCHLORINATED BIPHENYLS","1336-36-3",0,0,1,1,NA,NA,1,1,0,NA,NA,0.0000271,0.00207,"","","","",""
"53",53,53,"1,2,3,4,6,7,8,9-OCTACHLORODIBENZOFURAN","39001-02-0",0,0,0,1,NA,NA,NA,1,0,NA,NA,NA,NA,"","","","",""
"54",54,54,"2,3,4,7,8-PENTACHLORODIBENZOFURAN","57117-31-4",0,0,0,1,NA,NA,NA,1,0,NA,NA,NA,NA,"","","","",""
"55",55,55,"2,3,7,8-TETRACHLORODIBENZOFURAN","51207-31-9",0,0,0,1,NA,NA,NA,1,0,NA,NA,NA,NA,"","","","",""
"56",56,56,"1,2,3,4,6,7,8-HEPTACHLORODIBENZOFURAN","67562-39-4",0,0,0,1,NA,NA,NA,1,0,NA,NA,NA,NA,"","","","",""
"57",57,57,"2,4-D ACID","94-75-7",1,1,1,0,1,1,1,1,8,0.0000925,97.8,0.000000385,0.0000337,"1","55.2031993379997","135.420162981931","54.770275562921","125.65565984988"
"58",58,58,"DIURON","330-54-1",1,1,1,0,1,1,1,NA,37,0.278,164,0.0000000131,0.00000112,"1","0.784463734385434","3.42219519084764","0.763032090424399","2.76695136901667"
"59",59,59,"PYRENE","129-00-0",1,1,1,0,1,1,1,1,25,0.054,112,0.00000147,0.0000752,"1","1.91986568741129","13.128330597391","1.93432544138157","14.0245318078145"
"60",60,60,"METOLACHLOR","51218-45-2",1,1,1,0,1,1,1,1,46,0.0144,117,0.0000000802,0.00000355,"1","0.279597307114722","0.939749921935015","0.287735460767178","1.06137483648136"
"61",61,61,"simazine","122-34-9",1,1,1,0,1,1,1,NA,10,0.00446,81.7,0.0000000104,0.000000979,"1","0.971951325365335","3.31708834246992","0.929188856726384","3.62374261332765"
"62",62,62,"Fluorene","86-73-7",1,1,1,0,1,1,1,1,11,0.509,105,0.0000000725,0.00000633,"1","4.41638893154847","34.31640081313","4.30820868762886","39.9141941995005"
"63",63,63,"Biphenyl","92-52-4",1,1,1,0,1,1,1,NA,7,0.00024,114,0.00000227,0.000152,"1","4.89117797473275","40.4041923281858","4.50774763712896","35.3911719406616"
"64",64,64,"Anthracene","120-12-7",1,1,1,0,1,1,1,NA,15,1.24,167,0.000000861,0.0000607,"1","1.79106600715036","12.4606594723766","1.83064783910946","11.188091648385"
"65",65,65,"Atrazine","1912-24-9",1,1,1,0,1,1,1,1,22,0.0101,48.3,0.0000000656,0.00000412,"1","14.5097648915754","40.3756985368468","14.8788591779177","34.6535196394125"
"66",66,66,"Propazine","139-40-2",1,1,1,0,1,1,1,NA,11,0.01,113,0.0000000785,0.00000445,"1","1.93652193502553","10.6736890984074","2.12208741186422","11.2000817593857"
"67",67,67,"Prometryn","7287-19-6",1,1,1,0,1,1,1,NA,30,1.03,44.9,0.000000069,0.00000387,"1","5.87113964022796","73.7680726273097","5.29946358991995","72.8784730945033"
"68",68,68,"Prometon","1610-18-0",1,1,1,0,1,1,1,NA,22,0.0195,40.7,0.0000000795,0.00000369,"1","17.2976557930339","237.087825000672","18.1273087873797","309.376794582147"
"69",69,69,"Terbacil","5902-51-2",1,1,1,0,1,1,1,NA,32,0.18,81.8,0.0000000754,0.00000315,"1","4.97245991111926","16.3919219568583","4.74080666442271","17.0870828062256"
"70",70,70,"Oxyfluorfen","42874-03-3",1,1,1,0,1,1,1,NA,61,0.000408,81.5,0.00000013,0.00000898,"1","11.1067359428691","28.3300887268997","11.1460754317338","26.8889803022262"
"71",71,71,"Molinate","2212-67-1",1,1,1,0,1,1,1,NA,8,4.98,68.5,0.0000000599,0.00000446,"1","26.2138606027413","60.6527843918972","25.0658893861429","67.503764275846"
"72",72,72,"S-Ethyl-N,N-Dipropylthiocarbamate","759-94-4",1,1,1,0,1,1,1,NA,15,0.583,32.7,0.0000000595,0.00000478,"1","3.39187664499095","52.162389334288","3.74410965189173","54.8270935660567"
"73",73,73,"Cycloate","1134-23-2",1,1,1,0,1,1,1,NA,10,5.53,81.8,0.0000000841,0.00000598,"1","5.4492912027827","65.5610449022265","4.81937784582256","61.8769671706158"
"74",74,74,"Bromacil","314-40-9",1,1,1,0,1,1,1,NA,11,0.0876,112,0.0000000846,0.0000063,"1","21.3160439626782","47.3388001161354","20.6599479789378","50.7820052359792"
"75",75,75,"DICAMBA","1918-00-9",1,1,1,0,1,1,1,NA,5,2.53,65.4,0.0000000126,0.00000104,"1","12.2173135520367","30.1927583963503","11.9279302555847","29.7496157507496"
"76",76,76,"PICLORAM","1918-02-1",1,1,1,0,1,1,1,NA,6,8.51,57.7,0.0000000808,0.00000542,"1","76.8265552150085","975.890730574413","79.3147654045231","840.053737236771"
"77",77,77,"PENDIMENTHALIN","40487-42-1",1,1,1,0,1,1,1,NA,75,2.35,108,0.0000000166,0.00000119,"1","3.723171930229","51.54848982763","3.70004959512872","50.8147235423441"
"78",78,78,"ISOXAFLUTOLE","141112-29-0",1,1,1,0,1,1,1,NA,14,2.56,81.8,0.0000000197,0.00000183,"1","2.03775337375568","11.9466242727444","2.05603663779761","13.9751766891723"
"79",79,79,"ACETOCHLOR","34256-82-1",1,1,1,0,1,1,1,1,82,0.0014,99.6,0.0000000951,0.00000565,"1","0.191647472928384","0.452220504021348","0.193639029116129","0.422808387304029"
"80",80,80,"IMAZAPYR","81334-34-1",1,1,1,0,1,1,1,NA,2,0.339,36.1,0.0000000923,0.00000417,"1","2.31534690864382","5.91834576287559","2.36694789578294","5.73833056273682"
"81",81,81,"IMAZAPIC","104098-48-8",1,1,1,0,1,1,1,NA,10,2.08,49.3,0.0000000854,0.00000545,"1","3.16505400462878","7.99228757762025","3.18819581156743","7.59006226320841"
"82",82,82,"AMETRYN","834-12-8",1,1,1,0,1,1,1,NA,23,2.31,60.1,0.0000000811,0.00000509,"1","9.22017941530441","171.016101923748","8.61679833662036","88.5672082708642"
"83",83,83,"HEXAZINONE","51235-04-2",1,1,1,0,1,1,1,NA,3,17.2,49.9,0.0000000769,0.0000054,"1","0.421121536444003","1.37689314286363","0.431225961100732","1.48254763159255"
"84",84,84,"METSULFURON METHYL","74223-64-6",0,1,1,0,NA,1,1,NA,0,NA,NA,0.000000022,0.00000252,"1","3.335844929869","12.5352861427832","3.14103438410828","10.5879466983715"
"85",85,85,"Acenaphthylene 2000 μg/mL","208-96-8",1,1,1,0,1,1,1,NA,4,1.15,47.4,0.000000105,0.00001,"1","8.11110672628739","81.7445235144026","8.26167078134834","88.0528107882402"
"86",86,86,"Metribuzin","21087-64-9",1,1,1,0,1,1,1,NA,20,0.0101,53.1,0.000000012,0.000000976,"1","1.7317073604173","5.15574242953355","1.88600074337238","5.29142102088751"
"87",87,87,"HALOSULFURON METHYL","100784-20-1",0,0,1,0,NA,NA,1,NA,0,NA,NA,NA,NA,"1","122.06327526242","1295.03772072767","127.369887501155","1002.55851837457"
"88",88,88,"BENZENE","71-43-2",0,1,1,0,NA,1,1,1,0,NA,NA,0.00000913,0.000786,"","","","",""
"89",89,89,"BENZO(A)PYRENE","50-32-8",0,1,1,0,NA,1,1,1,0,NA,NA,0.00000137,0.0000919,"","","","",""
"90",90,90,"DIBENZO(A,H)ANTHRACENE","53-70-3",0,1,1,0,NA,1,1,NA,11,0.0656,10.3,0.00000127,0.0000946,"","","","",""
"91",91,91,"BENZO(K)FLUORANTHENE","207-08-9",0,1,1,0,NA,1,1,NA,0,NA,NA,0.00000116,0.0000741,"","","","",""
"92",92,92,"XYLENES, TOTAL","1330-20-7",0,1,1,0,NA,1,1,NA,0,NA,NA,0.0000912,0.00981,"","","","",""
"93",93,93,"TOLUENE","108-88-3",0,1,1,0,NA,1,1,1,0,NA,NA,0.0000861,0.00614,"","","","",""
"94",94,94,"ETHYLBENZENE","100-41-4",0,1,1,0,NA,1,1,1,0,NA,NA,0.0000832,0.00629,"","","","",""
"95",95,95,"CHRYSENE","218-01-9",0,1,1,0,NA,1,1,1,0,NA,NA,0.00000118,0.0000647,"","","","",""
"96",96,96,"2-METHYLNAPHTHALENE","91-57-6",0,1,1,0,NA,1,1,NA,0,NA,NA,0.000000578,0.0000341,"","","","",""
"97",97,97,"PHENANTHRENE","85-01-8",1,1,1,0,1,1,1,1,8,2.09,103,0.00000121,0.0000872,"","","","",""
"98",98,98,"STYRENE","100-42-5",0,1,1,0,NA,1,1,1,0,NA,NA,0.0000838,0.00639,"","","","",""
"99",99,99,"1-Methylnaphthalene","90-12-0",1,1,1,0,1,1,1,NA,3,14.1,87.6,0.00000135,0.0000886,"","","","",""
"100",100,100,"1,2,4-Trimethylbenzene","95-63-6",1,1,1,0,1,1,1,NA,1,47.4,47.4,0.0000518,0.00415,"","","","",""
"101",101,101,"Isopropalin","33820-53-0",1,1,1,0,1,1,1,NA,87,0.117,164,0.000000101,0.00000589,"","","","",""
"102",102,102,"Pebulat","1114-71-2",0,1,1,0,NA,1,1,NA,7,3.42,112,0.0000000721,0.00000429,"","","","",""
"103",103,103,"TERBUTRYN","886-50-0",0,1,1,0,NA,1,1,NA,0,NA,NA,0.0000000146,0.00000103,"","","","",""
"104",104,104,"HEDONAL (Carbamate)","93-65-2",0,1,1,0,NA,1,1,NA,3,30.3,85.3,0.0000000716,0.00000357,"","","","",""
"105",105,105,"a-Methylstyrene","98-83-9",0,1,1,0,NA,1,1,NA,0,NA,NA,0.00000788,0.000624,"","","","",""
"106",106,106,"Pentane","109-66-0",0,1,1,0,NA,1,1,NA,0,NA,NA,0.00000737,0.000596,"","","","",""
"107",107,107,"m-Xylene (Benzene, 1,3-dimethyl-)","108-38-3",0,1,1,0,NA,1,1,1,2,0.358,1.95,0.0000548,0.00263,"","","","",""
"108",108,108,"Cyclohexane 5.4 wt. %","110-82-7",0,1,1,0,NA,1,1,NA,0,NA,NA,0.0000845,0.00634,"","","","",""
"109",109,109,"3-Methylcholanthrene","56-49-5",0,1,1,0,NA,1,1,NA,0,NA,NA,0.000000202,0.0000134,"","","","",""
"110",110,110,"Benzo[ghi]perylene 200 μg/mL","191-24-2",0,1,1,0,NA,1,1,NA,0,NA,NA,0.0000000159,0.0000011,"","","","",""
"111",111,111,"GLUFOSINATE","77182-82-2",0,0,1,0,NA,NA,1,NA,0,NA,NA,0.0000000122,0.00000128,"","","","",""
"112",112,112,"2,2',4,4',5,5'-Hexachlorobiphenyl","35065-27-1",0,1,1,1,NA,1,1,1,0,NA,NA,0.000000038,0.00000551,"1","272.123166874707","2388.6745952879","288.558011709192","2331.51637020495"
"113",113,113,"Pentadecane","629-62-9",1,1,1,0,1,1,1,NA,3,11.3,85,0.00000529,0.000281,"","","","",""
"114",114,114,"Decane","124-18-5",1,1,1,0,1,1,1,NA,17,0.0547,54.8,0.00000657,0.00044,"","","","",""
"115",115,115,"p-Cymene","99-87-6",1,1,1,0,1,1,1,NA,2,1.01,35.6,0.0000213,0.00118,"","","","",""
"116",116,116,"1,3,5-Trimethylbenzene","108-67-8",1,1,1,0,1,1,1,NA,1,8.05,8.05,0.00000322,0.000218,"","","","",""
"117",117,117,"Hexadecane","544-76-3",1,1,1,0,1,1,1,NA,3,43.6,84.6,0.00000569,0.000389,"","","","",""
"118",118,118,"Undecane","1120-21-4",1,1,1,0,1,1,1,NA,4,0.00022,40.9,0.00000637,0.000451,"","","","",""
"119",119,119,"1,2,4,5-Tetramethylbenzene","95-93-2",0,1,1,0,NA,1,1,NA,1,24.6,24.6,0.000000268,0.0000205,"","","","",""
"120",120,120,"Dibenzothiophene","132-65-0",0,1,1,0,NA,1,1,NA,6,0.0154,118,0.0000000647,0.00000471,"","","","",""
"121",121,121,"Indene","95-13-6",0,1,1,0,NA,1,1,NA,10,5.07,70.1,0.00000108,0.000131,"","","","",""
"122",122,122,"Propylbenzene","103-65-1",1,1,1,0,1,1,1,NA,1,107,107,0.00000193,0.000137,"","","","",""
"123",123,123,"Cyclopentane","287-92-3",0,1,1,0,NA,1,1,NA,0,NA,NA,0.00000175,0.000133,"","","","",""
"124",124,124,"Isoprene (2-Methyl-1,3-butadiene)","78-79-5",0,1,1,0,NA,1,1,NA,0,NA,NA,0.00000477,0.000325,"","","","",""
"125",125,125,"Methylcyclopentane 3.269 wt. %","96-37-7",0,1,1,0,NA,1,1,NA,0,NA,NA,0.0000000574,0.00000332,"","","","",""
"126",126,126,"S,S,S-TRIBUTYL PHOSPHOROTRITHIOATE","78-48-8",1,1,1,0,1,1,1,NA,72,4.04,211,0.000000176,0.00000921,"1","0.141834593753804","0.249848538039216","0.139897772529991","0.248919129159117"
"127",127,127,"1,4-DICHLOROBENZENE","106-46-7",1,1,1,0,1,1,1,1,9,0.0108,18.3,0.00000288,0.000299,"","","","",""
"128",128,128,"PHORATE","298-02-2",1,1,1,0,1,1,1,1,25,0.000579,164,0.0000000123,0.00000174,"1","144.475788991367","776.508769473172","157.21972861699","878.689892256288"
"129",129,129,"DIBENZOFURAN","132-64-9",1,1,1,0,1,1,1,NA,4,0.00316,126,0.000000116,0.00000875,"1","21.761231716649","271.831865408795","23.6726473587723","259.370560977063"
"130",130,130,"CRESOL, ORTHO-","95-48-7",1,1,1,0,1,1,1,NA,5,0.245,123,0.0000388,0.00228,"1","0.638819874093649","1.9408120337324","0.651040251409632","2.1451927213293"
"131",131,131,"ETHOPROP","13194-48-4",1,1,1,0,1,1,1,NA,20,0.0101,88.9,0.0000000862,0.00000432,"1","0.669709560033442","3.25398531379462","0.719513889896191","2.79861485546469"
"132",132,132,"N-NITROSODIPHENYLAMINE","86-30-6",1,1,1,0,1,1,1,NA,18,0.004,90.1,0.000000167,0.0000143,"1","3.44045170942269","14.6805295040448","3.40564011578322","18.5098257223741"
"133",133,133,"DIMETHOATE","60-51-5",1,1,1,0,1,1,1,1,9,0.0129,13,0.000000994,0.0000755,"1","0.540891480110105","1.74349208448862","0.563457022471923","1.70906925259752"
"134",134,134,"BUTYLATE","2008-41-5",1,1,1,0,1,1,1,NA,5,1.08,32.7,0.0000000643,0.00000436,"1","2.7282426845871","42.1016287239465","2.67869558343198","35.6406913041581"
"135",135,135,"2,6-DINITROTOLUENE","606-20-2",1,1,1,0,1,1,1,NA,8,0.227,55.1,0.000000129,0.0000102,"1","0.576923108164013","2.29897566883965","0.582444537985445","2.12534735023028"
"136",136,136,"BIS(2-ETHYLHEXYL)ADIPATE","103-23-1",1,1,1,0,1,1,1,NA,3,0.151,53.8,0.000148,0.0103,"1","0.112566512598031","0.20145483734904","0.110968325764727","0.188484900299572"
"137",137,137,"CARBARYL","63-25-2",1,1,1,0,1,1,1,1,58,0.0734,121,0.0000000561,0.00000342,"1","0.277286388752827","0.635542669837496","0.27528658644658","0.69011796942279"
"138",138,138,"permethrin","52645-53-1",1,1,1,0,1,1,1,1,47,1.11,234,0.000002,0.000129,"1","255.495117750035","3156.76448861378","262.552134712831","2561.50869884831"
"139",139,139,"iprodione","36734-19-7",1,1,1,0,1,1,1,NA,35,0.0394,242,0.0000000164,0.00000184,"1","15.6460153469386","222.502048832556","13.903187943197","224.274043289727"
"140",140,140,"carbendazim","10605-21-7",1,1,1,0,1,1,1,NA,46,0.843,50.6,0.00000001,0.00000118,"1","0.353819820222716","1.03137363680335","0.341384271493296","0.916906833539442"
"141",141,141,"benomyl","17804-35-2",1,1,1,0,1,1,1,NA,44,3.16,52.5,0.000000111,0.00000625,"1","4.36321080032843","47.0836843904322","4.19075544928344","52.5442243277942"
"142",142,142,"prochloraz","67747-09-5",1,1,1,0,1,1,1,NA,139,0.0091,285,0.0000000216,0.00000226,"1","1.19804157245435","9.06468568662366","1.25274473159685","7.36499304435769"
"143",143,143,"vinclozolin","50471-44-8",1,1,1,0,1,1,1,NA,19,0.337,69.5,0.0000000819,0.00000494,"1","0.212989665922296","0.605362551882607","0.215479913589829","0.584169772760222"
"144",144,144,"fenitrothion","122-14-5",1,1,1,0,1,1,1,1,95,0.08,87.2,0.000000078,0.00000572,"1","17.6208934755613","254.809603250967","17.9678903802855","209.599693939356"
"145",145,145,"fenvalerate","51630-58-1",0,1,1,0,NA,1,1,NA,10,0.672,42.9,0.000000147,0.0000101,"1","3.52697660948324","38.1933242051891","3.24755065634756","49.2613270066215"
"146",146,146,"Ethoxyquin","91-53-2",1,1,1,0,1,1,1,NA,74,0.0393,164,0.000000183,0.0000293,"1","5.56477242530351","73.5443951938134","5.64894597158694","66.7198076741799"
"147",147,147,"Myclobutanil","88671-89-0",1,1,1,0,1,1,1,NA,48,0.01,104,0.0000000875,0.00000599,"1","0.792229710111958","3.95801683592231","0.798480398024022","3.50766842304577"
"148",148,148,"Tebuconazole","107534-96-3",1,1,1,0,1,1,1,NA,53,0.000237,164,0.0000000158,0.0000017,"1","1.80530837628994","7.47393543220035","1.74873390706711","7.0732794854775"
"149",149,149,"Rotenone","83-79-4",1,1,1,0,1,1,1,NA,124,0.0000975,57.7,0.0000000215,0.00000182,"1","1.40665219030536","7.82499048798263","1.35624773717199","8.224697367411"
"150",150,150,"Aldicarb","116-06-3",1,1,1,0,1,1,1,NA,17,0.0149,164,0.0000000125,0.000000961,"1","5.2448256840853","13.1271053130461","5.29155582489046","12.1120055386167"
"151",151,151,"Thiabendazole","148-79-8",1,1,1,0,1,1,1,NA,24,0.0135,130,0.0000000728,0.0000033,"1","16.8811003792961","41.4369868839319","17.6496478728608","38.202542640633"
"152",152,152,"2-Phenylphenol","90-43-7",1,1,1,0,1,1,1,1,36,0.171,83.9,0.0000129,0.000849,"1","71.4441967506867","173.579688086415","71.3125661599074","171.158449440343"
"153",153,153,"Reserpine","50-55-5",1,1,1,0,1,1,1,NA,112,1.11,128,0.0000000818,0.00000507,"1","161.174351611838","1593.03771749118","163.340939391466","1471.41956077962"
"154",154,154,"Linuron","330-55-2",1,1,1,0,1,1,1,NA,51,0.000202,70.7,0.0000000147,0.00000114,"1","0.452432962199602","1.69636848810952","0.433076141754722","1.49780123042906"
"155",155,155,"Fenarimol","60168-88-9",1,1,1,0,1,1,1,NA,114,0.01,343,0.000000126,0.00000585,"1","2.99292059389874","13.812762689759","3.00049145157094","14.3203290684389"
"156",156,156,"Bisphenol A","80-05-7",1,1,1,0,1,1,1,1,126,0.0499,253,0.0000211,0.002,"1","0.652564632442576","3.27087833338345","0.672378058905993","2.94644580013648"
"157",157,157,"Diethylstilbestrol (DES)","56-53-1",1,1,1,0,1,1,1,NA,189,0.0000743,128,0.000000163,0.0000148,"1","0.984523041807896","9.63306483675725","1.02122291288109","9.9946889877729"
"158",158,158,"Metalaxyl","57837-19-1",1,1,1,0,1,1,1,NA,14,0.201,81.8,0.000000101,0.00000603,"1","2.47529746298723","5.86747044784692","2.50666772964003","5.80223406506939"
"159",159,159,"Abamectin","71751-41-2",1,1,1,0,1,1,1,NA,187,0.116,122,0.0000000437,0.00000334,"1","0.334207918905141","1.61610491310545","0.353212812522307","1.68530971718176"
"160",160,160,"Pyriproxyfen","95737-68-1",1,1,1,0,1,1,1,NA,56,0.00131,86.8,0.0000000162,0.00000224,"1","0.878397505232214","11.3132523834125","0.894864647331218","14.0452544150569"
"161",161,161,"Propyzamide","23950-58-5",1,1,1,0,1,1,1,NA,33,0.00988,112,0.0000000159,0.00000199,"1","2.33774014180662","9.80878385268309","2.41016983976978","11.5729401566587"
"162",162,162,"Phosmet","732-11-6",1,1,1,0,1,1,1,1,28,0.463,88.2,0.0000000934,0.00000522,"1","0.862042560663596","4.45637530045208","0.838450143199592","3.85053911720973"
"163",163,163,"Pentachloronitrobenzene","82-68-8",1,1,1,0,1,1,1,1,63,0.292,96.2,0.000000114,0.00000591,"1","2.80130091965819","38.302590839685","2.82309687567311","33.2566465137409"
"164",164,164,"Norflurazon","27314-13-2",1,1,1,0,1,1,1,NA,38,0.094,32.5,0.000000108,0.00000653,"1","0.598273828684228","2.10370987003242","0.590013965692148","2.44358472506327"
"165",165,165,"MGK-264","113-48-4",1,1,1,0,1,1,1,NA,77,0.103,113,0.000000265,0.0000302,"1","407.0486150718","3251.54102873814","359.501955315586","2965.04552022786"
"166",166,166,"Malathion","121-75-5",1,1,1,0,1,1,1,1,70,0.0009,285,0.00000153,0.0000899,"1","2.19447109057192","32.064798877725","2.45465511306392","36.1060883813327"
"167",167,167,"Chlorthal-dimethyl","1861-32-1",1,1,1,0,1,1,1,NA,19,0.112,126,0.000000126,0.00000729,"1","0.713268053381893","4.28472580712575","0.668116917794","4.44301263741117"
"168",168,168,"Bifenthrin","82657-04-3",1,1,1,0,1,1,1,NA,45,0.01,67.2,0.0000000233,0.000002,"1","0.104312553780549","0.210422830702731","0.104355128415338","0.198232905923873"
"169",169,169,"6-Propyl-2-thiouracil","51-52-5",1,1,1,0,1,1,1,NA,9,0.27,27.7,0.000000122,0.00000827,"1","2.10185944651124","6.4547479728987","2.10723619796252","6.30575010012822"
"170",170,170,"INDENO(1,2,3-CD)PYRENE","193-39-5",0,0,0,0,NA,NA,NA,NA,0,NA,NA,NA,NA,"","","","",""
"171",171,171,"2,2',3,4,4',5,5'-Heptachlorobiphenyl","35065-29-3",0,0,0,1,NA,NA,NA,1,0,NA,NA,NA,NA,"","","","",""
"172",172,172,"2,2',3,4,4',5'-Hexachlorobiphenyl","35065-28-2",0,0,0,1,NA,NA,NA,1,0,NA,NA,NA,NA,"","","","",""
"173",173,173,"2,2',4,5,5'-Pentachlorobiphenyl","37680-73-2",0,0,0,1,NA,NA,NA,1,0,NA,NA,NA,NA,"","","","",""
"174",174,174,"2,2',5,5'-Tetrachlorobiphenyl","35693-99-3",0,0,0,1,NA,NA,NA,1,0,NA,NA,NA,NA,"","","","",""
"175",175,175,"3,3',4-Trichlorobiphenyl","37680-69-6",0,0,0,0,NA,NA,NA,NA,0,NA,NA,NA,NA,"","","","",""
"176",176,176,"2,4,4'-Trichlorobiphenyl","7012-37-5",0,0,0,1,NA,NA,NA,1,0,NA,NA,NA,NA,"","","","",""
"177",177,177,"2,3,3'-Trichlorobiphenyl","38444-84-7",0,0,0,0,NA,NA,NA,NA,0,NA,NA,NA,NA,"","","","",""
"178",178,178,"2,4'-Dichlorobiphenyl","34883-43-7",0,0,0,0,NA,NA,NA,NA,0,NA,NA,NA,NA,"","","","",""
"179",179,179,"Phenanthrene","85-01-08",0,0,0,0,NA,NA,NA,NA,0,NA,NA,NA,NA,"","","","",""
"180",180,180,"ORGANOSILICONE","67763-03-5",0,0,0,0,NA,NA,NA,NA,0,NA,NA,NA,NA,"","","","",""
"181",181,181,"OXITENO (EMULSIFYING AGENT)","25322-68-3",0,0,0,0,NA,NA,NA,NA,0,NA,NA,NA,NA,"","","","",""
"182",182,182,"PYRASOSULFURON ETHYL","93697-74-6",0,0,0,0,NA,NA,NA,NA,0,NA,NA,NA,NA,"","","","",""
"183",183,183,"TRIFLOXYSULFURON","145099-21-4",0,0,0,0,NA,NA,NA,NA,0,NA,NA,NA,NA,"","","","",""
"184",184,184,"GLYPHOSATE","1071-83-6",0,0,0,0,NA,NA,NA,NA,0,NA,NA,NA,NA,"","","","",""
"185",185,185,"INDAZIFLAM","950782-86-2",0,0,0,0,NA,NA,NA,NA,0,NA,NA,NA,NA,"","","","",""
"186",186,186,"Allylbenzene","300-57-2",0,0,0,0,NA,NA,NA,NA,0,NA,NA,NA,NA,"","","","",""
"187",187,187,"Cyclopentene","142-29-0",0,0,0,0,NA,NA,NA,NA,0,NA,NA,NA,NA,"","","","",""
"188",188,188,"cis-1,3-Pentadiene","1574-41-0",0,0,0,0,NA,NA,NA,NA,0,NA,NA,NA,NA,"","","","",""
"189",189,189,"Naphtha (petroleum), hydrotreated heavy","64742-48-9",0,0,0,0,NA,NA,NA,NA,0,NA,NA,NA,NA,"","","","",""
"190",190,190,"Naphthalene, methyl-","1321-94-4",0,0,0,0,NA,NA,NA,NA,0,NA,NA,NA,NA,"","","","",""
"191",191,191,"4,7-Methano-1H-indene, octahydro-","6004-38-2",0,0,0,0,NA,NA,NA,NA,0,NA,NA,NA,NA,"","","","",""
"192",192,192,"2-Methylbutane (Butane, 2-methyl-)","78-78-4",0,0,0,0,NA,NA,NA,NA,0,NA,NA,NA,NA,"","","","",""
"193",193,193,"cis,trans,cis-1,2,4-Trimethylcyclopentane 1.673 wt. %","16883-48-0",0,0,0,0,NA,NA,NA,NA,0,NA,NA,NA,NA,"","","","",""
"194",194,194,"cis,cis,cis-1,3,5-Trimethylcyclohexane 3.558 wt. %","1795-27-3",0,0,0,0,NA,NA,NA,NA,0,NA,NA,NA,NA,"","","","",""
"195",195,195,"cis,trans,trans-1,2,4-Trimethylcyclohexane 3.634 wt. %","1678-80-4",0,0,0,0,NA,NA,NA,NA,0,NA,NA,NA,NA,"","","","",""
"196",196,196,"cis,trans,cis-1,2,4-Trimethylcyclohexane 3.541 wt. %","7667-59-6",0,0,0,0,NA,NA,NA,NA,0,NA,NA,NA,NA,"","","","",""
"197",197,197,"1,1,4-Trimethylcyclohexane 3.68 wt. %","7094-27-1",0,0,0,0,NA,NA,NA,NA,0,NA,NA,NA,NA,"","","","",""
"198",198,198,"1,1,2-Trimethylcyclohexane 3.371 wt. %","7094-26-0",0,0,0,0,NA,NA,NA,NA,0,NA,NA,NA,NA,"","","","",""
"199",199,199,"Propylcyclopentane 3.677 wt. %","2040-96-2",0,0,0,0,NA,NA,NA,NA,0,NA,NA,NA,NA,"","","","",""
"200",200,200,"trans-1-Methyl-2-propylcyclohexane 3.289 wt. %","42806-77-9",0,0,0,0,NA,NA,NA,NA,0,NA,NA,NA,NA,"","","","",""
"201",201,201,"t-1-Methyl-2-(4MP)cyclopentane 3.795 wt. %","66553-50-2",0,0,0,0,NA,NA,NA,NA,0,NA,NA,NA,NA,"","","","",""
"202",202,202,"Methylcyclohexane 5.711 wt. %","108-87-2",0,0,0,0,NA,NA,NA,NA,0,NA,NA,NA,NA,"","","","",""
"203",203,203,"Isopropylcyclopentane 3.511 wt. %","3875-51-2",0,0,0,0,NA,NA,NA,NA,0,NA,NA,NA,NA,"","","","",""
"204",204,204,"Isopropylcyclohexane 5.77 wt. %","696-29-7",0,0,0,0,NA,NA,NA,NA,0,NA,NA,NA,NA,"","","","",""
"205",205,205,"Isobutylcyclopentane 3.727 wt. %","3788-32-7",0,0,0,0,NA,NA,NA,NA,0,NA,NA,NA,NA,"","","","",""
"206",206,206,"Isobutylcyclohexane 5.639 wt. %","1678-98-4",0,0,0,0,NA,NA,NA,NA,0,NA,NA,NA,NA,"","","","",""
"207",207,207,"1-Ethyl-1-methylcyclopentane 1.076 wt. %","16747-50-5",0,0,0,0,NA,NA,NA,NA,0,NA,NA,NA,NA,"","","","",""
"208",208,208,"Ethylcyclopentane 3.575 wt. %","1640-89-7",0,0,0,0,NA,NA,NA,NA,0,NA,NA,NA,NA,"","","","",""
"209",209,209,"trans-1,3-Dimethylcyclopentane 2.749 wt. %","1759-58-6",0,0,0,0,NA,NA,NA,NA,0,NA,NA,NA,NA,"","","","",""
"210",210,210,"cis-1,3-Dimethylcyclopentane .604 wt. %","2532-58-3",0,0,0,0,NA,NA,NA,NA,0,NA,NA,NA,NA,"","","","",""
"211",211,211,"trans-1,2-Dimethylcyclopentane 1.468 wt. %","822-50-4",0,0,0,0,NA,NA,NA,NA,0,NA,NA,NA,NA,"","","","",""
"212",212,212,"1,1-Dimethylcyclopentane 3.483 wt. %","1638-26-2",0,0,0,0,NA,NA,NA,NA,0,NA,NA,NA,NA,"","","","",""
"213",213,213,"trans-1,4-Dimethylcyclohexane 3.557 wt. %","2207-04-7",0,0,0,0,NA,NA,NA,NA,0,NA,NA,NA,NA,"","","","",""
"214",214,214,"trans-1,2-Dimethylcyclohexane 1.669 wt. %","6876-23-9",0,0,0,0,NA,NA,NA,NA,0,NA,NA,NA,NA,"","","","",""
"215",215,215,"cis-1,2-Dimethylcyclohexane 3.725 wt. %","2207-01-4",0,0,0,0,NA,NA,NA,NA,0,NA,NA,NA,NA,"","","","",""
"216",216,216,"n-Butylcyclopentane 3.724 wt. %","2040-95-1",0,0,0,0,NA,NA,NA,NA,0,NA,NA,NA,NA,"","","","",""
"217",217,217,"Dibenz[a,j]acridine","224-42-0",0,0,0,0,NA,NA,NA,NA,0,NA,NA,NA,NA,"","","","",""
"218",218,218,"Benzo[j]fluoranthene","205-82-3",0,0,0,0,NA,NA,NA,NA,0,NA,NA,NA,NA,"","","","",""
"219",219,219,"Dibenz[a,h]acridine","226-36-8",0,0,0,0,NA,NA,NA,NA,0,NA,NA,NA,NA,"","","","",""
"220",220,220,"Dibenzo[a,h]pyrene","192-51-8",0,0,0,0,NA,NA,NA,NA,0,NA,NA,NA,NA,"","","","",""
"221",221,221,"Dibenzo[a,e]pyrene","192-65-4",0,0,0,0,NA,NA,NA,NA,0,NA,NA,NA,NA,"","","","",""
"222",222,222,"CHLOROFORM","67-66-3",0,1,1,0,NA,1,1,1,0,NA,NA,0.0000035,0.000289,"","","","",""
"223",223,223,"TRICHLOROETHYLENE","79-01-6",0,1,1,0,NA,1,1,1,0,NA,NA,0.00000727,0.00054,"","","","",""
"224",224,224,"HEXACHLOROBUTADIENE","87-68-3",0,1,1,0,NA,1,1,NA,17,19.7,164,0.0000041,0.000293,"","","","",""
"225",225,225,"DDE, P,P'-","72-55-9",1,1,1,0,1,1,1,1,109,3.14,104,0.0000000984,0.00000729,"","","","",""
"226",226,226,"CHLORDANE","57-74-9",1,1,1,0,1,1,1,NA,162,1.33,140,0.000000153,0.00000893,"","","","",""
"227",227,227,"ACROLEIN","107-02-8",0,1,1,0,NA,1,1,1,0,NA,NA,0.000000128,0.0000113,"","","","",""
"228",228,228,"TOXAPHENE","8001-35-2",0,1,1,0,NA,1,1,NA,0,NA,NA,0.000000148,0.00000732,"","","","",""
"229",229,229,"TETRACHLOROETHYLENE","127-18-4",0,1,1,0,NA,1,1,1,0,NA,NA,0.00000459,0.000436,"","","","",""
"230",230,230,"1,2-DIBROMOETHANE","106-93-4",0,1,1,0,NA,1,1,NA,4,25.5,56.6,0.0000000282,0.00000287,"","","","",""
"231",231,231,"1,2-DIBROMO-3-CHLOROPROPANE","96-12-8",0,1,1,0,NA,1,1,1,0,NA,NA,0.0000000702,0.00000364,"","","","",""
"232",232,232,"CARBON TETRACHLORIDE","56-23-5",0,1,1,0,NA,1,1,1,0,NA,NA,0.00000497,0.000458,"","","","",""
"233",233,233,"AROCLOR 1016","12674-11-2",0,1,1,0,NA,1,1,NA,0,NA,NA,0.0000000252,0.00000283,"","","","",""
"234",234,234,"3,3'-DICHLOROBENZIDINE","91-94-1",0,1,1,0,NA,1,1,NA,0,NA,NA,0.00000286,0.00018,"","","","",""
"235",235,235,"PENTACHLOROBENZENE","608-93-5",0,1,1,0,NA,1,1,NA,0,NA,NA,0.0000000154,0.00000156,"","","","",""
"236",236,236,"1,1-DICHLOROETHENE","75-35-4",0,1,1,0,NA,1,1,1,0,NA,NA,0.0000000806,0.00000984,"","","","",""
"237",237,237,"BIS(2-CHLOROETHYL) ETHER","111-44-4",1,1,1,0,1,1,1,NA,7,0.592,40.9,0.000000282,0.0000246,"","","","",""
"238",238,238,"METHYLENE CHLORIDE","75-09-2",0,1,1,0,NA,1,1,1,0,NA,NA,0.00000202,0.00023,"","","","",""
"239",239,239,"4,4'-METHYLENEBIS(2-CHLOROANILINE)","101-14-4",0,1,1,0,NA,1,1,NA,0,NA,NA,0.00000462,0.000325,"","","","",""
"240",240,240,"1,2-DICHLOROETHANE","107-06-2",0,1,1,0,NA,1,1,1,0,NA,NA,0.0000049,0.000784,"","","","",""
"241",241,241,"HEXACHLOROCYCLOHEXANE, ALPHA-","319-84-6",0,1,1,0,NA,1,1,NA,0,NA,NA,0.000000102,0.00000502,"","","","",""
"242",242,242,"1,1,1-TRICHLOROETHANE","71-55-6",0,1,1,0,NA,1,1,1,0,NA,NA,0.0000783,0.00533,"","","","",""
"243",243,243,"N-NITROSODI-N-PROPYLAMINE","621-64-7",1,1,1,0,1,1,1,NA,7,0.00153,48.9,0.000000455,0.0000407,"","","","",""
"244",244,244,"CHLOROBENZENE","108-90-7",0,1,1,0,NA,1,1,1,0,NA,NA,0.0000423,0.00207,"","","","",""
"245",245,245,"CHLORDECONE","143-50-0",1,1,1,0,1,1,1,NA,178,0.0832,221,0.000000194,0.0000118,"","","","",""
"246",246,246,"1,1,2,2-TETRACHLOROETHANE","79-34-5",0,1,1,0,NA,1,1,1,0,NA,NA,0.0000368,0.00267,"","","","",""
"247",247,247,"1,1-DICHLOROETHANE","75-34-3",0,1,1,0,NA,1,1,1,0,NA,NA,0.000000012,0.00000155,"","","","",""
"248",248,248,"NALED","300-76-5",1,1,1,0,1,1,1,1,118,0.00134,83.1,0.000000122,0.00000773,"","","","",""
"249",249,249,"1,1,2-TRICHLOROETHANE","79-00-5",0,1,1,0,NA,1,1,1,0,NA,NA,0.00000011,0.0000102,"","","","",""
"250",250,250,"HEXACHLOROCYCLOPENTADIENE","77-47-4",1,1,1,0,1,1,1,NA,125,0.000061,63.6,0.000000141,0.0000232,"","","","",""
"251",251,251,"1,2-DIPHENYLHYDRAZINE","122-66-7",1,1,1,0,1,1,1,NA,21,0.819,118,0.000000149,0.0000101,"","","","",""
"252",252,252,"1,2-DICHLOROBENZENE","95-50-1",1,1,1,0,1,1,1,1,6,0.0102,50.2,0.00000254,0.000148,"","","","",""
"253",253,253,"1,2-DICHLOROETHENE, TRANS-","156-60-5",0,1,1,0,NA,1,1,1,1,42.8,42.8,0.0000000276,0.00000377,"","","","",""
"254",254,254,"CARBON DISULFIDE","75-15-0",0,1,1,0,NA,1,1,1,0,NA,NA,0.00000243,0.000185,"","","","",""
"255",255,255,"2,4-DIMETHYLPHENOL","105-67-9",1,1,1,0,1,1,1,NA,19,0.114,104,0.0000000195,0.00000185,"","","","",""
"256",256,256,"ACETONE","67-64-1",0,1,1,0,NA,1,1,NA,0,NA,NA,0.0000472,0.00457,"","","","",""
"257",257,257,"HEXACHLOROETHANE","67-72-1",0,1,1,0,NA,1,1,1,0,NA,NA,0.0000000696,0.00000797,"","","","",""
"258",258,258,"BUTYL BENZYL PHTHALATE","85-68-7",1,1,1,0,1,1,1,1,44,2.31,119,0.000115,0.00687,"","","","",""
"259",259,259,"DICHLORVOS","62-73-7",1,1,1,0,1,1,1,1,50,4.97,98.9,0.0000000137,0.00000138,"","","","",""
"260",260,260,"N-NITROSODIMETHYLAMINE","62-75-9",1,1,1,0,1,1,1,NA,3,0.0289,76.9,0.000000301,0.0000202,"","","","",""
"261",261,261,"1,2,4-TRICHLOROBENZENE","120-82-1",1,1,1,0,1,1,1,1,1,0.748,0.748,0.0000000271,0.00000286,"","","","",""
"262",262,262,"BROMOFORM","75-25-2",0,1,1,0,NA,1,1,1,0,NA,NA,0.000000193,0.000011,"","","","",""
"263",263,263,"1,3-DICHLOROBENZENE","541-73-1",1,1,1,0,1,1,1,1,3,0.0671,3.43,0.00000196,0.000132,"","","","",""
"264",264,264,"2,4-DICHLOROPHENOL","120-83-2",1,1,1,0,1,1,1,1,14,0.152,121,0.000000499,0.0000456,"","","","",""
"265",265,265,"1,4-DIOXANE","123-91-1",0,1,1,0,NA,1,1,NA,0,NA,NA,0.0000011,0.0000684,"","","","",""
"266",266,266,"2-BUTANONE","78-93-3",0,1,1,0,NA,1,1,NA,0,NA,NA,0.000044,0.00328,"","","","",""
"267",267,267,"1,2-DICHLOROETHYLENE","540-59-0",0,1,1,0,NA,1,1,NA,0,NA,NA,0.000000318,0.0000328,"","","","",""
"268",268,268,"4-AMINOBIPHENYL","92-67-1",0,1,1,0,NA,1,1,NA,0,NA,NA,0.00000173,0.000126,"","","","",""
"269",269,269,"BIS(CHLOROMETHYL) ETHER","542-88-1",0,1,1,0,NA,1,1,NA,0,NA,NA,0.0000000115,0.00000166,"","","","",""
"270",270,270,"DIBROMOCHLOROMETHANE","124-48-1",0,1,1,0,NA,1,1,1,0,NA,NA,0.0000000203,0.00000373,"","","","",""
"271",271,271,"CRESOLS","1319-77-3",0,1,1,0,NA,1,1,NA,0,NA,NA,0.000033,0.00168,"","","","",""
"272",272,272,"2-CHLOROPHENOL","95-57-8",1,1,1,0,1,1,1,NA,2,0.733,64.3,0.0000000833,0.00000679,"","","","",""
"273",273,273,"DIMETHYL FORMAMIDE","68-12-2",1,1,1,0,1,1,1,1,2,0.685,2.56,0.00000245,0.000184,"","","","",""
"274",274,274,"DIMETHYLANILINE","121-69-7",1,1,1,0,1,1,1,NA,1,10.9,10.9,0.0000000144,0.00000117,"","","","",""
"275",275,275,"PENTAERYTHRITOL TETRANITRATE","78-11-5",0,1,1,0,NA,1,1,NA,4,2.08,93.9,0.0000000985,0.00000988,"","","","",""
"276",276,276,"ACRYLONITRILE","107-13-1",0,1,1,0,NA,1,1,1,5,1.12,114,0.00000282,0.000275,"","","","",""
"277",277,277,"1,2-DICHLOROETHENE, CIS-","156-59-2",0,1,1,0,NA,1,1,1,0,NA,NA,0.000000081,0.00000596,"","","","",""
"278",278,278,"CARBAZOLE","86-74-8",0,1,1,0,NA,1,1,NA,0,NA,NA,0.000000161,0.0000136,"","","","",""
"279",279,279,"1,2,3-TRICHLOROPROPANE","96-18-4",1,1,1,0,1,1,1,NA,1,46,46,0.0000000133,0.00000134,"","","","",""
"280",280,280,"METHYL ISOBUTYL KETONE","108-10-1",0,1,1,0,NA,1,1,NA,0,NA,NA,0.0000541,0.00392,"","","","",""
"281",281,281,"b-cypermethrin","52315-07-8",1,1,1,0,1,1,1,1,54,0.123,64.5,0.00000162,0.00014,"","","","",""
"282",282,282,"b-cyfluthrin","68359-37-5",1,1,1,0,1,1,1,1,43,0.0927,253,0.0000019,0.0000988,"","","","",""
"283",283,283,"methomyl","16752-77-5",1,1,1,0,1,1,1,NA,5,0.283,39,0.0000000576,0.00000355,"","","","",""
"284",284,284,"propiconazole","60207-90-1",1,1,1,0,1,1,1,NA,81,0.0943,113,0.0000000163,0.00000152,"","","","",""
"285",285,285,"deltamethrin","52918-63-5",0,1,1,0,NA,1,1,1,14,0.175,73.7,0.00000212,0.000121,"","","","",""
"286",286,286,"Azobenzene","103-33-3",1,1,1,0,1,1,1,NA,10,1.95,130,0.0000000571,0.00000367,"","","","",""
"287",287,287,"Tris(2-chloroethyl) phosphate","115-96-8",1,1,1,0,1,1,1,NA,2,45,63.2,0.00000696,0.000436,"","","","",""
"288",288,288,"Acrylamide","79-06-1",1,1,1,0,1,1,1,1,19,0.0491,164,0.0000000262,0.00000414,"","","","",""
"289",289,289,"2-Methyoxyethanol","109-86-4",1,1,1,0,1,1,1,NA,5,0.01,47.9,0.000000973,0.0000766,"","","","",""
"290",290,290,"Captan","133-06-2",1,1,1,0,1,1,1,NA,133,0.0407,138,0.000000109,0.00000783,"","","","",""
"291",291,291,"Benzoic acid","65-85-0",1,1,1,0,1,1,1,NA,1,33.6,33.6,0.0000553,0.00387,"","","","",""
"292",292,292,"Adipic acid","124-04-9",1,1,1,0,1,1,1,NA,1,12.4,12.4,0.000117,0.0113,"","","","",""
"293",293,293,"Bis(tributyltin)oxide","56-35-9",0,1,1,0,NA,1,1,NA,0,NA,NA,0.0000000574,0.00000451,"","","","",""
"294",294,294,"Hexachlorophene","70-30-4",0,1,1,0,NA,1,1,NA,0,NA,NA,0.0000000185,0.00000253,"","","","",""
"295",295,295,"17beta-Estradiol","50-28-2",1,1,1,0,1,1,1,NA,94,0.0000312,70.6,0.000000032,0.00000223,"","","","",""
"296",296,296,"Isophorone","78-59-1",1,1,1,0,1,1,1,NA,3,11,48.7,0.0000459,0.00286,"","","","",""
"297",297,297,"Propargite","2312-35-8",1,1,1,0,1,1,1,NA,148,0.0573,117,0.000000139,0.00000703,"","","","",""
"298",298,298,"Ethylene thiourea","96-45-7",1,1,1,0,1,1,1,1,9,0.000273,32.8,0.00000000865,0.000000825,"","","","",""
"299",299,299,"Chlorothalonil","1897-45-6",1,1,1,0,1,1,1,NA,177,0.01,120,0.000000218,0.0000282,"","","","",""
"300",300,300,"Ammonium perchlorate","7790-98-9",0,1,1,0,NA,1,1,NA,0,NA,NA,0.0000000655,0.00000544,"","","","",""
"301",301,301,"HYDRAZINE","302-01-2",0,0,1,0,NA,NA,1,NA,0,NA,NA,0.00000101,0.0000535,"","","","",""
"302",302,302,"RDX (Cyclonite)","121-82-4",0,0,1,0,NA,NA,1,NA,0,NA,NA,0.0000000672,0.00000675,"","","","",""
"303",303,303,"NITRATE","14797-55-8",0,0,1,0,NA,NA,1,1,0,NA,NA,0.00000000658,0.000000761,"","","","",""
"304",304,304,"FORMALDEHYDE","50-00-0",0,0,1,0,NA,NA,1,NA,0,NA,NA,0.00000132,0.000155,"","","","",""
"305",305,305,"ARSINE","7784-42-1",0,0,1,0,NA,NA,1,1,0,NA,NA,0.0000000146,0.00000144,"","","","",""
"306",306,306,"AROCLOR 1260","11096-82-5",0,1,1,0,NA,1,1,NA,0,NA,NA,0.00000283,0.000226,"","","","",""
"307",307,307,"ENDOSULFAN, ALPHA","959-98-8",0,1,1,0,NA,1,1,NA,34,1.38,129,0.000000139,0.00000756,"","","","",""
"308",308,308,"ENDOSULFAN SULFATE","1031-07-8",0,1,1,0,NA,1,1,NA,38,0.0608,164,0.000000134,0.00000643,"","","","",""
"309",309,309,"DDD, O,P'-","53-19-0",0,1,1,0,NA,1,1,NA,61,0.962,164,0.0000000991,0.00000641,"","","","",""
"310",310,310,"P-XYLENE","106-42-3",0,1,1,0,NA,1,1,1,0,NA,NA,0.0000921,0.00496,"","","","",""
"311",311,311,"ARSENIC TRIOXIDE","1327-53-3",0,1,1,0,NA,1,1,NA,0,NA,NA,0.0000000897,0.00000973,"","","","",""
"312",312,312,"STROBANE","8001-50-1",0,1,1,0,NA,1,1,NA,0,NA,NA,0.000000135,0.00000653,"","","","",""
"313",313,313,"CARBOPHENOTHION","786-19-6",0,1,1,0,NA,1,1,NA,0,NA,NA,0.000000117,0.00000509,"","","","",""
"314",314,314,"4-NITROPHENOL","100-02-7",1,1,1,0,1,1,1,1,6,0.102,83.5,0.000000121,0.00000947,"","","","",""
"315",315,315,"2-CHLOROANILINE","95-51-2",0,1,1,0,NA,1,1,NA,0,NA,NA,0.000000105,0.00000695,"","","","",""
"316",316,316,"tetramethrin","7696-12-0",1,1,1,0,1,1,1,NA,95,4.68,118,0.0000000166,0.00000149,"1","1.37129013344515","22.0210332387549","1.47798554756921","16.4015408919303"
"317",317,317,"ICI 182,780","129453-61-8",1,1,1,0,1,1,1,NA,37,0.000984,20.9,0.000000401,0.0000188,"","","","",""
"318",318,318,"norethindrone","68-22-4",1,1,1,0,1,1,1,NA,70,0.00003,40.9,0.000000208,0.000015,"","","","",""
"319",319,319,"levonorgestrel","797-63-7",1,1,1,0,1,1,1,NA,34,0.0002,112,0.0000000355,0.00000415,"","","","",""
"320",320,320,"17b-trenbolone","10161-33-8",1,1,1,0,1,1,1,NA,101,0.00001,151,0.000000167,0.0000168,"","","","",""
"321",321,321,"4-androstenedione","63-05-8",1,1,1,0,1,1,1,NA,40,0.000838,86.6,0.00000022,0.000015,"1","0.348424951523986","1.29585210609098","0.361369734705724","1.31209023820531"
"322",322,322,"cyproterone acetate","427-51-0",1,1,1,0,1,1,1,NA,67,0.000375,164,0.0000000397,0.00000613,"","","","",""
"323",323,323,"nilutamide","63612-50-0",1,1,1,0,1,1,1,NA,26,0.00626,81.2,0.000000226,0.0000176,"","","","",""
"324",324,324,"mifepristone","84371-65-3",1,1,1,0,1,1,1,NA,132,0.000208,79.7,0.000000293,0.0000316,"","","","",""
"325",325,325,"resveratrol","501-36-0",0,1,1,0,NA,1,1,NA,0,NA,NA,0.000000178,0.00000977,"","","","",""
"326",326,326,"finasteride","98319-26-7",0,1,1,0,NA,1,1,NA,11,1.38,285,0.000000042,0.00000426,"","","","",""
"327",327,327,"norethynodrel","68-23-5",0,1,1,0,NA,1,1,NA,0,NA,NA,0.000000178,0.0000103,"","","","",""
"328",328,328,"medroxyprogesterone acetate","71-58-9",0,1,1,0,NA,1,1,NA,0,NA,NA,0.0000000486,0.00000445,"","","","",""
"329",329,329,"19-nortestosterone","434-22-0",0,1,1,0,NA,1,1,NA,0,NA,NA,0.000000176,0.0000133,"","","","",""
"330",330,330,"fluoxymestrone","76-43-7",0,1,1,0,NA,1,1,NA,0,NA,NA,0.000000243,0.0000166,"","","","",""
"331",331,331,"norethindrone acetate","51-98-9",0,1,1,0,NA,1,1,NA,0,NA,NA,0.0000000373,0.00000649,"","","","",""
"332",332,332,"testosterone","58-22-0",0,1,1,0,NA,1,1,NA,0,NA,NA,0.0000000314,0.00000299,"","","","",""
"333",333,333,"zearalenone","17924-92-4",0,1,1,0,NA,1,1,NA,50,0.000149,164,0.000000217,0.0000101,"","","","",""
"334",334,334,"bicalutamide","90357-06-5",0,1,1,0,NA,1,1,NA,27,0.0384,164,0.000000327,0.000022,"","","","",""
"335",335,335,"6-Thioguanine (6-TG)","154-42-7",1,1,1,0,1,1,1,NA,53,0.279,103,0.000000128,0.00000715,"","","","",""
"336",336,336,"Pyrimethamine","58-14-0",1,1,1,0,1,1,1,NA,75,0.0643,229,0.000000158,0.0000124,"1","2.90440384177153","10.6060823574594","2.92596435940778","11.3555575063759"
"337",337,337,"2-Octyl-3-isothiazolone","26530-20-1",1,1,1,0,1,1,1,NA,186,0.0543,93.7,0.000000862,0.0000558,"1","3.64374680335894","18.8967595287644","3.54010861992573","19.3902906679655"
"338",338,338,"8-Hydroxyquinoline","148-24-3",1,1,1,0,1,1,1,NA,84,0.0162,251,0.000000107,0.00000909,"1","0.550943636552058","2.20701779998573","0.573626758511572","1.69276723829889"
"339",339,339,"Dazomet","533-74-4",1,1,1,0,1,1,1,NA,99,0.942,81.8,0.000000149,0.0000132,"1","0.451433624064075","1.10767402100376","0.432921490212883","1.1717768640849"
"340",340,340,"Hexamethyl-p-rosaniline chloride","548-62-9",1,1,1,0,1,1,1,NA,257,0.01,253,0.0000000627,0.00000502,"1","7.01852097050721","47.3959746441918","6.92023404299433","49.1514024886929"
"341",341,341,"Thalidomide","50-35-1",1,1,1,0,1,1,1,NA,3,0.578,106,0.000000153,0.0000114,"","","","",""
"342",342,342,"Tetraethylthiuram disulfide","97-77-8",1,1,1,0,1,1,1,NA,176,0.000614,164,0.0000000921,0.0000121,"","","","",""
"343",343,343,"Saccharin Sodium Salt hydrate","82385-42-0",1,1,1,0,1,1,1,NA,3,2.31,52.6,0.00000112,0.000116,"","","","",""
"344",344,344,"Hydroxyurea","127-07-1",1,1,1,0,1,1,1,NA,2,19.7,21.7,0.0000000592,0.00000405,"","","","",""
"345",345,345,"Carbamic acid","55406-53-6",1,1,1,0,1,1,1,NA,152,0.0203,253,0.0000203,0.00205,"","","","",""
"346",346,346,"3,3’,5,5’-Tetrabromobisphenol A","79-94-7",1,1,1,0,1,1,1,NA,162,0.000525,221,0.0000357,0.00339,"","","","",""
"347",347,347,"Acetylsalicylic acid","50-78-2",1,1,1,0,1,1,1,NA,25,0.0139,164,0.0000000204,0.00000167,"","","","",""
"348",348,348,"Triphenyl phosphate","115-86-6",1,1,1,0,1,1,1,NA,103,0.000609,86,0.0000984,0.00931,"1","2.21910498778697","30.514017046045","2.37089442677417","28.0251794051872"
"349",349,349,"5-Fluorouracil","51-21-8",1,1,1,0,1,1,1,NA,36,0.0438,57.2,0.0000000809,0.00000664,"","","","",""
"350",350,350,"Colchicine","64-86-8",1,1,1,0,1,1,1,NA,58,0.00189,28.1,0.0000023,0.000221,"1","1.32127106341361","3.42754547839966","1.38322495447942","3.42416687725199"
"351",351,351,"Acetaminophen","103-90-2",1,1,1,0,1,1,1,NA,7,0.01,85.4,0.0000000105,0.0000013,"1","4.1119083437122","9.2662250475987","4.08048381816206","9.51777616859402"
"352",352,352,"Sucrose","57-50-1",1,1,1,0,1,1,1,NA,1,72.3,72.3,0.000000989,0.0000838,"","","","",""
"353",353,353,"Propyl gallate","121-79-9",1,1,1,0,1,1,1,NA,56,0.0519,95.7,0.000000256,0.0000284,"","","","",""
"354",354,354,"Maltol","118-71-8",1,1,1,0,1,1,1,NA,5,0.87,49.1,0.0000135,0.000813,"","","","",""
"355",355,355,"Citric acid","77-92-9",1,1,1,0,1,1,1,NA,3,0.904,7.52,0.0000711,0.00428,"","","","",""
"356",356,356,"Methylparaben","99-76-3",1,1,1,0,1,1,1,1,13,0.015,71.1,0.0000198,0.00109,"1","0.561966955612869","1.68559857287466","0.546843409874608","1.81441825385888"
"357",357,357,"tert-Butylhydro-quinone (TBHQ)","1948-33-0",1,1,1,0,1,1,1,NA,115,0.774,164,0.000000442,0.0000503,"","","","",""
"358",358,358,"Hexylresorcinol","136-77-6",1,1,1,0,1,1,1,NA,164,0.768,632,0.000000131,0.0000106,"","","","",""
"359",359,359,"chlorpromazine Hydrochloride","69-09-0",1,1,1,0,1,1,1,NA,185,0.00292,164,0.0000000404,0.00000419,"","","","",""
"360",360,360,"2-Amino-4-chlorophenol","95-85-2",0,1,1,0,NA,1,1,NA,0,NA,NA,0.000000109,0.00000984,"","","","",""
"361",361,361,"p-Quinone","106-51-4",0,1,1,0,NA,1,1,NA,0,NA,NA,0.0000000218,0.00000228,"","","","",""
"362",362,362,"Triamterene","396-01-0",0,1,1,0,NA,1,1,NA,0,NA,NA,0.0000000275,0.0000038,"","","","",""
"363",363,363,"1-Methyl-Alpha-Ionone","7779-30-8",0,1,1,0,NA,1,1,NA,0,NA,NA,0.0000000392,0.00000353,"","","","",""
"364",364,364,"Alizarin Yellow R (Mordant Orange 1)","2243-76-7",0,1,1,0,NA,1,1,NA,0,NA,NA,0.000000183,0.000017,"","","","",""
"365",365,365,"Titanocene dichloride","1271-19-8",0,1,1,0,NA,1,1,NA,0,NA,NA,0.000000181,0.0000124,"","","","",""
"366",366,366,"Retinal","116-31-4",0,1,1,0,NA,1,1,NA,0,NA,NA,0.000000207,0.0000125,"","","","",""
"367",367,367,"3,4-Dichlorophenyl isocyanate","102-36-3",0,1,1,0,NA,1,1,NA,0,NA,NA,0.000000131,0.0000136,"","","","",""
"368",368,368,"verapamil hydrochloride","152-11-4",0,1,1,0,NA,1,1,NA,0,NA,NA,0.0000000551,0.00000603,"","","","",""
"369",369,369,"Nifedipine","21829-25-4",0,1,1,0,NA,1,1,NA,0,NA,NA,0.0000000348,0.0000037,"1","1.59259916668331","7.63232922986615","1.52222723977159","7.59255760053518"
"370",370,370,"amitriptyline hydrochloride","549-18-8",0,1,1,0,NA,1,1,NA,0,NA,NA,0.0000000397,0.00000282,"","","","",""
"371",371,371,"Tricresyl phosphate","1330-78-5",0,1,1,0,NA,1,1,NA,13,0.53,69,0.000000108,0.0000108,"","","","",""
"372",372,372,"tert-Butylphenyl diphenyl phosphate","56803-37-3",0,1,1,0,NA,1,1,NA,0,NA,NA,0.0000000716,0.00000641,"","","","",""
"373",373,373,"Phenol, isopropylated, phosphate (3:1)","68937-41-7",0,1,1,0,NA,1,1,NA,0,NA,NA,0.00000183,0.00026,"","","","",""
"374",374,374,"Manganese, tricarbonyl","12108-13-3",0,1,1,0,NA,1,1,NA,1,4.91,4.91,0.0000000623,0.00000713,"","","","",""
"375",375,375,"Isodecyl diphenyl phosphate","29761-21-5",0,1,1,0,NA,1,1,NA,0,NA,NA,0.000000711,0.0000557,"","","","",""
"376",376,376,"Dibenz[a,c]anthracene","215-58-7",0,1,1,0,NA,1,1,NA,0,NA,NA,0.000000161,0.0000144,"","","","",""
"377",377,377,"Benzo(e)pyrene","192-97-2",0,1,1,0,NA,1,1,NA,0,NA,NA,0.0000000274,0.00000358,"","","","",""
"378",378,378,"Acetic acid, manganese(2+) salt","638-38-0",0,1,1,0,NA,1,1,NA,0,NA,NA,0.0000000545,0.00000562,"","","","",""
"379",379,379,"3,3'-Iminodipropionitrile","111-94-4",0,1,1,0,NA,1,1,NA,0,NA,NA,0.0000001,0.00000716,"","","","",""
"380",380,380,"2- ethylhexyl diphenyl phosphate","1241-94-7",0,1,1,0,NA,1,1,NA,47,0.279,164,0.0000678,0.00436,"","","","",""
"381",381,381,"Valproic acid sodium salt","1069-66-5",0,1,1,0,NA,1,1,NA,0,NA,NA,0.000000019,0.00000197,"","","","",""
"382",382,382,"Methyl mercuric (II) chloride","115-09-3",0,1,1,0,NA,1,1,NA,0,NA,NA,0.0000000109,0.000000946,"","","","",""
"383",383,383,"mexiletine hydrochloride","5370-01-4",0,1,1,0,NA,1,1,NA,0,NA,NA,0.000000148,0.0000119,"","","","",""
"384",384,384,"Lignocaine (Lidocaine)","137-58-6",0,1,1,0,NA,1,1,NA,0,NA,NA,0.0000000311,0.00000325,"1","1.16795412318682","3.91352233213716","1.16592714309173","3.82038361327836"
"385",385,385,"diltiazem","42399-41-7",0,1,1,0,NA,1,1,NA,0,NA,NA,0.000000324,0.0000222,"1","0.624967034146698","2.45495938469062","0.599403604604464","2.51602625776518"
"386",386,386,"nitrendipine","39562-70-4",0,1,1,0,NA,1,1,NA,0,NA,NA,0.000000223,0.0000138,"1","4.63161582863068","27.3779202347257","4.83064087284156","25.8039442185814"
"387",387,387,"loratadine","79794-75-5",0,1,1,0,NA,1,1,NA,0,NA,NA,0.000000259,0.0000201,"","","","",""
"388",388,388,"Xylitol","87-99-0",0,1,1,0,NA,1,1,NA,0,NA,NA,0.0000000165,0.00000144,"","","","",""
"389",389,389,"Lisinopril","83915-83-7",0,1,1,0,NA,1,1,NA,0,NA,NA,0.000000275,0.0000307,"","","","",""
"390",390,390,"Glucono-δ-lactone","90-80-2",0,1,1,0,NA,1,1,NA,0,NA,NA,0.00000016,0.0000188,"","","","",""
"391",391,391,"Atenolol","29122-68-7",0,1,1,0,NA,1,1,NA,3,3.58,71.4,0.000000188,0.000021,"1","1.32225600578946","3.14779251895513","1.39817052709036","3.29362704095825"
"392",392,392,"Aspartame","22839-47-0",0,1,1,0,NA,1,1,NA,4,0.0379,66.6,0.0000000336,0.00000404,"","","","",""
"393",393,393,"D-Glucitol","50-70-4",0,1,1,0,NA,1,1,NA,0,NA,NA,0.0000619,0.00401,"","","","",""
"394",394,394,"Biotin","58-85-5",0,1,1,0,NA,1,1,NA,0,NA,NA,0.0000002,0.0000213,"","","","",""
"395",395,395,"Ascorbic acid","50-81-7",0,1,1,0,NA,1,1,NA,3,43.4,82.4,0.0000205,0.00123,"","","","",""
"396",396,396,"ranolazine","95635-55-5",0,1,1,0,NA,1,1,NA,0,NA,NA,0.000000292,0.0000237,"","","","",""
"397",397,397,"Terfenadine","50679-08-8",0,1,1,0,NA,1,1,NA,0,NA,NA,0.000000329,0.0000223,"","","","",""
"398",398,398,"Propafenone","54063-53-5",0,1,1,0,NA,1,1,NA,0,NA,NA,0.0000000315,0.00000481,"1","5.8292766757547","14.1369355190353","6.18669801903702","14.3982417599012"
"399",399,399,"Quinine·HCl·2H2O","6119-47-7",0,1,1,0,NA,1,1,NA,0,NA,NA,0.0000000528,0.00000494,"","","","",""
"400",400,400,"ibutilide fumarate","122647-32-9",0,1,1,0,NA,1,1,NA,0,NA,NA,0.000000725,0.0000454,"","","","",""
"401",401,401,"sotalol hydrochloride","959-24-0",0,1,1,0,NA,1,1,NA,0,NA,NA,0.000000192,0.0000161,"","","","",""
"402",402,402,"moxifloxacin hydrochloride","186826-86-8",0,1,1,0,NA,1,1,NA,0,NA,NA,0.000000316,0.0000208,"","","","",""
"403",403,403,"lamotrigine","84057-84-1",0,1,1,0,NA,1,1,NA,0,NA,NA,0.000000183,0.0000119,"","","","",""
"404",404,404,"dofetilide","115256-11-6",0,1,1,0,NA,1,1,NA,0,NA,NA,0.000000288,0.0000243,"","","","",""
"405",405,405,"Progesterone","57-83-0",1,1,1,0,1,1,1,NA,103,0.00347,118,0.0000000393,0.00000381,"1","0.841967317584046","4.53015983216156","0.841960820346435","3.72065992219541"
"406",406,406,"Tamoxifen citrate","54965-24-1",1,1,1,0,1,1,1,NA,209,0.000242,221,0.0000000716,0.0000083,"","","","",""
"407",407,407,"Tamoxifen","10540-29-1",1,1,1,0,1,1,1,NA,174,0.0152,120,0.0000000405,0.00000465,"1","0.371770270689384","3.61927617923186","0.375772112654487","3.62788446088055"
"408",408,408,"4-Hydroxytamoxifen (E/Z)","68392-35-8",1,1,1,0,1,1,1,NA,182,0.0000969,158,0.000000297,0.0000202,"","","","",""
"409",409,409,"Spironolactone","52-01-7",1,1,1,0,1,1,1,NA,122,0.0000122,355,0.0000000472,0.0000059,"","","","",""
"410",410,410,"Procymidone","32809-16-8",1,1,1,0,1,1,1,NA,14,0.167,49.3,0.0000000912,0.00000638,"","","","",""
"411",411,411,"Phenobarbital Sodium","57-30-7",1,1,1,0,1,1,1,NA,6,0.00233,116,0.000000166,0.0000101,"","","","",""
"412",412,412,"Ketoconazole","65277-42-1",1,1,1,0,1,1,1,NA,147,0.00142,227,0.0000000547,0.00000522,"1","0.150302637613834","0.498965183121511","0.146652835612354","0.506404897899567"
"413",413,413,"Hydroxyflutamide","52806-53-8",1,1,1,0,1,1,1,NA,40,0.00522,91.8,0.000000197,0.0000154,"","","","",""
"414",414,414,"Haloperidol","52-86-8",1,1,1,0,1,1,1,NA,130,0.000374,115,0.0000000392,0.00000529,"1","0.412713787016809","1.61658214841717","0.407430226861493","2.07026219370124"
"415",415,415,"Flutamide","13311-84-7",1,1,1,0,1,1,1,NA,75,0.41,164,0.0000000339,0.00000389,"1","0.85087825237443","4.99685462968143","0.863190336971303","5.20607343886247"
"416",416,416,"Cycloheximide","66-81-9",1,1,1,0,1,1,1,NA,115,0.0284,143,0.000000016,0.00000146,"1","0.839181508256795","2.5552737086237","0.836066556386881","2.65085291822079"
"417",417,417,"Corticosterone","50-22-6",1,1,1,0,1,1,1,NA,50,0.0002,125,0.000000282,0.0000166,"","","","",""
"418",418,418,"p-n-Nonylphenol","104-40-5",1,1,1,0,1,1,1,NA,109,1.63,126,0.000000872,0.0000535,"","","","",""
"419",419,419,"Ethylparaben","120-47-8",1,1,1,0,1,1,1,1,11,6.79,117,0.000011,0.00123,"1","0.617801389008152","2.28058889570409","0.615707074899392","2.18287211793408"
"420",420,420,"17alpha-Methyltestosterone","58-18-4",1,1,1,0,1,1,1,NA,53,0.000233,253,0.000000261,0.0000194,"","","","",""
"421",421,421,"Genistein","446-72-0",1,1,1,0,1,1,1,NA,121,0.0145,98.6,0.00000021,0.0000126,"1","2.34081342992518","15.858726190025","2.48436686531239","17.5642608934075"
"422",422,422,"Daidzein","486-66-8",1,1,1,0,1,1,1,1,49,0.0677,126,0.000000207,0.0000113,"","","","",""
"423",423,423,"Bisphenol B","77-40-7",1,1,1,0,1,1,1,NA,127,0.0852,149,0.000000166,0.0000121,"1","1.04930782709508","5.99947996984299","0.985267535616384","5.73514025897497"
"424",424,424,"5alpha-Dihydrotestosterone","521-18-6",1,1,1,0,1,1,1,NA,65,0.0000364,111,0.000000206,0.0000172,"","","","",""
"425",425,425,"4-Cumylphenol","599-64-4",1,1,1,0,1,1,1,NA,163,0.166,252,0.000000534,0.0000558,"","","","",""
"426",426,426,"Estrone","53-16-7",1,1,1,0,1,1,1,NA,41,0.000278,79.9,0.0000000288,0.00000342,"","","","",""
"427",427,427,"4-tert-Octylphenol","140-66-9",1,1,1,0,1,1,1,1,166,0.315,168,0.0000755,0.00488,"1","0.485246476971717","1.81822825318559","0.496230741901916","2.88363257703882"
"428",428,428,"17alpha-Estradiol","57-91-0",1,1,1,0,1,1,1,NA,103,0.0000107,200,0.000000198,0.0000115,"","","","",""
"429",429,429,"meso-Hexestrol","84-16-2",1,1,1,0,1,1,1,NA,149,0.00001,130,0.000000187,0.0000119,"","","","",""
"430",430,430,"17alpha-Ethinyl estradiol","57-63-6",1,1,1,0,1,1,1,NA,136,0.00001,136,0.0000000338,0.00000307,"1","6.77256002709503","48.0340570065197","7.06342717244002","53.1525314946585"
"431",431,431,"Kaempferol","520-18-3",0,1,1,0,NA,1,1,NA,23,0.203,52.7,0.000000197,0.0000163,"","","","",""
"432",432,432,"Chrysin","480-40-0",0,1,1,0,NA,1,1,NA,30,0.692,75.2,0.000000165,0.0000144,"","","","",""
"433",433,433,"Apigenin","520-36-5",0,1,1,0,NA,1,1,NA,50,0.0735,66.4,0.000000174,0.0000136,"","","","",""
"434",434,434,"Methimazole","60-56-0",1,1,1,0,1,1,1,NA,2,22.8,33.5,0.0000000368,0.0000017,"","","","",""
"435",435,435,"Benzophenone 2","131-55-5",1,1,1,0,1,1,1,NA,81,0.0531,102,0.000000231,0.0000249,"","","","",""
"436",436,436,"Z-Tetrachlorvinphos","22248-79-9",0,1,1,0,NA,1,1,1,48,0.338,199,0.000000126,0.00000777,"","","","",""
"437",437,437,"Levothyroxine (T4)","51-48-9",0,1,1,0,NA,1,1,NA,0,NA,NA,0.000000531,0.0000398,"","","","",""
"438",438,438,"Iopanoic acid","96-83-3",0,1,1,0,NA,1,1,NA,25,1.39,164,0.000000434,0.0000292,"","","","",""
"439",439,439,"ARSENIC","7440-38-2",0,0,0,0,NA,NA,NA,NA,0,NA,NA,NA,NA,"","","","",""
"440",440,440,"MERCURY","7439-97-6",0,0,0,0,NA,NA,NA,1,0,NA,NA,NA,NA,"","","","",""
"441",441,441,"VINYL CHLORIDE","75-01-4",0,0,0,0,NA,NA,NA,1,0,NA,NA,NA,NA,"","","","",""
"442",442,442,"POLYCYCLIC AROMATIC HYDROCARBONS","130498-29-2",0,0,0,0,NA,NA,NA,NA,0,NA,NA,NA,NA,"","","","",""
"443",443,443,"AROCLOR 1254","11097-69-1",0,0,0,0,NA,NA,NA,NA,0,NA,NA,NA,NA,"","","","",""
"444",444,444,"PHOSPHORUS, WHITE","7723-14-0",0,0,0,0,NA,NA,NA,NA,0,NA,NA,NA,NA,"","","","",""
"445",445,445,"AROCLOR 1242","53469-21-9",0,0,0,0,NA,NA,NA,NA,0,NA,NA,NA,NA,"","","","",""
"446",446,446,"COAL TAR CREOSOTE","8001-58-9",0,0,0,0,NA,NA,NA,NA,0,NA,NA,NA,NA,"","","","",""
"447",447,447,"AROCLOR 1248","12672-29-6",0,0,0,0,NA,NA,NA,NA,0,NA,NA,NA,NA,"","","","",""
"448",448,448,"AROCLOR","12767-79-2",0,0,0,0,NA,NA,NA,NA,0,NA,NA,NA,NA,"","","","",""
"449",449,449,"CYANIDE","57-12-5",0,0,0,0,NA,NA,NA,1,0,NA,NA,NA,NA,"","","","",""
"450",450,450,"HEXACHLOROCYCLOHEXANE, DELTA-","319-86-8",0,0,0,0,NA,NA,NA,NA,0,NA,NA,NA,NA,"","","","",""
"451",451,451,"BERYLLIUM","7440-41-7",0,0,0,0,NA,NA,NA,1,0,NA,NA,NA,NA,"","","","",""
"452",452,452,"AROCLOR 1221","11104-28-2",0,0,0,0,NA,NA,NA,NA,0,NA,NA,NA,NA,"","","","",""
"453",453,453,"CIS-CHLORDANE","5103-71-9",0,0,0,0,NA,NA,NA,NA,0,NA,NA,NA,NA,"","","","",""
"454",454,454,"ENDRIN KETONE","53494-70-5",0,0,0,0,NA,NA,NA,NA,0,NA,NA,NA,NA,"","","","",""
"455",455,455,"DIBROMOCHLOROPROPANE","67708-83-2",0,0,0,0,NA,NA,NA,NA,0,NA,NA,NA,NA,"","","","",""
"456",456,456,"TRANS-CHLORDANE","5103-74-2",0,0,0,0,NA,NA,NA,NA,0,NA,NA,NA,NA,"","","","",""
"457",457,457,"ENDOSULFAN, BETA","33213-65-9",0,0,0,0,NA,NA,NA,NA,0,NA,NA,NA,NA,"","","","",""
"458",458,458,"CHROMIUM(VI) TRIOXIDE","1333-82-0",0,0,0,0,NA,NA,NA,NA,0,NA,NA,NA,NA,"","","","",""
"459",459,459,"AROCLOR 1232","11141-16-5",0,0,0,0,NA,NA,NA,NA,0,NA,NA,NA,NA,"","","","",""
"460",460,460,"ENDRIN ALDEHYDE","7421-93-4",0,0,0,0,NA,NA,NA,NA,0,NA,NA,NA,NA,"","","","",""
"461",461,461,"METHANE","74-82-8",0,0,0,0,NA,NA,NA,NA,0,NA,NA,NA,NA,"","","","",""
"462",462,462,"2-HEXANONE","591-78-6",0,0,0,0,NA,NA,NA,NA,0,NA,NA,NA,NA,"","","","",""
"463",463,463,"BENZOFLUORANTHENE","56832-73-6",0,0,0,0,NA,NA,NA,NA,0,NA,NA,NA,NA,"","","","",""
"464",464,464,"CHROMIUM","7440-47-3",0,0,0,0,NA,NA,NA,NA,0,NA,NA,NA,NA,"","","","",""
"465",465,465,"AROCLOR 1240","71328-89-7",0,0,0,0,NA,NA,NA,NA,0,NA,NA,NA,NA,"","","","",""
"466",466,466,"2,4,6-TRINITROTOLUENE","118-96-7",0,0,0,0,NA,NA,NA,NA,0,NA,NA,NA,NA,"","","","",""
"467",467,467,"BROMODICHLOROETHANE","683-53-4",0,0,0,0,NA,NA,NA,NA,0,NA,NA,NA,NA,"","","","",""
"468",468,468,"THIOCYANATE","302-04-5",0,0,1,0,NA,NA,1,1,0,NA,NA,0.000000047,0.00000244,"","","","",""
"469",469,469,"ASBESTOS","1332-21-4",0,0,0,0,NA,NA,NA,NA,0,NA,NA,NA,NA,"","","","",""
"470",470,470,"RADIUM-226","13982-63-3",0,0,0,0,NA,NA,NA,NA,0,NA,NA,NA,NA,"","","","",""
"471",471,471,"URANIUM","7440-61-1",0,0,0,0,NA,NA,NA,1,0,NA,NA,NA,NA,"","","","",""
"472",472,472,"RADIUM","7440-14-4",0,0,0,0,NA,NA,NA,NA,0,NA,NA,NA,NA,"","","","",""
"473",473,473,"THORIUM","7440-29-1",0,0,0,0,NA,NA,NA,NA,0,NA,NA,NA,NA,"","","","",""
"474",474,474,"CHLORINE","7782-50-5",0,0,0,0,NA,NA,NA,NA,0,NA,NA,NA,NA,"","","","",""
"475",475,475,"1,3,5-TRINITROBENZENE","99-35-4",0,0,0,0,NA,NA,NA,NA,0,NA,NA,NA,NA,"","","","",""
"476",476,476,"RADON","10043-92-2",0,0,0,0,NA,NA,NA,NA,0,NA,NA,NA,NA,"","","","",""
"477",477,477,"RADIUM-228","15262-20-1",0,0,0,0,NA,NA,NA,NA,0,NA,NA,NA,NA,"","","","",""
"478",478,478,"THORIUM-230","14269-63-7",0,0,0,0,NA,NA,NA,NA,0,NA,NA,NA,NA,"","","","",""
"479",479,479,"URANIUM-235","15117-96-1",0,0,0,0,NA,NA,NA,NA,0,NA,NA,NA,NA,"","","","",""
"480",480,480,"THORIUM-228","14274-82-9",0,0,0,0,NA,NA,NA,NA,0,NA,NA,NA,NA,"","","","",""
"481",481,481,"URANIUM-234","13966-29-5",0,0,0,0,NA,NA,NA,NA,0,NA,NA,NA,NA,"","","","",""
"482",482,482,"RADON-222","14859-67-7",0,0,0,0,NA,NA,NA,NA,0,NA,NA,NA,NA,"","","","",""
"483",483,483,"COAL TARS","8007-45-2",0,0,0,0,NA,NA,NA,NA,0,NA,NA,NA,NA,"","","","",""
"484",484,484,"COPPER","7440-50-8",0,0,0,0,NA,NA,NA,1,0,NA,NA,NA,NA,"","","","",""
"485",485,485,"CHRYSOTILE ASBESTOS","12001-29-5",0,0,0,0,NA,NA,NA,NA,0,NA,NA,NA,NA,"","","","",""
"486",486,486,"PLUTONIUM-239","15117-48-3",0,0,0,0,NA,NA,NA,NA,0,NA,NA,NA,NA,"","","","",""
"487",487,487,"POLONIUM-210","13981-52-7",0,0,0,0,NA,NA,NA,NA,0,NA,NA,NA,NA,"","","","",""
"488",488,488,"PLUTONIUM-238","13981-16-3",0,0,0,0,NA,NA,NA,NA,0,NA,NA,NA,NA,"","","","",""
"489",489,489,"LEAD-210","14255-04-0",0,0,0,0,NA,NA,NA,NA,0,NA,NA,NA,NA,"","","","",""
"490",490,490,"AMOSITE ASBESTOS","12172-73-5",0,0,0,0,NA,NA,NA,NA,0,NA,NA,NA,NA,"","","","",""
"491",491,491,"STRONTIUM-90","10098-97-2",0,0,0,0,NA,NA,NA,NA,0,NA,NA,NA,NA,"","","","",""
"492",492,492,"PLUTONIUM","7440-07-5",0,0,0,0,NA,NA,NA,NA,0,NA,NA,NA,NA,"","","","",""
"493",493,493,"RADON-220","22481-48-7",0,0,0,0,NA,NA,NA,NA,0,NA,NA,NA,NA,"","","","",""
"494",494,494,"AMERICIUM-241","86954-36-1",0,0,0,0,NA,NA,NA,NA,0,NA,NA,NA,NA,"","","","",""
"495",495,495,"BARIUM","7440-39-3",0,0,0,0,NA,NA,NA,1,0,NA,NA,NA,NA,"","","","",""
"496",496,496,"NEPTUNIUM-237","13994-20-2",0,0,0,0,NA,NA,NA,NA,0,NA,NA,NA,NA,"","","","",""
"497",497,497,"HYDROGEN CYANIDE","74-90-8",0,0,0,0,NA,NA,NA,NA,0,NA,NA,NA,NA,"","","","",""
"498",498,498,"PLUTONIUM-240","14119-33-6",0,0,0,0,NA,NA,NA,NA,0,NA,NA,NA,NA,"","","","",""
"499",499,499,"MANGANESE","7439-96-5",0,0,0,0,NA,NA,NA,1,0,NA,NA,NA,NA,"","","","",""
"500",500,500,"POLYBROMINATED BIPHENYLS","67774-32-7",0,0,0,0,NA,NA,NA,NA,0,NA,NA,NA,NA,"","","","",""
"501",501,501,"SELENIUM","7782-49-2",0,0,0,0,NA,NA,NA,1,0,NA,NA,NA,NA,"","","","",""
"502",502,502,"HEPTACHLORODIBENZO-P-DIOXIN","37871-00-4",0,0,0,0,NA,NA,NA,NA,0,NA,NA,NA,NA,"","","","",""
"503",503,503,"TRICHLOROFLUOROETHANE","27154-33-2",0,0,0,0,NA,NA,NA,NA,0,NA,NA,NA,NA,"","","","",""
"504",504,504,"BROMINE","7726-95-6",0,0,0,0,NA,NA,NA,NA,0,NA,NA,NA,NA,"","","","",""
"505",505,505,"AROCLOR 1268","11100-14-4",0,0,0,0,NA,NA,NA,NA,0,NA,NA,NA,NA,"","","","",""
"506",506,506,"1,3-BUTADIENE","106-99-0",0,0,0,0,NA,NA,NA,1,0,NA,NA,NA,NA,"","","","",""
"507",507,507,"HEPTACHLORODIBENZOFURAN","38998-75-3",0,0,0,0,NA,NA,NA,NA,0,NA,NA,NA,NA,"","","","",""
"508",508,508,"AMMONIA","7664-41-7",0,0,0,0,NA,NA,NA,NA,0,NA,NA,NA,NA,"","","","",""
"509",509,509,"TRICHLOROETHANE","25323-89-1",0,0,0,0,NA,NA,NA,NA,0,NA,NA,NA,NA,"","","","",""
"510",510,510,"TETRACHLOROBIPHENYL","26914-33-0",0,0,0,0,NA,NA,NA,NA,0,NA,NA,NA,NA,"","","","",""
"511",511,511,"OXYCHLORDANE","27304-13-8",0,0,0,0,NA,NA,NA,1,0,NA,NA,NA,NA,"","","","",""
"512",512,512,"PALLADIUM","7440-05-3",0,0,0,0,NA,NA,NA,NA,0,NA,NA,NA,NA,"","","","",""
"513",513,513,"GAMMA-CHLORDENE","56641-38-4",0,0,0,0,NA,NA,NA,NA,0,NA,NA,NA,NA,"","","","",""
"514",514,514,"TETRACHLOROPHENOL","25167-83-3",0,0,0,0,NA,NA,NA,NA,0,NA,NA,NA,NA,"","","","",""
"515",515,515,"CHLOROETHANE","75-00-3",0,0,0,0,NA,NA,NA,NA,0,NA,NA,NA,NA,"","","","",""
"516",516,516,"ALUMINUM","7429-90-5",0,0,0,0,NA,NA,NA,NA,0,NA,NA,NA,NA,"","","","",""
"517",517,517,"CARBON MONOXIDE","630-08-0",0,0,0,0,NA,NA,NA,NA,0,NA,NA,NA,NA,"","","","",""
"518",518,518,"BUTYL METHYL PHTHALATE","34006-76-3",0,0,0,0,NA,NA,NA,NA,0,NA,NA,NA,NA,"","","","",""
"519",519,519,"CHLOROMETHANE","74-87-3",0,0,0,0,NA,NA,NA,NA,0,NA,NA,NA,NA,"","","","",""
"520",520,520,"HEXACHLORODIBENZOFURAN","55684-94-1",0,0,0,0,NA,NA,NA,NA,0,NA,NA,NA,NA,"","","","",""
"521",521,521,"HYDROGEN SULFIDE","7783-06-4",0,0,0,0,NA,NA,NA,NA,0,NA,NA,NA,NA,"","","","",""
"522",522,522,"DIBENZOFURANS, CHLORINATED","42934-53-2",0,0,0,0,NA,NA,NA,NA,0,NA,NA,NA,NA,"","","","",""
"523",523,523,"HEXACHLORODIBENZO-P-DIOXIN","34465-46-8",0,0,0,0,NA,NA,NA,NA,0,NA,NA,NA,NA,"","","","",""
"524",524,524,"VANADIUM","7440-62-2",0,0,0,0,NA,NA,NA,NA,0,NA,NA,NA,NA,"","","","",""
"525",525,525,"TETRACHLORODIBENZO-P-DIOXIN","41903-57-5",0,0,0,0,NA,NA,NA,NA,0,NA,NA,NA,NA,"","","","",""
"526",526,526,"PENTACHLORODIBENZOFURAN","30402-15-4",0,0,0,0,NA,NA,NA,NA,0,NA,NA,NA,NA,"","","","",""
"527",527,527,"PENTACHLORODIBENZO-P-DIOXIN","36088-22-9",0,0,0,0,NA,NA,NA,NA,0,NA,NA,NA,NA,"","","","",""
"528",528,528,"2,3-DIMETHYLNAPHTHALENE","581-40-8",0,0,0,0,NA,NA,NA,NA,0,NA,NA,NA,NA,"","","","",""
"529",529,529,"FLUORINE","7782-41-4",0,0,0,0,NA,NA,NA,NA,0,NA,NA,NA,NA,"","","","",""
"530",530,530,"CESIUM-137","10045-97-3",0,0,0,0,NA,NA,NA,NA,0,NA,NA,NA,NA,"","","","",""
"531",531,531,"CHROMIC ACID","7738-94-5",0,0,0,0,NA,NA,NA,NA,0,NA,NA,NA,NA,"","","","",""
"532",532,532,"NITRITE","14797-65-0",0,0,0,0,NA,NA,NA,NA,0,NA,NA,NA,NA,"","","","",""
"533",533,533,"POTASSIUM-40","13966-00-2",0,0,0,0,NA,NA,NA,NA,0,NA,NA,NA,NA,"","","","",""
"534",534,534,"DINITROTOLUENE","25321-14-6",0,0,0,0,NA,NA,NA,NA,0,NA,NA,NA,NA,"","","","",""
"535",535,535,"COAL TAR PITCH","65996-93-2",0,0,0,0,NA,NA,NA,NA,0,NA,NA,NA,NA,"","","","",""
"536",536,536,"SILVER","7440-22-4",0,0,0,0,NA,NA,NA,NA,0,NA,NA,NA,NA,"","","","",""
"537",537,537,"THORIUM-227","15623-47-9",0,0,0,0,NA,NA,NA,NA,0,NA,NA,NA,NA,"","","","",""
"538",538,538,"ARSENIC ACID","7778-39-4",0,0,0,0,NA,NA,NA,NA,0,NA,NA,NA,NA,"","","","",""
"539",539,539,"BENZOPYRENE","73467-76-2",0,0,0,0,NA,NA,NA,NA,0,NA,NA,NA,NA,"","","","",""
"540",540,540,"PYRETHRUM","8003-34-7",0,1,0,0,NA,1,NA,NA,0,NA,NA,NA,NA,"","","","",""
"541",541,541,"ALPHA-CHLORDENE","56534-02-2",0,0,0,0,NA,NA,NA,NA,0,NA,NA,NA,NA,"","","","",""
"542",542,542,"URANIUM-233","13968-55-3",0,0,0,0,NA,NA,NA,NA,0,NA,NA,NA,NA,"","","","",""
"543",543,543,"IODINE-131","10043-66-0",0,0,0,0,NA,NA,NA,NA,0,NA,NA,NA,NA,"","","","",""
"544",544,544,"SODIUM ARSENITE","7784-46-5",0,0,0,0,NA,NA,NA,NA,0,NA,NA,NA,NA,"","","","",""
"545",545,545,"ANTIMONY","7440-36-0",0,0,0,0,NA,NA,NA,1,0,NA,NA,NA,NA,"","","","",""
"546",546,546,"DICHLOROBENZENE","25321-22-6",0,0,0,0,NA,NA,NA,NA,0,NA,NA,NA,NA,"","","","",""
"547",547,547,"TETRACHLOROETHANE","25322-20-7",0,0,0,0,NA,NA,NA,NA,0,NA,NA,NA,NA,"","","","",""
"548",548,548,"DICHLOROETHANE","1300-21-6",0,0,0,0,NA,NA,NA,NA,0,NA,NA,NA,NA,"","","","",""
"549",549,549,"ETHYL ETHER","60-29-7",0,0,0,0,NA,NA,NA,NA,0,NA,NA,NA,NA,"","","","",""
"550",550,550,"1,3-DICHLOROPROPENE, CIS-","10061-01-5",0,0,0,0,NA,NA,NA,NA,0,NA,NA,NA,NA,"","","","",""
"551",551,551,"1,2,3,4,6,7,8-HEPTACHLORODIBENZO-P-DIOXIN","35822-46-9",0,0,0,1,NA,NA,NA,1,0,NA,NA,NA,NA,"","","","",""
"552",552,552,"PHOSPHINE","7803-51-2",0,0,0,0,NA,NA,NA,NA,0,NA,NA,NA,NA,"","","","",""
"553",553,553,"TRICHLOROBENZENE","12002-48-1",0,0,0,0,NA,NA,NA,NA,0,NA,NA,NA,NA,"","","","",""
"554",554,554,"FLUORIDE ION","16984-48-8",0,0,0,0,NA,NA,NA,NA,0,NA,NA,NA,NA,"","","","",""
"555",555,555,"1,3-DICHLOROPROPENE, TRANS-","10061-02-6",0,0,0,0,NA,NA,NA,NA,0,NA,NA,NA,NA,"","","","",""
"556",556,556,"THALLIUM","7440-28-0",0,0,0,0,NA,NA,NA,1,0,NA,NA,NA,NA,"","","","",""
"557",557,557,"stanozolol","10418-03-8",0,1,0,0,NA,1,NA,NA,0,NA,NA,NA,NA,"","","","",""
"558",558,558,"methyltrienolone (R1881)","965-93-5",0,0,0,0,NA,NA,NA,NA,0,NA,NA,NA,NA,"","","","",""
"559",559,559,"cabazitaxel","183133-96-2",0,0,0,0,NA,NA,NA,NA,0,NA,NA,NA,NA,"","","","",""
"560",560,560,"Tartaric acid","526-83-0",0,0,0,0,NA,NA,NA,NA,0,NA,NA,NA,NA,"","","","",""
"561",561,561,"Ranitidine·HCl","66357-59-3",0,0,0,0,NA,NA,NA,NA,0,NA,NA,NA,NA,"","","","",""
"562",562,562,"Leucine","61-90-5",0,0,0,0,NA,NA,NA,NA,0,NA,NA,NA,NA,"","","","",""
"563",563,563,"cisapride monohydrate","260779-88-2",0,0,0,0,NA,NA,NA,NA,0,NA,NA,NA,NA,"","","","",""
"564",564,564,"bepridil hydrochloride","68099-86-5",0,0,0,0,NA,NA,NA,NA,0,NA,NA,NA,NA,"","","","",""
"565",565,565,"Chloroquine","54-05-7",0,0,0,0,NA,NA,NA,NA,0,NA,NA,NA,NA,"","","","",""
"566",566,566,"Azithromycin","83905-01-5 ",0,0,0,0,NA,NA,NA,NA,0,NA,NA,NA,NA,"","","","",""
"567",567,567,"vernacalant","748810-28-8",0,0,0,0,NA,NA,NA,NA,0,NA,NA,NA,NA,"","","","",""
"568",568,568,"sematilide","101526-83-4",0,0,0,0,NA,NA,NA,NA,0,NA,NA,NA,NA,"","","","",""
"569",569,569,"quinidine sulfate","50-54-4",0,0,0,0,NA,NA,NA,NA,0,NA,NA,NA,NA,"","","","",""
"570",570,570,"N-acetylprocainamide","32795-44-1",0,0,0,0,NA,NA,NA,NA,0,NA,NA,NA,NA,"","","","",""
"571",571,571,"disopyramide phosphate","22059-60-5",0,0,0,0,NA,NA,NA,NA,0,NA,NA,NA,NA,"","","","",""
"572",572,572,"citalopram hydrobromide","59729-33-8",0,0,0,0,NA,NA,NA,NA,0,NA,NA,NA,NA,"","","","",""
"573",573,573,"Raloxifene","82640-04-8",1,1,0,0,NA,NA,NA,NA,232,0.0000319,121,NA,NA,"","","","",""
"574",574,574,"Sodium Perchlorate","7601-89-0",0,0,0,0,NA,NA,NA,NA,0,NA,NA,NA,NA,"","","","",""
"575",575,575,"DE-71","189084-62-6",0,0,0,0,NA,NA,NA,NA,0,NA,NA,NA,NA,"","","","",""
