"","X.1","X","Order","SUBSTANCE.NAME","CAS_trimmed","toxcast","tox21","expocast","nhanes","ToxCast","Tox21","ExpoCast","NHANES","No.ToxData","Min.AC50","Max.AC50","Expo.Total_median","Expo.Total_95perc","httk","Css.med_medRTK.plasma.uM","Css.med_95RTK.plasma.uM","Css.95perc_medRTK.plasma.uM","Css.95perc_95RTK.plasma.uM"
"1",1,1,1,"DDT, P,P'-","50-29-3",1,1,1,1,1,1,1,1,139,0.000479,253,1.22e-07,7.35e-06,1,1.76910883625874e-08,7.84626938590343e-08,1.06581556938539e-06,4.72705573658936e-06
"2",2,2,2,"DIELDRIN","60-57-1",1,1,1,1,1,1,1,1,60,0.0406,169,1.29e-07,4.48e-06,1,1.40467570279938e-05,0.000135783459059913,0.000487825360352032,0.00471558059370861
"3",3,3,3,"ALDRIN","309-00-2",1,1,1,1,1,1,1,1,122,0.912,253,1.27e-07,6.43e-06,1,1.0101913291601e-05,7.18553480389848e-05,0.000511459074527515,0.00363803061331238
"4",4,4,4,"HEPTACHLOR","76-44-8",1,1,1,1,1,1,1,1,128,5.05,164,1.2e-07,6.41e-06,1,1.75105170459111e-08,3.94165699447675e-08,9.35353452202417e-07,2.105501777883e-06
"5",5,5,5,"HEXACHLOROCYCLOHEXANE, GAMMA-","58-89-9",1,1,1,1,1,1,1,1,27,5.68,116,1.52e-06,0.000105,1,6.31658040972727e-06,7.52171442823493e-05,0.00043634272567195,0.00519592115108334
"6",6,6,6,"ENDRIN","72-20-8",1,1,1,1,1,1,1,1,41,0.219,64.9,1.29e-07,7.13e-06,1,2.05048098854849e-05,0.000200779941558653,0.00113332786421324,0.0110973719636682
"7",7,7,7,"BENZO(B)FLUORANTHENE","205-99-2",1,1,1,0,1,1,1,NA,48,0.004,253,1.22e-06,6.86e-05,1,8.30059043751627e-07,7.19819837232706e-06,4.66738118043948e-05,0.00040475115437839
"8",8,8,8,"BENZO(A)ANTHRACENE","56-55-3",1,1,1,0,1,1,1,1,43,0.0181,112,1.1e-06,6.26e-05,1,3.6121860613064e-07,2.00747034131566e-06,2.05566224943437e-05,0.000114243312151236
"9",9,9,9,"NAPHTHALENE","91-20-3",1,1,1,0,1,1,1,1,17,0.00233,144,7.37e-05,0.00409,1,0.000585716697475552,0.00284362866605815,0.0325044951516283,0.157807886623851
"10",10,10,10,"FLUORANTHENE","206-44-0",1,1,1,0,1,1,1,1,47,0.0779,164,9.55e-07,5.73e-05,1,1.21411934397085e-06,5.91123294428801e-06,7.2847160638251e-05,0.000354673976657281
"11",11,11,11,"TRIFLURALIN","1582-09-8",1,1,1,0,1,1,1,NA,61,0.0946,113,1.57e-06,9.82e-05,1,0.000364207454421873,0.00311189801511651,0.022780364346642,0.194642283493275
"12",12,12,12,"ACENAPHTHENE","83-32-9",1,1,1,0,1,1,1,NA,4,2.45,78.1,5.23e-08,3.17e-06,1,1.80569967910406e-07,5.63545994799615e-07,1.09446806553726e-05,3.41575679448333e-05
"13",13,13,13,"DDD, P,P'-","72-54-8",1,1,1,0,1,1,1,NA,143,0.981,133,1.11e-07,5.19e-06,1,4.33052294774973e-06,1.14157700425565e-05,0.000202481208097487,0.000533764383070887
"14",14,14,14,"BENZIDINE","92-87-5",1,1,1,0,1,1,1,NA,32,3.11,632,1.46e-06,0.000131,1,1.44130733951085e-06,4.40570347879326e-06,0.000129322781832823,0.000395306271042409
"15",15,15,15,"DISULFOTON","298-04-4",1,1,1,0,1,1,1,1,33,5.87,81.8,8.3e-08,6.16e-06,1,1.22480159270372e-07,1.14029326678667e-06,9.09009374825892e-06,8.46289942579021e-05
"16",16,16,16,"DIAZINON","333-41-5",1,1,1,0,1,1,1,1,34,0.0616,118,1.02e-07,6.36e-06,1,1.72853556269502e-07,2.57924506154278e-06,1.0777927626216e-05,0.000160823515602079
"17",17,17,17,"ENDOSULFAN","115-29-7",1,1,1,0,1,1,1,NA,131,0.164,253,1.36e-07,9.43e-06,1,2.59940967187914e-05,0.000241942859705294,0.00180238479454561,0.0167758909339774
"18",18,18,18,"HEPTACHLOR EPOXIDE","1024-57-3",1,1,1,0,1,1,1,1,69,1.67,107,1.23e-07,6.24e-06,NA,NA,NA,NA,NA
"19",19,19,19,"PENTACHLOROPHENOL","87-86-5",1,1,1,0,1,1,1,1,110,0.993,164,1.1e-06,8.37e-05,1,1.71552715896555e-06,5.15761762551623e-06,0.000130536021095834,0.000392447813868826
"20",20,20,20,"METHOXYCHLOR","72-43-5",1,1,1,0,1,1,1,NA,105,0.476,181,1.07e-07,7.95e-06,1,2.10051522633979e-08,1.37495794324505e-07,1.56066318218704e-06,1.02158090175684e-05
"21",21,21,21,"DI-N-BUTYL PHTHALATE","84-74-2",1,1,1,0,1,1,1,1,61,0.0102,72.4,8e-05,0.00534,1,2.55588567656369e-05,6.66471198642796e-05,0.00170605368910626,0.00444869525094066
"22",22,22,22,"CHLORPYRIFOS","2921-88-2",1,1,1,0,1,1,1,1,75,2.35,164,2.3e-08,1.39e-06,1,1.58161877433136e-07,1.57141024835433e-06,9.55847867965476e-06,9.49678367483704e-05
"23",23,23,23,"DI(2-ETHYLHEXYL)PHTHALATE","117-81-7",1,1,1,0,1,1,1,1,42,0.37,67.2,0.00017,0.0114,NA,NA,NA,NA,NA
"24",24,24,24,"2,4,6-TRICHLOROPHENOL","88-06-2",1,1,1,0,1,1,1,1,18,0.808,316,9.37e-09,8.04e-07,1,3.60292502126435e-08,2.02009086760365e-07,3.09151730746696e-06,1.73335438372821e-05
"25",25,25,25,"2,4-DINITROPHENOL","51-28-5",1,1,1,0,1,1,1,NA,20,0.0944,122,6.19e-08,3.2e-06,1,4.80245669956247e-06,1.36022025689864e-05,0.000248269167021,0.000703183331514646
"26",26,26,26,"2,4-DINITROTOLUENE","121-14-2",1,1,1,0,1,1,1,NA,6,4.85,28.3,3.63e-08,3.07e-06,1,8.07190611624976e-07,2.18079488482382e-06,6.82665338206247e-05,0.000184436371801905
"27",27,27,27,"ETHION","563-12-2",1,1,1,0,1,1,1,1,43,0.163,285,1.18e-07,7.78e-06,1,1.84361903714891e-07,2.0769911532443e-06,1.21553865330666e-05,0.000136940603154582
"28",28,28,28,"DIMETHYLARSINIC ACID","75-60-5",1,1,1,0,1,1,1,NA,19,0.00452,81.8,4.32e-08,2.63e-06,1,1.33781784740426e-07,3.67161497174788e-07,8.14458550618798e-06,2.23526559622614e-05
"29",29,29,29,"AZINPHOS-METHYL","86-50-0",1,1,1,0,1,1,1,1,86,0.0942,253,2.03e-08,1.65e-06,1,3.849471752941e-09,8.69445958849062e-09,3.12888098145451e-07,7.06692528128548e-07
"30",30,30,30,"2,4,5-TRICHLOROPHENOL","95-95-4",1,1,1,0,1,1,1,1,111,0.552,133,1.23e-08,1.3e-06,1,8.18105990862289e-08,9.02221983239549e-07,8.64664868391037e-06,9.53567949765377e-05
"31",31,31,31,"DICOFOL","115-32-2",1,1,1,0,1,1,1,NA,133,0.634,117,1.16e-07,5.24e-06,1,4.13838246405996e-07,4.94430680379764e-06,1.8694072510064e-05,0.000223346272861204
"32",32,32,32,"PARATHION","56-38-2",1,1,1,0,1,1,1,1,74,0.1,81.8,8.86e-08,5.21e-06,1,1.10244056831727e-06,1.14275292152008e-05,6.48274871437131e-05,0.000671979991097021
"33",33,33,33,"CRESOL, PARA-","106-44-5",1,1,1,0,1,1,1,NA,6,0.156,25.3,3.96e-06,0.000251,1,1.77522719185415e-06,3.61562791931635e-06,0.000112520713423079,0.000229172375694041
"34",34,34,34,"PHENOL","108-95-2",1,1,1,0,1,1,1,NA,1,0.112,0.112,8.76e-05,0.00551,1,8.03236081959459e-05,0.000203890813074368,0.00505231827807833,0.0128246390415499
"35",35,35,35,"MERCURIC CHLORIDE","7487-94-7",1,1,1,0,1,1,1,NA,208,0.126,126,2.17e-08,2.77e-06,NA,NA,NA,NA,NA
"36",36,36,36,"DDT, O,P'-","789-02-6",1,1,1,1,1,1,1,1,124,0.105,112,1.16e-07,7.4e-06,1,1.4778247581082e-08,7.77283710020528e-08,9.42750276724199e-07,4.95853401219992e-06
"37",37,37,37,"4,6-DINITRO-O-CRESOL","534-52-1",1,1,1,0,1,1,1,NA,84,0.00223,164,7.19e-08,5.42e-06,1,5.35164995866143e-05,0.000592911448906881,0.00403420622753059,0.0446951328661376
"38",38,38,38,"1,2,3-TRICHLOROBENZENE","87-61-6",1,1,1,0,1,1,1,NA,8,0.00215,15.5,2.19e-07,1.49e-05,1,1.15925838765995e-06,6.64493039058425e-06,7.88719176992385e-05,0.000452098003742947
"39",39,39,39,"LEAD","7439-92-1",0,0,0,0,NA,NA,NA,1,0,NA,NA,NA,NA,NA,NA,NA,NA,NA
"40",40,40,40,"CADMIUM","7440-43-9",0,0,0,0,NA,NA,NA,1,0,NA,NA,NA,NA,NA,NA,NA,NA,NA
"41",41,41,41,"CHROMIUM, HEXAVALENT","18540-29-9",0,0,0,0,NA,NA,NA,NA,0,NA,NA,NA,NA,NA,NA,NA,NA,NA
"42",42,42,42,"COBALT","7440-48-4",0,0,0,0,NA,NA,NA,NA,0,NA,NA,NA,NA,NA,NA,NA,NA,NA
"43",43,43,43,"NICKEL","7440-02-0",0,0,0,0,NA,NA,NA,NA,0,NA,NA,NA,NA,NA,NA,NA,NA,NA
"44",44,44,44,"ZINC","7440-66-6",0,0,0,0,NA,NA,NA,1,0,NA,NA,NA,NA,NA,NA,NA,NA,NA
"45",45,45,45,"METHYLMERCURY","22967-92-6",0,0,0,0,NA,NA,NA,NA,0,NA,NA,NA,NA,NA,NA,NA,NA,NA
"46",46,46,46,"2,3',4,4',5-Pentachlorobiphenyl","31508-00-6",0,0,0,1,NA,NA,NA,1,0,NA,NA,NA,NA,NA,NA,NA,NA,NA
"47",47,47,47,"HEXACHLOROCYCLOHEXANE, BETA-","319-85-7",1,1,1,1,1,1,1,1,10,0.0137,41.5,9.76e-08,4.8e-06,NA,NA,NA,NA,NA
"48",48,48,48,"2,3,7,8-TETRACHLORODIBENZO-P-DIOXIN","1746-01-6",0,1,1,1,NA,1,1,1,0,NA,NA,1.69e-08,1.52e-06,NA,NA,NA,NA,NA
"49",49,49,49,"HEXACHLOROBENZENE","118-74-1",0,1,1,1,NA,1,1,1,0,NA,NA,2.03e-06,0.000154,NA,NA,NA,NA,NA
"50",50,50,50,"HEXACHLOROCYCLOHEXANE, TECHNICAL GRADE","608-73-1",0,1,1,1,NA,1,1,1,0,NA,NA,1e-07,6.28e-06,NA,NA,NA,NA,NA
"51",51,51,51,"CHLORDANE, TECHNICAL","12789-03-6",0,1,1,1,NA,1,1,1,0,NA,NA,1.14e-07,6.13e-06,NA,NA,NA,NA,NA
"52",52,52,52,"POLYCHLORINATED BIPHENYLS","1336-36-3",0,0,1,1,NA,NA,1,1,0,NA,NA,2.71e-05,0.00207,NA,NA,NA,NA,NA
"53",53,53,53,"1,2,3,4,6,7,8,9-OCTACHLORODIBENZOFURAN","39001-02-0",0,0,0,1,NA,NA,NA,1,0,NA,NA,NA,NA,NA,NA,NA,NA,NA
"54",54,54,54,"2,3,4,7,8-PENTACHLORODIBENZOFURAN","57117-31-4",0,0,0,1,NA,NA,NA,1,0,NA,NA,NA,NA,NA,NA,NA,NA,NA
"55",55,55,55,"2,3,7,8-TETRACHLORODIBENZOFURAN","51207-31-9",0,0,0,1,NA,NA,NA,1,0,NA,NA,NA,NA,NA,NA,NA,NA,NA
"56",56,56,56,"1,2,3,4,6,7,8-HEPTACHLORODIBENZOFURAN","67562-39-4",0,0,0,1,NA,NA,NA,1,0,NA,NA,NA,NA,NA,NA,NA,NA,NA
"57",57,57,57,"2,4-D ACID","94-75-7",1,1,1,0,1,1,1,1,8,9.25e-05,97.8,3.85e-07,3.37e-05,1,1.69338380182571e-05,4.33814261224978e-05,0.00148226062653316,0.00379728327357967
"58",58,58,58,"DIURON","330-54-1",1,1,1,0,1,1,1,NA,37,0.278,164,1.31e-08,1.12e-06,1,7.3819426097006e-09,2.04240077936688e-08,6.31127917775929e-07,1.74617471213046e-06
"59",59,59,59,"PYRENE","129-00-0",1,1,1,0,1,1,1,1,25,0.054,112,1.47e-06,7.52e-05,1,2.14969917888979e-06,7.06522779442846e-06,0.000109971005613954,0.000361432061320422
"60",60,60,60,"METOLACHLOR","51218-45-2",1,1,1,0,1,1,1,1,46,0.0144,117,8.02e-08,3.55e-06,1,1.68699829245089e-08,3.60865516725487e-08,7.46738645660932e-07,1.59734736206419e-06
"61",61,61,61,"simazine","122-34-9",1,1,1,0,1,1,1,NA,10,0.00446,81.7,1.04e-08,9.79e-07,1,7.3600563079433e-09,2.01156208316165e-08,6.92836069757355e-07,1.89357623020697e-06
"62",62,62,62,"Fluorene","86-73-7",1,1,1,0,1,1,1,1,11,0.509,105,7.25e-08,6.33e-06,1,2.26392672249398e-07,1.19037150210554e-06,1.97664222805337e-05,0.000103931746321766
"63",63,63,63,"Biphenyl","92-52-4",1,1,1,0,1,1,1,NA,7,0.00024,114,2.27e-06,0.000152,1,7.61806567322349e-06,4.46540338330417e-05,0.000510108362259899,0.0029900498425649
"64",64,64,64,"Anthracene","120-12-7",1,1,1,0,1,1,1,NA,15,1.24,167,8.61e-07,6.07e-05,1,1.15984541906423e-06,3.78490444803283e-06,8.17684284984884e-05,0.000266833565616252
"65",65,65,65,"Atrazine","1912-24-9",1,1,1,0,1,1,1,1,22,0.0101,48.3,6.56e-08,4.12e-06,1,7.8805127550355e-07,2.22330798922221e-06,4.94934642541864e-05,0.00013963458712798
"66",66,66,66,"Propazine","139-40-2",1,1,1,0,1,1,1,NA,11,0.01,113,7.85e-08,4.45e-06,1,1.17311219105674e-07,3.59896714971551e-07,6.65012643337894e-06,2.04017883009351e-05
"67",67,67,67,"Prometryn","7287-19-6",1,1,1,0,1,1,1,NA,30,1.03,44.9,6.9e-08,3.87e-06,1,2.4913976108259e-07,2.53247397597505e-06,1.39734909476757e-05,0.000142038757782948
"68",68,68,68,"Prometon","1610-18-0",1,1,1,0,1,1,1,NA,22,0.0195,40.7,7.95e-08,3.69e-06,1,9.0710020880692e-07,1.17331841159549e-05,4.21031417672646e-05,0.000544596847646206
"69",69,69,69,"Terbacil","5902-51-2",1,1,1,0,1,1,1,NA,32,0.18,81.8,7.54e-08,3.15e-06,1,2.7917839595512e-07,7.44932120088396e-07,1.16632884251808e-05,3.1121169473189e-05
"70",70,70,70,"Oxyfluorfen","42874-03-3",1,1,1,0,1,1,1,NA,61,0.000408,81.5,1.3e-07,8.98e-06,1,1.16476623407914e-06,2.90233085655082e-06,8.04584675540824e-05,0.000200484085321741
"71",71,71,71,"Molinate","2212-67-1",1,1,1,0,1,1,1,NA,8,4.98,68.5,5.99e-08,4.46e-06,1,1.24368104436699e-06,3.28727583479496e-06,9.26012931198129e-05,0.000244762107231812
"72",72,72,72,"S-Ethyl-N,N-Dipropylthiocarbamate","759-94-4",1,1,1,0,1,1,1,NA,15,0.583,32.7,5.95e-08,4.78e-06,1,1.44655782785949e-07,1.71317829333182e-06,1.1621086415409e-05,0.000137630121716405
"73",73,73,73,"Cycloate","1134-23-2",1,1,1,0,1,1,1,NA,10,5.53,81.8,8.41e-08,5.98e-06,1,2.84218806695904e-07,2.87794456323754e-06,2.0209613127723e-05,0.000204638626494179
"74",74,74,74,"Bromacil","314-40-9",1,1,1,0,1,1,1,NA,11,0.0876,112,8.46e-08,6.3e-06,1,1.39995234204793e-06,3.61682890949978e-06,0.000104251770152505,0.000269338323047856
"75",75,75,75,"DICAMBA","1918-00-9",1,1,1,0,1,1,1,NA,5,2.53,65.4,1.26e-08,1.04e-06,1,1.23156634226707e-07,3.0949836564418e-07,1.01653094917282e-05,2.55458968468212e-05
"76",76,76,76,"PICLORAM","1918-02-1",1,1,1,0,1,1,1,NA,6,8.51,57.7,8.08e-08,5.42e-06,1,4.23262784722431e-06,3.77917349187508e-05,0.000283921323415294,0.00253503964430234
"77",77,77,77,"PENDIMENTHALIN","40487-42-1",1,1,1,0,1,1,1,NA,75,2.35,108,1.66e-08,1.19e-06,1,4.22454059733355e-08,4.45891982807606e-07,3.02843572941381e-06,3.1964545755485e-05
"78",78,78,78,"ISOXAFLUTOLE","141112-29-0",1,1,1,0,1,1,1,NA,14,2.56,81.8,1.97e-08,1.83e-06,1,2.99264125318993e-08,1.04354586139778e-07,2.77996624027288e-06,9.69385241806059e-06
"79",79,79,79,"ACETOCHLOR","34256-82-1",1,1,1,0,1,1,1,1,82,0.0014,99.6,9.51e-08,5.65e-06,1,1.41189863072091e-08,2.7681491798193e-08,8.38825159155955e-07,1.64458915520284e-06
"80",80,80,80,"IMAZAPYR","81334-34-1",1,1,1,0,1,1,1,NA,2,0.339,36.1,9.23e-08,4.17e-06,1,1.4932724712361e-07,4.14876563218755e-07,6.74642059052494e-06,1.87436107109665e-05
"81",81,81,81,"IMAZAPIC","104098-48-8",1,1,1,0,1,1,1,NA,10,2.08,49.3,8.54e-08,5.45e-06,1,2.19335846141356e-07,5.18090461501167e-07,1.39974281202622e-05,3.30631500606717e-05
"82",82,82,82,"AMETRYN","834-12-8",1,1,1,0,1,1,1,NA,23,2.31,60.1,8.11e-08,5.09e-06,1,4.62982013851669e-07,4.87575397387627e-06,2.90576874291615e-05,0.00030601217912491
"83",83,83,83,"HEXAZINONE","51235-04-2",1,1,1,0,1,1,1,NA,3,17.2,49.9,7.69e-08,5.4e-06,1,2.417541614523e-08,5.77717192007607e-08,1.69762350044528e-06,4.05679172541103e-06
"84",84,84,84,"METSULFURON METHYL","74223-64-6",0,1,1,0,NA,1,1,NA,0,NA,NA,2.2e-08,2.52e-06,1,5.26946199813708e-08,1.65670005494372e-07,6.03592919786611e-06,1.89767460839007e-05
"85",85,85,85,"Acenaphthylene 2000 μg/mL","208-96-8",1,1,1,0,1,1,1,NA,4,1.15,47.4,1.05e-07,1e-05,1,5.85455481915472e-07,6.38383512014958e-06,5.57576649443307e-05,0.000607984297157103
"86",86,86,86,"Metribuzin","21087-64-9",1,1,1,0,1,1,1,NA,20,0.0101,53.1,1.2e-08,9.76e-07,1,1.66356943961776e-08,3.99791337401691e-08,1.35303647755578e-06,3.25163621086709e-06
"87",87,87,87,"HALOSULFURON METHYL","100784-20-1",0,0,1,0,NA,NA,1,NA,0,NA,NA,NA,NA,1,NA,NA,NA,NA
"88",88,88,88,"BENZENE","71-43-2",0,1,1,0,NA,1,1,1,0,NA,NA,9.13e-06,0.000786,NA,NA,NA,NA,NA
"89",89,89,89,"BENZO(A)PYRENE","50-32-8",0,1,1,0,NA,1,1,1,0,NA,NA,1.37e-06,9.19e-05,NA,NA,NA,NA,NA
"90",90,90,90,"DIBENZO(A,H)ANTHRACENE","53-70-3",0,1,1,0,NA,1,1,NA,11,0.0656,10.3,1.27e-06,9.46e-05,NA,NA,NA,NA,NA
"91",91,91,91,"BENZO(K)FLUORANTHENE","207-08-9",0,1,1,0,NA,1,1,NA,0,NA,NA,1.16e-06,7.41e-05,NA,NA,NA,NA,NA
"92",92,92,92,"XYLENES, TOTAL","1330-20-7",0,1,1,0,NA,1,1,NA,0,NA,NA,9.12e-05,0.00981,NA,NA,NA,NA,NA
"93",93,93,93,"TOLUENE","108-88-3",0,1,1,0,NA,1,1,1,0,NA,NA,8.61e-05,0.00614,NA,NA,NA,NA,NA
"94",94,94,94,"ETHYLBENZENE","100-41-4",0,1,1,0,NA,1,1,1,0,NA,NA,8.32e-05,0.00629,NA,NA,NA,NA,NA
"95",95,95,95,"CHRYSENE","218-01-9",0,1,1,0,NA,1,1,1,0,NA,NA,1.18e-06,6.47e-05,NA,NA,NA,NA,NA
"96",96,96,96,"2-METHYLNAPHTHALENE","91-57-6",0,1,1,0,NA,1,1,NA,0,NA,NA,5.78e-07,3.41e-05,NA,NA,NA,NA,NA
"97",97,97,97,"PHENANTHRENE","85-01-8",1,1,1,0,1,1,1,1,8,2.09,103,1.21e-06,8.72e-05,NA,NA,NA,NA,NA
"98",98,98,98,"STYRENE","100-42-5",0,1,1,0,NA,1,1,1,0,NA,NA,8.38e-05,0.00639,NA,NA,NA,NA,NA
"99",99,99,99,"1-Methylnaphthalene","90-12-0",1,1,1,0,1,1,1,NA,3,14.1,87.6,1.35e-06,8.86e-05,NA,NA,NA,NA,NA
"100",100,100,100,"1,2,4-Trimethylbenzene","95-63-6",1,1,1,0,1,1,1,NA,1,47.4,47.4,5.18e-05,0.00415,NA,NA,NA,NA,NA
"101",101,101,101,"Isopropalin","33820-53-0",1,1,1,0,1,1,1,NA,87,0.117,164,1.01e-07,5.89e-06,NA,NA,NA,NA,NA
"102",102,102,102,"Pebulat","1114-71-2",0,1,1,0,NA,1,1,NA,7,3.42,112,7.21e-08,4.29e-06,NA,NA,NA,NA,NA
"103",103,103,103,"TERBUTRYN","886-50-0",0,1,1,0,NA,1,1,NA,0,NA,NA,1.46e-08,1.03e-06,NA,NA,NA,NA,NA
"104",104,104,104,"HEDONAL (Carbamate)","93-65-2",0,1,1,0,NA,1,1,NA,3,30.3,85.3,7.16e-08,3.57e-06,NA,NA,NA,NA,NA
"105",105,105,105,"a-Methylstyrene","98-83-9",0,1,1,0,NA,1,1,NA,0,NA,NA,7.88e-06,0.000624,NA,NA,NA,NA,NA
"106",106,106,106,"Pentane","109-66-0",0,1,1,0,NA,1,1,NA,0,NA,NA,7.37e-06,0.000596,NA,NA,NA,NA,NA
"107",107,107,107,"m-Xylene (Benzene, 1,3-dimethyl-)","108-38-3",0,1,1,0,NA,1,1,1,2,0.358,1.95,5.48e-05,0.00263,NA,NA,NA,NA,NA
"108",108,108,108,"Cyclohexane 5.4 wt. %","110-82-7",0,1,1,0,NA,1,1,NA,0,NA,NA,8.45e-05,0.00634,NA,NA,NA,NA,NA
"109",109,109,109,"3-Methylcholanthrene","56-49-5",0,1,1,0,NA,1,1,NA,0,NA,NA,2.02e-07,1.34e-05,NA,NA,NA,NA,NA
"110",110,110,110,"Benzo[ghi]perylene 200 μg/mL","191-24-2",0,1,1,0,NA,1,1,NA,0,NA,NA,1.59e-08,1.1e-06,NA,NA,NA,NA,NA
"111",111,111,111,"GLUFOSINATE","77182-82-2",0,0,1,0,NA,NA,1,NA,0,NA,NA,1.22e-08,1.28e-06,NA,NA,NA,NA,NA
"112",112,112,112,"2,2',4,4',5,5'-Hexachlorobiphenyl","35065-27-1",0,1,1,1,NA,1,1,1,0,NA,NA,3.8e-08,5.51e-06,1,8.07634069701139e-06,6.96644782476576e-05,0.00117106940106665,0.0101013493459103
"113",113,113,113,"Pentadecane","629-62-9",1,1,1,0,1,1,1,NA,3,11.3,85,5.29e-06,0.000281,NA,NA,NA,NA,NA
"114",114,114,114,"Decane","124-18-5",1,1,1,0,1,1,1,NA,17,0.0547,54.8,6.57e-06,0.00044,NA,NA,NA,NA,NA
"115",115,115,115,"p-Cymene","99-87-6",1,1,1,0,1,1,1,NA,2,1.01,35.6,2.13e-05,0.00118,NA,NA,NA,NA,NA
"116",116,116,116,"1,3,5-Trimethylbenzene","108-67-8",1,1,1,0,1,1,1,NA,1,8.05,8.05,3.22e-06,0.000218,NA,NA,NA,NA,NA
"117",117,117,117,"Hexadecane","544-76-3",1,1,1,0,1,1,1,NA,3,43.6,84.6,5.69e-06,0.000389,NA,NA,NA,NA,NA
"118",118,118,118,"Undecane","1120-21-4",1,1,1,0,1,1,1,NA,4,0.00022,40.9,6.37e-06,0.000451,NA,NA,NA,NA,NA
"119",119,119,119,"1,2,4,5-Tetramethylbenzene","95-93-2",0,1,1,0,NA,1,1,NA,1,24.6,24.6,2.68e-07,2.05e-05,NA,NA,NA,NA,NA
"120",120,120,120,"Dibenzothiophene","132-65-0",0,1,1,0,NA,1,1,NA,6,0.0154,118,6.47e-08,4.71e-06,NA,NA,NA,NA,NA
"121",121,121,121,"Indene","95-13-6",0,1,1,0,NA,1,1,NA,10,5.07,70.1,1.08e-06,0.000131,NA,NA,NA,NA,NA
"122",122,122,122,"Propylbenzene","103-65-1",1,1,1,0,1,1,1,NA,1,107,107,1.93e-06,0.000137,NA,NA,NA,NA,NA
"123",123,123,123,"Cyclopentane","287-92-3",0,1,1,0,NA,1,1,NA,0,NA,NA,1.75e-06,0.000133,NA,NA,NA,NA,NA
"124",124,124,124,"Isoprene (2-Methyl-1,3-butadiene)","78-79-5",0,1,1,0,NA,1,1,NA,0,NA,NA,4.77e-06,0.000325,NA,NA,NA,NA,NA
"125",125,125,125,"Methylcyclopentane 3.269 wt. %","96-37-7",0,1,1,0,NA,1,1,NA,0,NA,NA,5.74e-08,3.32e-06,NA,NA,NA,NA,NA
"126",126,126,126,"S,S,S-TRIBUTYL PHOSPHOROTRITHIOATE","78-48-8",1,1,1,0,1,1,1,NA,72,4.04,211,1.76e-07,9.21e-06,1,1.92535893635261e-08,3.80631747905514e-08,1.00753157976179e-06,1.99182863534647e-06
"127",127,127,127,"1,4-DICHLOROBENZENE","106-46-7",1,1,1,0,1,1,1,1,9,0.0108,18.3,2.88e-06,0.000299,NA,NA,NA,NA,NA
"128",128,128,128,"PHORATE","298-02-2",1,1,1,0,1,1,1,1,25,0.000579,164,1.23e-08,1.74e-06,1,1.42375959220231e-06,6.10333242274525e-06,0.000201409893531059,0.00086339824516884
"129",129,129,129,"DIBENZOFURAN","132-64-9",1,1,1,0,1,1,1,NA,4,0.00316,126,1.16e-07,8.75e-06,1,1.62353393101484e-06,2.84298387855417e-05,0.000122464843934309,0.00214449214977146
"130",130,130,130,"CRESOL, ORTHO-","95-48-7",1,1,1,0,1,1,1,NA,5,0.245,123,3.88e-05,0.00228,1,1.85829131435528e-05,4.24499610542089e-05,0.00109198561771393,0.00249448224751537
"131",131,131,131,"ETHOPROP","13194-48-4",1,1,1,0,1,1,1,NA,20,0.0101,88.9,8.62e-08,4.32e-06,1,4.31181996133009e-08,1.31691288763148e-07,2.16091209198909e-06,6.59984184984685e-06
"132",132,132,132,"N-NITROSODIPHENYLAMINE","86-30-6",1,1,1,0,1,1,1,NA,18,0.004,90.1,1.67e-07,1.43e-05,1,4.16623071878946e-07,1.40982826101677e-06,3.56749097477182e-05,0.000120721821152933
"133",133,133,133,"DIMETHOATE","60-51-5",1,1,1,0,1,1,1,1,9,0.0129,13,9.94e-07,7.55e-05,1,3.4556975371332e-07,8.79472984935656e-07,2.62480044319473e-05,6.68010164614105e-05
"134",134,134,134,"BUTYLATE","2008-41-5",1,1,1,0,1,1,1,NA,5,1.08,32.7,6.43e-08,4.36e-06,1,1.18203051306295e-07,1.50307826107491e-06,8.01501249915157e-06,0.000101919459071331
"135",135,135,135,"2,6-DINITROTOLUENE","606-20-2",1,1,1,0,1,1,1,NA,8,0.227,55.1,1.29e-07,1.02e-05,1,5.60185099944958e-08,1.50422461410784e-07,4.42937055770432e-06,1.18938690417829e-05
"136",136,136,136,"BIS(2-ETHYLHEXYL)ADIPATE","103-23-1",1,1,1,0,1,1,1,NA,3,0.151,53.8,0.000148,0.0103,1,1.33653947162283e-05,2.69603899226436e-05,0.000930159226872646,0.00187629740677858
"137",137,137,137,"CARBARYL","63-25-2",1,1,1,0,1,1,1,1,58,0.0734,121,5.61e-08,3.42e-06,1,1.15050386982144e-08,2.3812998217733e-08,7.01376690693286e-07,1.4517014956265e-06
"138",138,138,138,"permethrin","52645-53-1",1,1,1,0,1,1,1,1,47,1.11,234,2e-06,0.000129,1,0.000397535281256212,0.00372765868566168,0.0256410256410257,0.240433985225178
"139",139,139,139,"iprodione","36734-19-7",1,1,1,0,1,1,1,NA,35,0.0394,242,1.64e-08,1.84e-06,1,1.52214327275236e-07,1.68909622678503e-06,1.70777050113679e-05,0.000189508357151492
"140",140,140,140,"carbendazim","10605-21-7",1,1,1,0,1,1,1,NA,46,0.843,50.6,1e-08,1.18e-06,1,2.59298291831394e-09,5.57603277329003e-09,3.05971984361045e-07,6.57971867248223e-07
"141",141,141,141,"benomyl","17804-35-2",1,1,1,0,1,1,1,NA,44,3.16,52.5,1.11e-07,6.25e-06,1,3.09951783711876e-07,3.85687556853294e-06,1.74522400738669e-05,0.000217166417147125
"142",142,142,142,"prochloraz","67747-09-5",1,1,1,0,1,1,1,NA,139,0.0091,285,2.16e-08,2.26e-06,1,1.92682467152337e-08,6.81133509911494e-08,2.01602951742723e-06,7.12667468703693e-06
"143",143,143,143,"vinclozolin","50471-44-8",1,1,1,0,1,1,1,NA,19,0.337,69.5,8.19e-08,4.94e-06,1,1.32933637015566e-08,2.63049065775448e-08,8.0182193755421e-07,1.58664515864556e-06
"144",144,144,144,"fenitrothion","122-14-5",1,1,1,0,1,1,1,1,95,0.08,87.2,7.8e-08,5.72e-06,1,9.06632985754932e-07,8.04760833074751e-06,6.64864189553617e-05,0.000590157944254817
"145",145,145,145,"fenvalerate","51630-58-1",0,1,1,0,NA,1,1,NA,10,0.672,42.9,1.47e-07,1.01e-05,1,3.18608260282436e-07,2.80023425631563e-06,2.18907716248476e-05,0.000192397047542775
"146",146,146,146,"Ethoxyquin","91-53-2",1,1,1,0,1,1,1,NA,74,0.0393,164,1.83e-07,2.93e-05,1,6.47992408684276e-07,6.12565043664745e-06,0.000103749604231963,0.000980773539856668
"147",147,147,147,"Myclobutanil","88671-89-0",1,1,1,0,1,1,1,NA,48,0.01,104,8.75e-08,5.99e-06,1,5.16395749089721e-08,1.49498256353147e-07,3.53509775662563e-06,1.02342234920611e-05
"148",148,148,148,"Tebuconazole","107534-96-3",1,1,1,0,1,1,1,NA,53,0.000237,164,1.58e-08,1.7e-06,1,2.03521339599921e-08,6.29433677285279e-08,2.1897865653156e-06,6.7723876669935e-06
"149",149,149,149,"Rotenone","83-79-4",1,1,1,0,1,1,1,NA,124,9.75e-05,57.7,2.15e-08,1.82e-06,1,2.18499311224581e-08,8.69482785917631e-08,1.84962207641273e-06,7.36027288544227e-06
"150",150,150,150,"Aldicarb","116-06-3",1,1,1,0,1,1,1,NA,17,0.0149,164,1.25e-08,9.61e-07,1,5.32278942644999e-08,1.32405380139574e-07,4.09216051105475e-06,1.01793256251304e-05
"151",151,151,151,"Thiabendazole","148-79-8",1,1,1,0,1,1,1,NA,24,0.0135,130,7.28e-08,3.3e-06,1,1.00484240178756e-06,2.46817469253386e-06,4.55491748063042e-05,0.000111881545128595
"152",152,152,152,"2-Phenylphenol","90-43-7",1,1,1,0,1,1,1,1,36,0.171,83.9,1.29e-05,0.000849,1,0.000736847011563945,0.00179037874122524,0.0484948149471155,0.117831903201568
"153",153,153,153,"Reserpine","50-55-5",1,1,1,0,1,1,1,NA,112,1.11,128,8.18e-08,5.07e-06,1,8.71914691751612e-06,9.89356538769255e-05,0.000540416563225021,0.0061320753686554
"154",154,154,154,"Linuron","330-55-2",1,1,1,0,1,1,1,NA,51,0.000202,70.7,1.47e-08,1.14e-06,1,4.68227683580525e-09,1.32064034163074e-08,3.63115346450203e-07,1.02417006085649e-06
"155",155,155,155,"Fenarimol","60168-88-9",1,1,1,0,1,1,1,NA,114,0.01,343,1.26e-07,5.85e-06,1,2.83626586942731e-07,8.69181091589855e-07,1.31683772509125e-05,4.03548363952433e-05
"156",156,156,156,"Bisphenol A","80-05-7",1,1,1,0,1,1,1,1,126,0.0499,253,2.11e-05,0.002,1,1.01968166595938e-05,2.8926075537725e-05,0.00096652290612264,0.00274180810784124
"157",157,157,157,"Diethylstilbestrol (DES)","56-53-1",1,1,1,0,1,1,1,NA,189,7.43e-05,128,1.63e-07,1.48e-05,1,1.08882940852859e-07,9.39456910689825e-07,9.88630383203872e-06,8.53003820749043e-05
"158",158,158,158,"Metalaxyl","57837-19-1",1,1,1,0,1,1,1,NA,14,0.201,81.8,1.01e-07,6.03e-06,1,1.92615361344783e-07,4.68157913678898e-07,1.14997091971192e-05,2.79504180146906e-05
"159",159,159,159,"Abamectin","71751-41-2",1,1,1,0,1,1,1,NA,187,0.116,122,4.37e-08,3.34e-06,1,1.12673158205271e-08,3.57478738023695e-08,8.61163268662713e-07,2.73221735697744e-06
"160",160,160,160,"Pyriproxyfen","95737-68-1",1,1,1,0,1,1,1,NA,56,0.00131,86.8,1.62e-08,2.24e-06,1,9.32767568883974e-09,8.80259284567745e-08,1.28975268783957e-06,1.21714864038997e-05
"161",161,161,161,"Propyzamide","23950-58-5",1,1,1,0,1,1,1,NA,33,0.00988,112,1.59e-08,1.99e-06,1,2.82124466754574e-08,9.38963018789092e-08,3.53099175372077e-06,1.17518013043415e-05
"162",162,162,162,"Phosmet","732-11-6",1,1,1,0,1,1,1,1,28,0.463,88.2,9.34e-08,5.22e-06,1,5.89480586027924e-08,1.90157875365632e-07,3.29452747223315e-06,1.06276671242891e-05
"163",163,163,163,"Pentachloronitrobenzene","82-68-8",1,1,1,0,1,1,1,1,63,0.292,96.2,1.14e-07,5.91e-06,1,2.09205463890372e-07,2.13338698157356e-06,1.08456516806325e-05,0.000110599272465787
"164",164,164,164,"Norflurazon","27314-13-2",1,1,1,0,1,1,1,NA,38,0.094,32.5,1.08e-07,6.53e-06,1,4.66311932283886e-08,1.25866839273428e-07,2.81946010908683e-06,7.6102820412545e-06
"165",165,165,165,"MGK-264","113-48-4",1,1,1,0,1,1,1,NA,77,0.103,113,2.65e-07,3.02e-05,1,7.48433534663972e-05,0.000767533868829968,0.00852931801767998,0.0874698975043963
"166",166,166,166,"Malathion","121-75-5",1,1,1,0,1,1,1,1,70,9e-04,285,1.53e-06,8.99e-05,1,2.36384912890759e-06,2.68352643560269e-05,0.000138895448816204,0.00157679102327243
"167",167,167,167,"Chlorthal-dimethyl","1861-32-1",1,1,1,0,1,1,1,NA,19,0.112,126,1.26e-07,7.29e-06,1,6.24850284980559e-08,2.95971705979068e-07,3.61520522024466e-06,1.71240772745032e-05
"168",168,168,168,"Bifenthrin","82657-04-3",1,1,1,0,1,1,1,NA,45,0.01,67.2,2.33e-08,2e-06,1,1.8867024677588e-09,4.03395249576748e-09,1.61948709678867e-07,3.46262016804076e-07
"169",169,169,169,"6-Propyl-2-thiouracil","51-52-5",1,1,1,0,1,1,1,NA,9,0.27,27.7,1.22e-07,8.27e-06,1,1.93477008554912e-07,4.87461864501743e-07,1.31152037766321e-05,3.30435214707329e-05
"170",170,170,170,"INDENO(1,2,3-CD)PYRENE","193-39-5",0,0,0,0,NA,NA,NA,NA,0,NA,NA,NA,NA,NA,NA,NA,NA,NA
"171",171,171,171,"2,2',3,4,4',5,5'-Heptachlorobiphenyl","35065-29-3",0,0,0,1,NA,NA,NA,1,0,NA,NA,NA,NA,NA,NA,NA,NA,NA
"172",172,172,172,"2,2',3,4,4',5'-Hexachlorobiphenyl","35065-28-2",0,0,0,1,NA,NA,NA,1,0,NA,NA,NA,NA,NA,NA,NA,NA,NA
"173",173,173,173,"2,2',4,5,5'-Pentachlorobiphenyl","37680-73-2",0,0,0,1,NA,NA,NA,1,0,NA,NA,NA,NA,NA,NA,NA,NA,NA
"174",174,174,174,"2,2',5,5'-Tetrachlorobiphenyl","35693-99-3",0,0,0,1,NA,NA,NA,1,0,NA,NA,NA,NA,NA,NA,NA,NA,NA
"175",175,175,175,"3,3',4-Trichlorobiphenyl","37680-69-6",0,0,0,0,NA,NA,NA,NA,0,NA,NA,NA,NA,NA,NA,NA,NA,NA
"176",176,176,176,"2,4,4'-Trichlorobiphenyl","7012-37-5",0,0,0,1,NA,NA,NA,1,0,NA,NA,NA,NA,NA,NA,NA,NA,NA
"177",177,177,177,"2,3,3'-Trichlorobiphenyl","38444-84-7",0,0,0,0,NA,NA,NA,NA,0,NA,NA,NA,NA,NA,NA,NA,NA,NA
"178",178,178,178,"2,4'-Dichlorobiphenyl","34883-43-7",0,0,0,0,NA,NA,NA,NA,0,NA,NA,NA,NA,NA,NA,NA,NA,NA
"179",179,179,179,"Phenanthrene","85-01-08",0,0,0,0,NA,NA,NA,NA,0,NA,NA,NA,NA,NA,NA,NA,NA,NA
"180",180,180,180,"ORGANOSILICONE","67763-03-5",0,0,0,0,NA,NA,NA,NA,0,NA,NA,NA,NA,NA,NA,NA,NA,NA
"181",181,181,181,"OXITENO (EMULSIFYING AGENT)","25322-68-3",0,0,0,0,NA,NA,NA,NA,0,NA,NA,NA,NA,NA,NA,NA,NA,NA
"182",182,182,182,"PYRASOSULFURON ETHYL","93697-74-6",0,0,0,0,NA,NA,NA,NA,0,NA,NA,NA,NA,NA,NA,NA,NA,NA
"183",183,183,183,"TRIFLOXYSULFURON","145099-21-4",0,0,0,0,NA,NA,NA,NA,0,NA,NA,NA,NA,NA,NA,NA,NA,NA
"184",184,184,184,"GLYPHOSATE","1071-83-6",0,0,0,0,NA,NA,NA,NA,0,NA,NA,NA,NA,NA,NA,NA,NA,NA
"185",185,185,185,"INDAZIFLAM","950782-86-2",0,0,0,0,NA,NA,NA,NA,0,NA,NA,NA,NA,NA,NA,NA,NA,NA
"186",186,186,186,"Allylbenzene","300-57-2",0,0,0,0,NA,NA,NA,NA,0,NA,NA,NA,NA,NA,NA,NA,NA,NA
"187",187,187,187,"Cyclopentene","142-29-0",0,0,0,0,NA,NA,NA,NA,0,NA,NA,NA,NA,NA,NA,NA,NA,NA
"188",188,188,188,"cis-1,3-Pentadiene","1574-41-0",0,0,0,0,NA,NA,NA,NA,0,NA,NA,NA,NA,NA,NA,NA,NA,NA
"189",189,189,189,"Naphtha (petroleum), hydrotreated heavy","64742-48-9",0,0,0,0,NA,NA,NA,NA,0,NA,NA,NA,NA,NA,NA,NA,NA,NA
"190",190,190,190,"Naphthalene, methyl-","1321-94-4",0,0,0,0,NA,NA,NA,NA,0,NA,NA,NA,NA,NA,NA,NA,NA,NA
"191",191,191,191,"4,7-Methano-1H-indene, octahydro-","6004-38-2",0,0,0,0,NA,NA,NA,NA,0,NA,NA,NA,NA,NA,NA,NA,NA,NA
"192",192,192,192,"2-Methylbutane (Butane, 2-methyl-)","78-78-4",0,0,0,0,NA,NA,NA,NA,0,NA,NA,NA,NA,NA,NA,NA,NA,NA
"193",193,193,193,"cis,trans,cis-1,2,4-Trimethylcyclopentane 1.673 wt. %","16883-48-0",0,0,0,0,NA,NA,NA,NA,0,NA,NA,NA,NA,NA,NA,NA,NA,NA
"194",194,194,194,"cis,cis,cis-1,3,5-Trimethylcyclohexane 3.558 wt. %","1795-27-3",0,0,0,0,NA,NA,NA,NA,0,NA,NA,NA,NA,NA,NA,NA,NA,NA
"195",195,195,195,"cis,trans,trans-1,2,4-Trimethylcyclohexane 3.634 wt. %","1678-80-4",0,0,0,0,NA,NA,NA,NA,0,NA,NA,NA,NA,NA,NA,NA,NA,NA
"196",196,196,196,"cis,trans,cis-1,2,4-Trimethylcyclohexane 3.541 wt. %","7667-59-6",0,0,0,0,NA,NA,NA,NA,0,NA,NA,NA,NA,NA,NA,NA,NA,NA
"197",197,197,197,"1,1,4-Trimethylcyclohexane 3.68 wt. %","7094-27-1",0,0,0,0,NA,NA,NA,NA,0,NA,NA,NA,NA,NA,NA,NA,NA,NA
"198",198,198,198,"1,1,2-Trimethylcyclohexane 3.371 wt. %","7094-26-0",0,0,0,0,NA,NA,NA,NA,0,NA,NA,NA,NA,NA,NA,NA,NA,NA
"199",199,199,199,"Propylcyclopentane 3.677 wt. %","2040-96-2",0,0,0,0,NA,NA,NA,NA,0,NA,NA,NA,NA,NA,NA,NA,NA,NA
"200",200,200,200,"trans-1-Methyl-2-propylcyclohexane 3.289 wt. %","42806-77-9",0,0,0,0,NA,NA,NA,NA,0,NA,NA,NA,NA,NA,NA,NA,NA,NA
"201",201,201,201,"t-1-Methyl-2-(4MP)cyclopentane 3.795 wt. %","66553-50-2",0,0,0,0,NA,NA,NA,NA,0,NA,NA,NA,NA,NA,NA,NA,NA,NA
"202",202,202,202,"Methylcyclohexane 5.711 wt. %","108-87-2",0,0,0,0,NA,NA,NA,NA,0,NA,NA,NA,NA,NA,NA,NA,NA,NA
"203",203,203,203,"Isopropylcyclopentane 3.511 wt. %","3875-51-2",0,0,0,0,NA,NA,NA,NA,0,NA,NA,NA,NA,NA,NA,NA,NA,NA
"204",204,204,204,"Isopropylcyclohexane 5.77 wt. %","696-29-7",0,0,0,0,NA,NA,NA,NA,0,NA,NA,NA,NA,NA,NA,NA,NA,NA
"205",205,205,205,"Isobutylcyclopentane 3.727 wt. %","3788-32-7",0,0,0,0,NA,NA,NA,NA,0,NA,NA,NA,NA,NA,NA,NA,NA,NA
"206",206,206,206,"Isobutylcyclohexane 5.639 wt. %","1678-98-4",0,0,0,0,NA,NA,NA,NA,0,NA,NA,NA,NA,NA,NA,NA,NA,NA
"207",207,207,207,"1-Ethyl-1-methylcyclopentane 1.076 wt. %","16747-50-5",0,0,0,0,NA,NA,NA,NA,0,NA,NA,NA,NA,NA,NA,NA,NA,NA
"208",208,208,208,"Ethylcyclopentane 3.575 wt. %","1640-89-7",0,0,0,0,NA,NA,NA,NA,0,NA,NA,NA,NA,NA,NA,NA,NA,NA
"209",209,209,209,"trans-1,3-Dimethylcyclopentane 2.749 wt. %","1759-58-6",0,0,0,0,NA,NA,NA,NA,0,NA,NA,NA,NA,NA,NA,NA,NA,NA
"210",210,210,210,"cis-1,3-Dimethylcyclopentane .604 wt. %","2532-58-3",0,0,0,0,NA,NA,NA,NA,0,NA,NA,NA,NA,NA,NA,NA,NA,NA
"211",211,211,211,"trans-1,2-Dimethylcyclopentane 1.468 wt. %","822-50-4",0,0,0,0,NA,NA,NA,NA,0,NA,NA,NA,NA,NA,NA,NA,NA,NA
"212",212,212,212,"1,1-Dimethylcyclopentane 3.483 wt. %","1638-26-2",0,0,0,0,NA,NA,NA,NA,0,NA,NA,NA,NA,NA,NA,NA,NA,NA
"213",213,213,213,"trans-1,4-Dimethylcyclohexane 3.557 wt. %","2207-04-7",0,0,0,0,NA,NA,NA,NA,0,NA,NA,NA,NA,NA,NA,NA,NA,NA
"214",214,214,214,"trans-1,2-Dimethylcyclohexane 1.669 wt. %","6876-23-9",0,0,0,0,NA,NA,NA,NA,0,NA,NA,NA,NA,NA,NA,NA,NA,NA
"215",215,215,215,"cis-1,2-Dimethylcyclohexane 3.725 wt. %","2207-01-4",0,0,0,0,NA,NA,NA,NA,0,NA,NA,NA,NA,NA,NA,NA,NA,NA
"216",216,216,216,"n-Butylcyclopentane 3.724 wt. %","2040-95-1",0,0,0,0,NA,NA,NA,NA,0,NA,NA,NA,NA,NA,NA,NA,NA,NA
"217",217,217,217,"Dibenz[a,j]acridine","224-42-0",0,0,0,0,NA,NA,NA,NA,0,NA,NA,NA,NA,NA,NA,NA,NA,NA
"218",218,218,218,"Benzo[j]fluoranthene","205-82-3",0,0,0,0,NA,NA,NA,NA,0,NA,NA,NA,NA,NA,NA,NA,NA,NA
"219",219,219,219,"Dibenz[a,h]acridine","226-36-8",0,0,0,0,NA,NA,NA,NA,0,NA,NA,NA,NA,NA,NA,NA,NA,NA
"220",220,220,220,"Dibenzo[a,h]pyrene","192-51-8",0,0,0,0,NA,NA,NA,NA,0,NA,NA,NA,NA,NA,NA,NA,NA,NA
"221",221,221,221,"Dibenzo[a,e]pyrene","192-65-4",0,0,0,0,NA,NA,NA,NA,0,NA,NA,NA,NA,NA,NA,NA,NA,NA
"222",222,222,222,"CHLOROFORM","67-66-3",0,1,1,0,NA,1,1,1,0,NA,NA,3.5e-06,0.000289,NA,NA,NA,NA,NA
"223",223,223,223,"TRICHLOROETHYLENE","79-01-6",0,1,1,0,NA,1,1,1,0,NA,NA,7.27e-06,0.00054,NA,NA,NA,NA,NA
"224",224,224,224,"HEXACHLOROBUTADIENE","87-68-3",0,1,1,0,NA,1,1,NA,17,19.7,164,4.1e-06,0.000293,NA,NA,NA,NA,NA
"225",225,225,225,"DDE, P,P'-","72-55-9",1,1,1,0,1,1,1,1,109,3.14,104,9.84e-08,7.29e-06,NA,NA,NA,NA,NA
"226",226,226,226,"CHLORDANE","57-74-9",1,1,1,0,1,1,1,NA,162,1.33,140,1.53e-07,8.93e-06,NA,NA,NA,NA,NA
"227",227,227,227,"ACROLEIN","107-02-8",0,1,1,0,NA,1,1,1,0,NA,NA,1.28e-07,1.13e-05,NA,NA,NA,NA,NA
"228",228,228,228,"TOXAPHENE","8001-35-2",0,1,1,0,NA,1,1,NA,0,NA,NA,1.48e-07,7.32e-06,NA,NA,NA,NA,NA
"229",229,229,229,"TETRACHLOROETHYLENE","127-18-4",0,1,1,0,NA,1,1,1,0,NA,NA,4.59e-06,0.000436,NA,NA,NA,NA,NA
"230",230,230,230,"1,2-DIBROMOETHANE","106-93-4",0,1,1,0,NA,1,1,NA,4,25.5,56.6,2.82e-08,2.87e-06,NA,NA,NA,NA,NA
"231",231,231,231,"1,2-DIBROMO-3-CHLOROPROPANE","96-12-8",0,1,1,0,NA,1,1,1,0,NA,NA,7.02e-08,3.64e-06,NA,NA,NA,NA,NA
"232",232,232,232,"CARBON TETRACHLORIDE","56-23-5",0,1,1,0,NA,1,1,1,0,NA,NA,4.97e-06,0.000458,NA,NA,NA,NA,NA
"233",233,233,233,"AROCLOR 1016","12674-11-2",0,1,1,0,NA,1,1,NA,0,NA,NA,2.52e-08,2.83e-06,NA,NA,NA,NA,NA
"234",234,234,234,"3,3'-DICHLOROBENZIDINE","91-94-1",0,1,1,0,NA,1,1,NA,0,NA,NA,2.86e-06,0.00018,NA,NA,NA,NA,NA
"235",235,235,235,"PENTACHLOROBENZENE","608-93-5",0,1,1,0,NA,1,1,NA,0,NA,NA,1.54e-08,1.56e-06,NA,NA,NA,NA,NA
"236",236,236,236,"1,1-DICHLOROETHENE","75-35-4",0,1,1,0,NA,1,1,1,0,NA,NA,8.06e-08,9.84e-06,NA,NA,NA,NA,NA
"237",237,237,237,"BIS(2-CHLOROETHYL) ETHER","111-44-4",1,1,1,0,1,1,1,NA,7,0.592,40.9,2.82e-07,2.46e-05,NA,NA,NA,NA,NA
"238",238,238,238,"METHYLENE CHLORIDE","75-09-2",0,1,1,0,NA,1,1,1,0,NA,NA,2.02e-06,0.00023,NA,NA,NA,NA,NA
"239",239,239,239,"4,4'-METHYLENEBIS(2-CHLOROANILINE)","101-14-4",0,1,1,0,NA,1,1,NA,0,NA,NA,4.62e-06,0.000325,NA,NA,NA,NA,NA
"240",240,240,240,"1,2-DICHLOROETHANE","107-06-2",0,1,1,0,NA,1,1,1,0,NA,NA,4.9e-06,0.000784,NA,NA,NA,NA,NA
"241",241,241,241,"HEXACHLOROCYCLOHEXANE, ALPHA-","319-84-6",0,1,1,0,NA,1,1,NA,0,NA,NA,1.02e-07,5.02e-06,NA,NA,NA,NA,NA
"242",242,242,242,"1,1,1-TRICHLOROETHANE","71-55-6",0,1,1,0,NA,1,1,1,0,NA,NA,7.83e-05,0.00533,NA,NA,NA,NA,NA
"243",243,243,243,"N-NITROSODI-N-PROPYLAMINE","621-64-7",1,1,1,0,1,1,1,NA,7,0.00153,48.9,4.55e-07,4.07e-05,NA,NA,NA,NA,NA
"244",244,244,244,"CHLOROBENZENE","108-90-7",0,1,1,0,NA,1,1,1,0,NA,NA,4.23e-05,0.00207,NA,NA,NA,NA,NA
"245",245,245,245,"CHLORDECONE","143-50-0",1,1,1,0,1,1,1,NA,178,0.0832,221,1.94e-07,1.18e-05,NA,NA,NA,NA,NA
"246",246,246,246,"1,1,2,2-TETRACHLOROETHANE","79-34-5",0,1,1,0,NA,1,1,1,0,NA,NA,3.68e-05,0.00267,NA,NA,NA,NA,NA
"247",247,247,247,"1,1-DICHLOROETHANE","75-34-3",0,1,1,0,NA,1,1,1,0,NA,NA,1.2e-08,1.55e-06,NA,NA,NA,NA,NA
"248",248,248,248,"NALED","300-76-5",1,1,1,0,1,1,1,1,118,0.00134,83.1,1.22e-07,7.73e-06,NA,NA,NA,NA,NA
"249",249,249,249,"1,1,2-TRICHLOROETHANE","79-00-5",0,1,1,0,NA,1,1,1,0,NA,NA,1.1e-07,1.02e-05,NA,NA,NA,NA,NA
"250",250,250,250,"HEXACHLOROCYCLOPENTADIENE","77-47-4",1,1,1,0,1,1,1,NA,125,6.1e-05,63.6,1.41e-07,2.32e-05,NA,NA,NA,NA,NA
"251",251,251,251,"1,2-DIPHENYLHYDRAZINE","122-66-7",1,1,1,0,1,1,1,NA,21,0.819,118,1.49e-07,1.01e-05,NA,NA,NA,NA,NA
"252",252,252,252,"1,2-DICHLOROBENZENE","95-50-1",1,1,1,0,1,1,1,1,6,0.0102,50.2,2.54e-06,0.000148,NA,NA,NA,NA,NA
"253",253,253,253,"1,2-DICHLOROETHENE, TRANS-","156-60-5",0,1,1,0,NA,1,1,1,1,42.8,42.8,2.76e-08,3.77e-06,NA,NA,NA,NA,NA
"254",254,254,254,"CARBON DISULFIDE","75-15-0",0,1,1,0,NA,1,1,1,0,NA,NA,2.43e-06,0.000185,NA,NA,NA,NA,NA
"255",255,255,255,"2,4-DIMETHYLPHENOL","105-67-9",1,1,1,0,1,1,1,NA,19,0.114,104,1.95e-08,1.85e-06,NA,NA,NA,NA,NA
"256",256,256,256,"ACETONE","67-64-1",0,1,1,0,NA,1,1,NA,0,NA,NA,4.72e-05,0.00457,NA,NA,NA,NA,NA
"257",257,257,257,"HEXACHLOROETHANE","67-72-1",0,1,1,0,NA,1,1,1,0,NA,NA,6.96e-08,7.97e-06,NA,NA,NA,NA,NA
"258",258,258,258,"BUTYL BENZYL PHTHALATE","85-68-7",1,1,1,0,1,1,1,1,44,2.31,119,0.000115,0.00687,NA,NA,NA,NA,NA
"259",259,259,259,"DICHLORVOS","62-73-7",1,1,1,0,1,1,1,1,50,4.97,98.9,1.37e-08,1.38e-06,NA,NA,NA,NA,NA
"260",260,260,260,"N-NITROSODIMETHYLAMINE","62-75-9",1,1,1,0,1,1,1,NA,3,0.0289,76.9,3.01e-07,2.02e-05,NA,NA,NA,NA,NA
"261",261,261,261,"1,2,4-TRICHLOROBENZENE","120-82-1",1,1,1,0,1,1,1,1,1,0.748,0.748,2.71e-08,2.86e-06,NA,NA,NA,NA,NA
"262",262,262,262,"BROMOFORM","75-25-2",0,1,1,0,NA,1,1,1,0,NA,NA,1.93e-07,1.1e-05,NA,NA,NA,NA,NA
"263",263,263,263,"1,3-DICHLOROBENZENE","541-73-1",1,1,1,0,1,1,1,1,3,0.0671,3.43,1.96e-06,0.000132,NA,NA,NA,NA,NA
"264",264,264,264,"2,4-DICHLOROPHENOL","120-83-2",1,1,1,0,1,1,1,1,14,0.152,121,4.99e-07,4.56e-05,NA,NA,NA,NA,NA
"265",265,265,265,"1,4-DIOXANE","123-91-1",0,1,1,0,NA,1,1,NA,0,NA,NA,1.1e-06,6.84e-05,NA,NA,NA,NA,NA
"266",266,266,266,"2-BUTANONE","78-93-3",0,1,1,0,NA,1,1,NA,0,NA,NA,4.4e-05,0.00328,NA,NA,NA,NA,NA
"267",267,267,267,"1,2-DICHLOROETHYLENE","540-59-0",0,1,1,0,NA,1,1,NA,0,NA,NA,3.18e-07,3.28e-05,NA,NA,NA,NA,NA
"268",268,268,268,"4-AMINOBIPHENYL","92-67-1",0,1,1,0,NA,1,1,NA,0,NA,NA,1.73e-06,0.000126,NA,NA,NA,NA,NA
"269",269,269,269,"BIS(CHLOROMETHYL) ETHER","542-88-1",0,1,1,0,NA,1,1,NA,0,NA,NA,1.15e-08,1.66e-06,NA,NA,NA,NA,NA
"270",270,270,270,"DIBROMOCHLOROMETHANE","124-48-1",0,1,1,0,NA,1,1,1,0,NA,NA,2.03e-08,3.73e-06,NA,NA,NA,NA,NA
"271",271,271,271,"CRESOLS","1319-77-3",0,1,1,0,NA,1,1,NA,0,NA,NA,3.3e-05,0.00168,NA,NA,NA,NA,NA
"272",272,272,272,"2-CHLOROPHENOL","95-57-8",1,1,1,0,1,1,1,NA,2,0.733,64.3,8.33e-08,6.79e-06,NA,NA,NA,NA,NA
"273",273,273,273,"DIMETHYL FORMAMIDE","68-12-2",1,1,1,0,1,1,1,1,2,0.685,2.56,2.45e-06,0.000184,NA,NA,NA,NA,NA
"274",274,274,274,"DIMETHYLANILINE","121-69-7",1,1,1,0,1,1,1,NA,1,10.9,10.9,1.44e-08,1.17e-06,NA,NA,NA,NA,NA
"275",275,275,275,"PENTAERYTHRITOL TETRANITRATE","78-11-5",0,1,1,0,NA,1,1,NA,4,2.08,93.9,9.85e-08,9.88e-06,NA,NA,NA,NA,NA
"276",276,276,276,"ACRYLONITRILE","107-13-1",0,1,1,0,NA,1,1,1,5,1.12,114,2.82e-06,0.000275,NA,NA,NA,NA,NA
"277",277,277,277,"1,2-DICHLOROETHENE, CIS-","156-59-2",0,1,1,0,NA,1,1,1,0,NA,NA,8.1e-08,5.96e-06,NA,NA,NA,NA,NA
"278",278,278,278,"CARBAZOLE","86-74-8",0,1,1,0,NA,1,1,NA,0,NA,NA,1.61e-07,1.36e-05,NA,NA,NA,NA,NA
"279",279,279,279,"1,2,3-TRICHLOROPROPANE","96-18-4",1,1,1,0,1,1,1,NA,1,46,46,1.33e-08,1.34e-06,NA,NA,NA,NA,NA
"280",280,280,280,"METHYL ISOBUTYL KETONE","108-10-1",0,1,1,0,NA,1,1,NA,0,NA,NA,5.41e-05,0.00392,NA,NA,NA,NA,NA
"281",281,281,281,"b-cypermethrin","52315-07-8",1,1,1,0,1,1,1,1,54,0.123,64.5,1.62e-06,0.00014,NA,NA,NA,NA,NA
"282",282,282,282,"b-cyfluthrin","68359-37-5",1,1,1,0,1,1,1,1,43,0.0927,253,1.9e-06,9.88e-05,NA,NA,NA,NA,NA
"283",283,283,283,"methomyl","16752-77-5",1,1,1,0,1,1,1,NA,5,0.283,39,5.76e-08,3.55e-06,NA,NA,NA,NA,NA
"284",284,284,284,"propiconazole","60207-90-1",1,1,1,0,1,1,1,NA,81,0.0943,113,1.63e-08,1.52e-06,NA,NA,NA,NA,NA
"285",285,285,285,"deltamethrin","52918-63-5",0,1,1,0,NA,1,1,1,14,0.175,73.7,2.12e-06,0.000121,NA,NA,NA,NA,NA
"286",286,286,286,"Azobenzene","103-33-3",1,1,1,0,1,1,1,NA,10,1.95,130,5.71e-08,3.67e-06,NA,NA,NA,NA,NA
"287",287,287,287,"Tris(2-chloroethyl) phosphate","115-96-8",1,1,1,0,1,1,1,NA,2,45,63.2,6.96e-06,0.000436,NA,NA,NA,NA,NA
"288",288,288,288,"Acrylamide","79-06-1",1,1,1,0,1,1,1,1,19,0.0491,164,2.62e-08,4.14e-06,NA,NA,NA,NA,NA
"289",289,289,289,"2-Methyoxyethanol","109-86-4",1,1,1,0,1,1,1,NA,5,0.01,47.9,9.73e-07,7.66e-05,NA,NA,NA,NA,NA
"290",290,290,290,"Captan","133-06-2",1,1,1,0,1,1,1,NA,133,0.0407,138,1.09e-07,7.83e-06,NA,NA,NA,NA,NA
"291",291,291,291,"Benzoic acid","65-85-0",1,1,1,0,1,1,1,NA,1,33.6,33.6,5.53e-05,0.00387,NA,NA,NA,NA,NA
"292",292,292,292,"Adipic acid","124-04-9",1,1,1,0,1,1,1,NA,1,12.4,12.4,0.000117,0.0113,NA,NA,NA,NA,NA
"293",293,293,293,"Bis(tributyltin)oxide","56-35-9",0,1,1,0,NA,1,1,NA,0,NA,NA,5.74e-08,4.51e-06,NA,NA,NA,NA,NA
"294",294,294,294,"Hexachlorophene","70-30-4",0,1,1,0,NA,1,1,NA,0,NA,NA,1.85e-08,2.53e-06,NA,NA,NA,NA,NA
"295",295,295,295,"17beta-Estradiol","50-28-2",1,1,1,0,1,1,1,NA,94,3.12e-05,70.6,3.2e-08,2.23e-06,NA,NA,NA,NA,NA
"296",296,296,296,"Isophorone","78-59-1",1,1,1,0,1,1,1,NA,3,11,48.7,4.59e-05,0.00286,NA,NA,NA,NA,NA
"297",297,297,297,"Propargite","2312-35-8",1,1,1,0,1,1,1,NA,148,0.0573,117,1.39e-07,7.03e-06,NA,NA,NA,NA,NA
"298",298,298,298,"Ethylene thiourea","96-45-7",1,1,1,0,1,1,1,1,9,0.000273,32.8,8.65e-09,8.25e-07,NA,NA,NA,NA,NA
"299",299,299,299,"Chlorothalonil","1897-45-6",1,1,1,0,1,1,1,NA,177,0.01,120,2.18e-07,2.82e-05,NA,NA,NA,NA,NA
"300",300,300,300,"Ammonium perchlorate","7790-98-9",0,1,1,0,NA,1,1,NA,0,NA,NA,6.55e-08,5.44e-06,NA,NA,NA,NA,NA
"301",301,301,301,"HYDRAZINE","302-01-2",0,0,1,0,NA,NA,1,NA,0,NA,NA,1.01e-06,5.35e-05,NA,NA,NA,NA,NA
"302",302,302,302,"RDX (Cyclonite)","121-82-4",0,0,1,0,NA,NA,1,NA,0,NA,NA,6.72e-08,6.75e-06,NA,NA,NA,NA,NA
"303",303,303,303,"NITRATE","14797-55-8",0,0,1,0,NA,NA,1,1,0,NA,NA,6.58e-09,7.61e-07,NA,NA,NA,NA,NA
"304",304,304,304,"FORMALDEHYDE","50-00-0",0,0,1,0,NA,NA,1,NA,0,NA,NA,1.32e-06,0.000155,NA,NA,NA,NA,NA
"305",305,305,305,"ARSINE","7784-42-1",0,0,1,0,NA,NA,1,1,0,NA,NA,1.46e-08,1.44e-06,NA,NA,NA,NA,NA
"306",306,306,306,"AROCLOR 1260","11096-82-5",0,1,1,0,NA,1,1,NA,0,NA,NA,2.83e-06,0.000226,NA,NA,NA,NA,NA
"307",307,307,307,"ENDOSULFAN, ALPHA","959-98-8",0,1,1,0,NA,1,1,NA,34,1.38,129,1.39e-07,7.56e-06,NA,NA,NA,NA,NA
"308",308,308,308,"ENDOSULFAN SULFATE","1031-07-8",0,1,1,0,NA,1,1,NA,38,0.0608,164,1.34e-07,6.43e-06,NA,NA,NA,NA,NA
"309",309,309,309,"DDD, O,P'-","53-19-0",0,1,1,0,NA,1,1,NA,61,0.962,164,9.91e-08,6.41e-06,NA,NA,NA,NA,NA
"310",310,310,310,"P-XYLENE","106-42-3",0,1,1,0,NA,1,1,1,0,NA,NA,9.21e-05,0.00496,NA,NA,NA,NA,NA
"311",311,311,311,"ARSENIC TRIOXIDE","1327-53-3",0,1,1,0,NA,1,1,NA,0,NA,NA,8.97e-08,9.73e-06,NA,NA,NA,NA,NA
"312",312,312,312,"STROBANE","8001-50-1",0,1,1,0,NA,1,1,NA,0,NA,NA,1.35e-07,6.53e-06,NA,NA,NA,NA,NA
"313",313,313,313,"CARBOPHENOTHION","786-19-6",0,1,1,0,NA,1,1,NA,0,NA,NA,1.17e-07,5.09e-06,NA,NA,NA,NA,NA
"314",314,314,314,"4-NITROPHENOL","100-02-7",1,1,1,0,1,1,1,1,6,0.102,83.5,1.21e-07,9.47e-06,NA,NA,NA,NA,NA
"315",315,315,315,"2-CHLOROANILINE","95-51-2",0,1,1,0,NA,1,1,NA,0,NA,NA,1.05e-07,6.95e-06,NA,NA,NA,NA,NA
"316",316,316,316,"tetramethrin","7696-12-0",1,1,1,0,1,1,1,NA,95,4.68,118,1.66e-08,1.49e-06,1,1.48193454735476e-08,1.33283778937287e-07,1.33017016599916e-06,1.19634235311179e-05
"317",317,317,317,"ICI 182,780","129453-61-8",1,1,1,0,1,1,1,NA,37,0.000984,20.9,4.01e-07,1.88e-05,NA,NA,NA,NA,NA
"318",318,318,318,"norethindrone","68-22-4",1,1,1,0,1,1,1,NA,70,3e-05,40.9,2.08e-07,1.5e-05,NA,NA,NA,NA,NA
"319",319,319,319,"levonorgestrel","797-63-7",1,1,1,0,1,1,1,NA,34,2e-04,112,3.55e-08,4.15e-06,NA,NA,NA,NA,NA
"320",320,320,320,"17b-trenbolone","10161-33-8",1,1,1,0,1,1,1,NA,101,1e-05,151,1.67e-07,1.68e-05,NA,NA,NA,NA,NA
"321",321,321,321,"4-androstenedione","63-05-8",1,1,1,0,1,1,1,NA,40,0.000838,86.6,2.2e-07,1.5e-05,1,5.71677122768118e-08,1.38741210802999e-07,3.89779856432808e-06,9.45962800929536e-06
"322",322,322,322,"cyproterone acetate","427-51-0",1,1,1,0,1,1,1,NA,67,0.000375,164,3.97e-08,6.13e-06,NA,NA,NA,NA,NA
"323",323,323,323,"nilutamide","63612-50-0",1,1,1,0,1,1,1,NA,26,0.00626,81.2,2.26e-07,1.76e-05,NA,NA,NA,NA,NA
"324",324,324,324,"mifepristone","84371-65-3",1,1,1,0,1,1,1,NA,132,0.000208,79.7,2.93e-07,3.16e-05,NA,NA,NA,NA,NA
"325",325,325,325,"resveratrol","501-36-0",0,1,1,0,NA,1,1,NA,0,NA,NA,1.78e-07,9.77e-06,NA,NA,NA,NA,NA
"326",326,326,326,"finasteride","98319-26-7",0,1,1,0,NA,1,1,NA,11,1.38,285,4.2e-08,4.26e-06,NA,NA,NA,NA,NA
"327",327,327,327,"norethynodrel","68-23-5",0,1,1,0,NA,1,1,NA,0,NA,NA,1.78e-07,1.03e-05,NA,NA,NA,NA,NA
"328",328,328,328,"medroxyprogesterone acetate","71-58-9",0,1,1,0,NA,1,1,NA,0,NA,NA,4.86e-08,4.45e-06,NA,NA,NA,NA,NA
"329",329,329,329,"19-nortestosterone","434-22-0",0,1,1,0,NA,1,1,NA,0,NA,NA,1.76e-07,1.33e-05,NA,NA,NA,NA,NA
"330",330,330,330,"fluoxymestrone","76-43-7",0,1,1,0,NA,1,1,NA,0,NA,NA,2.43e-07,1.66e-05,NA,NA,NA,NA,NA
"331",331,331,331,"norethindrone acetate","51-98-9",0,1,1,0,NA,1,1,NA,0,NA,NA,3.73e-08,6.49e-06,NA,NA,NA,NA,NA
"332",332,332,332,"testosterone","58-22-0",0,1,1,0,NA,1,1,NA,0,NA,NA,3.14e-08,2.99e-06,NA,NA,NA,NA,NA
"333",333,333,333,"zearalenone","17924-92-4",0,1,1,0,NA,1,1,NA,50,0.000149,164,2.17e-07,1.01e-05,NA,NA,NA,NA,NA
"334",334,334,334,"bicalutamide","90357-06-5",0,1,1,0,NA,1,1,NA,27,0.0384,164,3.27e-07,2.2e-05,NA,NA,NA,NA,NA
"335",335,335,335,"6-Thioguanine (6-TG)","154-42-7",1,1,1,0,1,1,1,NA,53,0.279,103,1.28e-07,7.15e-06,NA,NA,NA,NA,NA
"336",336,336,336,"Pyrimethamine","58-14-0",1,1,1,0,1,1,1,NA,75,0.0643,229,1.58e-07,1.24e-05,1,3.42440791097347e-07,9.63895491442345e-07,2.68751000608045e-05,7.56474942650954e-05
"337",337,337,337,"2-Octyl-3-isothiazolone","26530-20-1",1,1,1,0,1,1,1,NA,186,0.0543,93.7,8.62e-07,5.58e-05,1,2.36410057702629e-06,7.32736417254114e-06,0.000153035745009359,0.000474323574046167
"338",338,338,338,"8-Hydroxyquinoline","148-24-3",1,1,1,0,1,1,1,NA,84,0.0162,251,1.07e-07,9.09e-06,1,4.3428105981141e-08,1.10491005073011e-07,3.6893596576502e-06,9.38657230012778e-06
"339",339,339,339,"Dazomet","533-74-4",1,1,1,0,1,1,1,NA,99,0.942,81.8,1.49e-07,1.32e-05,1,4.4562389700167e-08,9.5151546595404e-08,3.94780902041748e-06,8.42953298697539e-06
"340",340,340,340,"Hexamethyl-p-rosaniline chloride","548-62-9",1,1,1,0,1,1,1,NA,257,0.01,253,6.27e-08,5.02e-06,1,2.94816379457168e-07,1.39925091193414e-06,2.36041184190588e-05,0.000112029339360596
"341",341,341,341,"Thalidomide","50-35-1",1,1,1,0,1,1,1,NA,3,0.578,106,1.53e-07,1.14e-05,NA,NA,NA,NA,NA
"342",342,342,342,"Tetraethylthiuram disulfide","97-77-8",1,1,1,0,1,1,1,NA,176,0.000614,164,9.21e-08,1.21e-05,NA,NA,NA,NA,NA
"343",343,343,343,"Saccharin Sodium Salt hydrate","82385-42-0",1,1,1,0,1,1,1,NA,3,2.31,52.6,1.12e-06,0.000116,NA,NA,NA,NA,NA
"344",344,344,344,"Hydroxyurea","127-07-1",1,1,1,0,1,1,1,NA,2,19.7,21.7,5.92e-08,4.05e-06,NA,NA,NA,NA,NA
"345",345,345,345,"Carbamic acid","55406-53-6",1,1,1,0,1,1,1,NA,152,0.0203,253,2.03e-05,0.00205,NA,NA,NA,NA,NA
"346",346,346,346,"3,3’,5,5’-Tetrabromobisphenol A","79-94-7",1,1,1,0,1,1,1,NA,162,0.000525,221,3.57e-05,0.00339,NA,NA,NA,NA,NA
"347",347,347,347,"Acetylsalicylic acid","50-78-2",1,1,1,0,1,1,1,NA,25,0.0139,164,2.04e-08,1.67e-06,NA,NA,NA,NA,NA
"348",348,348,348,"Triphenyl phosphate","115-86-6",1,1,1,0,1,1,1,NA,103,0.000609,86,9.84e-05,0.00931,1,0.000247005492251932,0.00290535094426591,0.0233701334640802,0.274886354584508
"349",349,349,349,"5-Fluorouracil","51-21-8",1,1,1,0,1,1,1,NA,36,0.0438,57.2,8.09e-08,6.64e-06,NA,NA,NA,NA,NA
"350",350,350,350,"Colchicine","64-86-8",1,1,1,0,1,1,1,NA,58,0.00189,28.1,2.3e-06,0.000221,1,2.38106335343705e-06,5.20607554364367e-06,0.000228789130917212,0.000500235954410979
"351",351,351,351,"Acetaminophen","103-90-2",1,1,1,0,1,1,1,NA,7,0.01,85.4,1.05e-08,1.3e-06,1,2.70115322705122e-08,6.95523640845162e-08,3.34428494777771e-06,8.61124507713058e-06
"352",352,352,352,"Sucrose","57-50-1",1,1,1,0,1,1,1,NA,1,72.3,72.3,9.89e-07,8.38e-05,NA,NA,NA,NA,NA
"353",353,353,353,"Propyl gallate","121-79-9",1,1,1,0,1,1,1,NA,56,0.0519,95.7,2.56e-07,2.84e-05,NA,NA,NA,NA,NA
"354",354,354,354,"Maltol","118-71-8",1,1,1,0,1,1,1,NA,5,0.87,49.1,1.35e-05,0.000813,NA,NA,NA,NA,NA
"355",355,355,355,"Citric acid","77-92-9",1,1,1,0,1,1,1,NA,3,0.904,7.52,7.11e-05,0.00428,NA,NA,NA,NA,NA
"356",356,356,356,"Methylparaben","99-76-3",1,1,1,0,1,1,1,1,13,0.015,71.1,1.98e-05,0.00109,1,8.0462026058725e-06,1.85970008950677e-05,0.000442947517191971,0.00102377429169817
"357",357,357,357,"tert-Butylhydro-quinone (TBHQ)","1948-33-0",1,1,1,0,1,1,1,NA,115,0.774,164,4.42e-07,5.03e-05,NA,NA,NA,NA,NA
"358",358,358,358,"Hexylresorcinol","136-77-6",1,1,1,0,1,1,1,NA,164,0.768,632,1.31e-07,1.06e-05,NA,NA,NA,NA,NA
"359",359,359,359,"chlorpromazine Hydrochloride","69-09-0",1,1,1,0,1,1,1,NA,185,0.00292,164,4.04e-08,4.19e-06,NA,NA,NA,NA,NA
"360",360,360,360,"2-Amino-4-chlorophenol","95-85-2",0,1,1,0,NA,1,1,NA,0,NA,NA,1.09e-07,9.84e-06,NA,NA,NA,NA,NA
"361",361,361,361,"p-Quinone","106-51-4",0,1,1,0,NA,1,1,NA,0,NA,NA,2.18e-08,2.28e-06,NA,NA,NA,NA,NA
"362",362,362,362,"Triamterene","396-01-0",0,1,1,0,NA,1,1,NA,0,NA,NA,2.75e-08,3.8e-06,NA,NA,NA,NA,NA
"363",363,363,363,"1-Methyl-Alpha-Ionone","7779-30-8",0,1,1,0,NA,1,1,NA,0,NA,NA,3.92e-08,3.53e-06,NA,NA,NA,NA,NA
"364",364,364,364,"Alizarin Yellow R (Mordant Orange 1)","2243-76-7",0,1,1,0,NA,1,1,NA,0,NA,NA,1.83e-07,1.7e-05,NA,NA,NA,NA,NA
"365",365,365,365,"Titanocene dichloride","1271-19-8",0,1,1,0,NA,1,1,NA,0,NA,NA,1.81e-07,1.24e-05,NA,NA,NA,NA,NA
"366",366,366,366,"Retinal","116-31-4",0,1,1,0,NA,1,1,NA,0,NA,NA,2.07e-07,1.25e-05,NA,NA,NA,NA,NA
"367",367,367,367,"3,4-Dichlorophenyl isocyanate","102-36-3",0,1,1,0,NA,1,1,NA,0,NA,NA,1.31e-07,1.36e-05,NA,NA,NA,NA,NA
"368",368,368,368,"verapamil hydrochloride","152-11-4",0,1,1,0,NA,1,1,NA,0,NA,NA,5.51e-08,6.03e-06,NA,NA,NA,NA,NA
"369",369,369,369,"Nifedipine","21829-25-4",0,1,1,0,NA,1,1,NA,0,NA,NA,3.48e-08,3.7e-06,1,3.98246321324059e-08,1.39182969066688e-07,4.23422812902017e-06,1.4798189239849e-05
"370",370,370,370,"amitriptyline hydrochloride","549-18-8",0,1,1,0,NA,1,1,NA,0,NA,NA,3.97e-08,2.82e-06,NA,NA,NA,NA,NA
"371",371,371,371,"Tricresyl phosphate","1330-78-5",0,1,1,0,NA,1,1,NA,13,0.53,69,1.08e-07,1.08e-05,NA,NA,NA,NA,NA
"372",372,372,372,"tert-Butylphenyl diphenyl phosphate","56803-37-3",0,1,1,0,NA,1,1,NA,0,NA,NA,7.16e-08,6.41e-06,NA,NA,NA,NA,NA
"373",373,373,373,"Phenol, isopropylated, phosphate (3:1)","68937-41-7",0,1,1,0,NA,1,1,NA,0,NA,NA,1.83e-06,0.00026,NA,NA,NA,NA,NA
"374",374,374,374,"Manganese, tricarbonyl","12108-13-3",0,1,1,0,NA,1,1,NA,1,4.91,4.91,6.23e-08,7.13e-06,NA,NA,NA,NA,NA
"375",375,375,375,"Isodecyl diphenyl phosphate","29761-21-5",0,1,1,0,NA,1,1,NA,0,NA,NA,7.11e-07,5.57e-05,NA,NA,NA,NA,NA
"376",376,376,376,"Dibenz[a,c]anthracene","215-58-7",0,1,1,0,NA,1,1,NA,0,NA,NA,1.61e-07,1.44e-05,NA,NA,NA,NA,NA
"377",377,377,377,"Benzo(e)pyrene","192-97-2",0,1,1,0,NA,1,1,NA,0,NA,NA,2.74e-08,3.58e-06,NA,NA,NA,NA,NA
"378",378,378,378,"Acetic acid, manganese(2+) salt","638-38-0",0,1,1,0,NA,1,1,NA,0,NA,NA,5.45e-08,5.62e-06,NA,NA,NA,NA,NA
"379",379,379,379,"3,3'-Iminodipropionitrile","111-94-4",0,1,1,0,NA,1,1,NA,0,NA,NA,1e-07,7.16e-06,NA,NA,NA,NA,NA
"380",380,380,380,"2- ethylhexyl diphenyl phosphate","1241-94-7",0,1,1,0,NA,1,1,NA,47,0.279,164,6.78e-05,0.00436,NA,NA,NA,NA,NA
"381",381,381,381,"Valproic acid sodium salt","1069-66-5",0,1,1,0,NA,1,1,NA,0,NA,NA,1.9e-08,1.97e-06,NA,NA,NA,NA,NA
"382",382,382,382,"Methyl mercuric (II) chloride","115-09-3",0,1,1,0,NA,1,1,NA,0,NA,NA,1.09e-08,9.46e-07,NA,NA,NA,NA,NA
"383",383,383,383,"mexiletine hydrochloride","5370-01-4",0,1,1,0,NA,1,1,NA,0,NA,NA,1.48e-07,1.19e-05,NA,NA,NA,NA,NA
"384",384,384,384,"Lignocaine (Lidocaine)","137-58-6",0,1,1,0,NA,1,1,NA,0,NA,NA,3.11e-08,3.25e-06,1,2.74753690186044e-08,6.81805614109296e-08,2.87122023506316e-06,7.12497828249264e-06
"385",385,385,385,"diltiazem","42399-41-7",0,1,1,0,NA,1,1,NA,0,NA,NA,3.24e-07,2.22e-05,1,1.50113829270714e-07,4.42413966451322e-07,1.02855771907711e-05,3.03135495531461e-05
"386",386,386,386,"nitrendipine","39562-70-4",0,1,1,0,NA,1,1,NA,0,NA,NA,2.23e-07,1.38e-05,1,7.65900251339647e-07,2.95976000522216e-06,4.73965177959064e-05,0.000183160036197604
"387",387,387,387,"loratadine","79794-75-5",0,1,1,0,NA,1,1,NA,0,NA,NA,2.59e-07,2.01e-05,NA,NA,NA,NA,NA
"388",388,388,388,"Xylitol","87-99-0",0,1,1,0,NA,1,1,NA,0,NA,NA,1.65e-08,1.44e-06,NA,NA,NA,NA,NA
"389",389,389,389,"Lisinopril","83915-83-7",0,1,1,0,NA,1,1,NA,0,NA,NA,2.75e-07,3.07e-05,NA,NA,NA,NA,NA
"390",390,390,390,"Glucono-δ-lactone","90-80-2",0,1,1,0,NA,1,1,NA,0,NA,NA,1.6e-07,1.88e-05,NA,NA,NA,NA,NA
"391",391,391,391,"Atenolol","29122-68-7",0,1,1,0,NA,1,1,NA,3,3.58,71.4,1.88e-07,2.1e-05,1,1.69376528858792e-07,4.64467576987182e-07,1.89197186491204e-05,5.18820165783555e-05
"392",392,392,392,"Aspartame","22839-47-0",0,1,1,0,NA,1,1,NA,4,0.0379,66.6,3.36e-08,4.04e-06,NA,NA,NA,NA,NA
"393",393,393,393,"D-Glucitol","50-70-4",0,1,1,0,NA,1,1,NA,0,NA,NA,6.19e-05,0.00401,NA,NA,NA,NA,NA
"394",394,394,394,"Biotin","58-85-5",0,1,1,0,NA,1,1,NA,0,NA,NA,2e-07,2.13e-05,NA,NA,NA,NA,NA
"395",395,395,395,"Ascorbic acid","50-81-7",0,1,1,0,NA,1,1,NA,3,43.4,82.4,2.05e-05,0.00123,NA,NA,NA,NA,NA
"396",396,396,396,"ranolazine","95635-55-5",0,1,1,0,NA,1,1,NA,0,NA,NA,2.92e-07,2.37e-05,NA,NA,NA,NA,NA
"397",397,397,397,"Terfenadine","50679-08-8",0,1,1,0,NA,1,1,NA,0,NA,NA,3.29e-07,2.23e-05,NA,NA,NA,NA,NA
"398",398,398,398,"Propafenone","54063-53-5",0,1,1,0,NA,1,1,NA,0,NA,NA,3.15e-08,4.81e-06,1,1.52401531653464e-07,4.06019509393393e-07,2.32714719762909e-05,6.19985346089594e-05
"399",399,399,399,"Quinine·HCl·2H2O","6119-47-7",0,1,1,0,NA,1,1,NA,0,NA,NA,5.28e-08,4.94e-06,NA,NA,NA,NA,NA
"400",400,400,400,"ibutilide fumarate","122647-32-9",0,1,1,0,NA,1,1,NA,0,NA,NA,7.25e-07,4.54e-05,NA,NA,NA,NA,NA
"401",401,401,401,"sotalol hydrochloride","959-24-0",0,1,1,0,NA,1,1,NA,0,NA,NA,1.92e-07,1.61e-05,NA,NA,NA,NA,NA
"402",402,402,402,"moxifloxacin hydrochloride","186826-86-8",0,1,1,0,NA,1,1,NA,0,NA,NA,3.16e-07,2.08e-05,NA,NA,NA,NA,NA
"403",403,403,403,"lamotrigine","84057-84-1",0,1,1,0,NA,1,1,NA,0,NA,NA,1.83e-07,1.19e-05,NA,NA,NA,NA,NA
"404",404,404,404,"dofetilide","115256-11-6",0,1,1,0,NA,1,1,NA,0,NA,NA,2.88e-07,2.43e-05,NA,NA,NA,NA,NA
"405",405,405,405,"Progesterone","57-83-0",1,1,1,0,1,1,1,NA,103,0.00347,118,3.93e-08,3.81e-06,1,2.3464251857902e-08,7.48282095499269e-08,2.27477861523172e-06,7.25433787239749e-06
"406",406,406,406,"Tamoxifen citrate","54965-24-1",1,1,1,0,1,1,1,NA,209,0.000242,221,7.16e-08,8.3e-06,NA,NA,NA,NA,NA
"407",407,407,407,"Tamoxifen","10540-29-1",1,1,1,0,1,1,1,NA,174,0.0152,120,4.05e-08,4.65e-06,1,1.06215967816852e-08,9.8979622762776e-08,1.21951666752682e-06,1.13643270579484e-05
"408",408,408,408,"4-Hydroxytamoxifen (E/Z)","68392-35-8",1,1,1,0,1,1,1,NA,182,9.69e-05,158,2.97e-07,2.02e-05,NA,NA,NA,NA,NA
"409",409,409,409,"Spironolactone","52-01-7",1,1,1,0,1,1,1,NA,122,1.22e-05,355,4.72e-08,5.9e-06,NA,NA,NA,NA,NA
"410",410,410,410,"Procymidone","32809-16-8",1,1,1,0,1,1,1,NA,14,0.167,49.3,9.12e-08,6.38e-06,NA,NA,NA,NA,NA
"411",411,411,411,"Phenobarbital Sodium","57-30-7",1,1,1,0,1,1,1,NA,6,0.00233,116,1.66e-07,1.01e-05,NA,NA,NA,NA,NA
"412",412,412,412,"Ketoconazole","65277-42-1",1,1,1,0,1,1,1,NA,147,0.00142,227,5.47e-08,5.22e-06,1,6.01012067616664e-09,1.45633277812335e-08,5.7354350876764e-07,1.3897727791232e-06
"413",413,413,413,"Hydroxyflutamide","52806-53-8",1,1,1,0,1,1,1,NA,40,0.00522,91.8,1.97e-07,1.54e-05,NA,NA,NA,NA,NA
"414",414,414,414,"Haloperidol","52-86-8",1,1,1,0,1,1,1,NA,130,0.000374,115,3.92e-08,5.29e-06,1,1.21416132601609e-08,3.05307241058521e-08,1.63849832005743e-06,4.12009006428463e-06
"415",415,415,415,"Flutamide","13311-84-7",1,1,1,0,1,1,1,NA,75,0.41,164,3.39e-08,3.89e-06,1,2.13097636270633e-08,6.89062459277947e-08,2.4452796610406e-06,7.90694090439886e-06
"416",416,416,416,"Cycloheximide","66-81-9",1,1,1,0,1,1,1,NA,115,0.0284,143,1.6e-08,1.46e-06,1,1.00244000914309e-08,2.27218386218315e-08,9.14726508343069e-07,2.07336777424213e-06
"417",417,417,417,"Corticosterone","50-22-6",1,1,1,0,1,1,1,NA,50,2e-04,125,2.82e-07,1.66e-05,NA,NA,NA,NA,NA
"418",418,418,418,"p-n-Nonylphenol","104-40-5",1,1,1,0,1,1,1,NA,109,1.63,126,8.72e-07,5.35e-05,NA,NA,NA,NA,NA
"419",419,419,419,"Ethylparaben","120-47-8",1,1,1,0,1,1,1,1,11,6.79,117,1.1e-05,0.00123,1,4.95748979586445e-06,1.35824825183821e-05,0.000554337495355752,0.00151876849978273
"420",420,420,420,"17alpha-Methyltestosterone","58-18-4",1,1,1,0,1,1,1,NA,53,0.000233,253,2.61e-07,1.94e-05,NA,NA,NA,NA,NA
"421",421,421,421,"Genistein","446-72-0",1,1,1,0,1,1,1,NA,121,0.0145,98.6,2.1e-07,1.26e-05,1,3.76351606509248e-07,1.28987806378669e-06,2.25810963905549e-05,7.73926838272016e-05
"422",422,422,422,"Daidzein","486-66-8",1,1,1,0,1,1,1,1,49,0.0677,126,2.07e-07,1.13e-05,NA,NA,NA,NA,NA
"423",423,423,423,"Bisphenol B","77-40-7",1,1,1,0,1,1,1,NA,127,0.0852,149,1.66e-07,1.21e-05,1,1.25797034144324e-07,5.03495073605304e-07,9.16954285027901e-06,3.67005445218324e-05
"424",424,424,424,"5alpha-Dihydrotestosterone","521-18-6",1,1,1,0,1,1,1,NA,65,3.64e-05,111,2.06e-07,1.72e-05,NA,NA,NA,NA,NA
"425",425,425,425,"4-Cumylphenol","599-64-4",1,1,1,0,1,1,1,NA,163,0.166,252,5.34e-07,5.58e-05,NA,NA,NA,NA,NA
"426",426,426,426,"Estrone","53-16-7",1,1,1,0,1,1,1,NA,41,0.000278,79.9,2.88e-08,3.42e-06,NA,NA,NA,NA,NA
"427",427,427,427,"4-tert-Octylphenol","140-66-9",1,1,1,0,1,1,1,1,166,0.315,168,7.55e-05,0.00488,1,2.71063558128111e-05,7.91624114824338e-05,0.00175203995187441,0.00511672275542089
"428",428,428,428,"17alpha-Estradiol","57-91-0",1,1,1,0,1,1,1,NA,103,1.07e-05,200,1.98e-07,1.15e-05,NA,NA,NA,NA,NA
"429",429,429,429,"meso-Hexestrol","84-16-2",1,1,1,0,1,1,1,NA,149,1e-05,130,1.87e-07,1.19e-05,NA,NA,NA,NA,NA
"430",430,430,430,"17alpha-Ethinyl estradiol","57-63-6",1,1,1,0,1,1,1,NA,136,1e-05,136,3.38e-08,3.07e-06,1,1.57298049906966e-07,1.13352613763248e-06,1.42871305684729e-05,0.00010295636812224
"431",431,431,431,"Kaempferol","520-18-3",0,1,1,0,NA,1,1,NA,23,0.203,52.7,1.97e-07,1.63e-05,NA,NA,NA,NA,NA
"432",432,432,432,"Chrysin","480-40-0",0,1,1,0,NA,1,1,NA,30,0.692,75.2,1.65e-07,1.44e-05,NA,NA,NA,NA,NA
"433",433,433,433,"Apigenin","520-36-5",0,1,1,0,NA,1,1,NA,50,0.0735,66.4,1.74e-07,1.36e-05,NA,NA,NA,NA,NA
"434",434,434,434,"Methimazole","60-56-0",1,1,1,0,1,1,1,NA,2,22.8,33.5,3.68e-08,1.7e-06,NA,NA,NA,NA,NA
"435",435,435,435,"Benzophenone 2","131-55-5",1,1,1,0,1,1,1,NA,81,0.0531,102,2.31e-07,2.49e-05,NA,NA,NA,NA,NA
"436",436,436,436,"Z-Tetrachlorvinphos","22248-79-9",0,1,1,0,NA,1,1,1,48,0.338,199,1.26e-07,7.77e-06,NA,NA,NA,NA,NA
"437",437,437,437,"Levothyroxine (T4)","51-48-9",0,1,1,0,NA,1,1,NA,0,NA,NA,5.31e-07,3.98e-05,NA,NA,NA,NA,NA
"438",438,438,438,"Iopanoic acid","96-83-3",0,1,1,0,NA,1,1,NA,25,1.39,164,4.34e-07,2.92e-05,NA,NA,NA,NA,NA
"439",439,439,439,"ARSENIC","7440-38-2",0,0,0,0,NA,NA,NA,NA,0,NA,NA,NA,NA,NA,NA,NA,NA,NA
"440",440,440,440,"MERCURY","7439-97-6",0,0,0,0,NA,NA,NA,1,0,NA,NA,NA,NA,NA,NA,NA,NA,NA
"441",441,441,441,"VINYL CHLORIDE","75-01-4",0,0,0,0,NA,NA,NA,1,0,NA,NA,NA,NA,NA,NA,NA,NA,NA
"442",442,442,442,"POLYCYCLIC AROMATIC HYDROCARBONS","130498-29-2",0,0,0,0,NA,NA,NA,NA,0,NA,NA,NA,NA,NA,NA,NA,NA,NA
"443",443,443,443,"AROCLOR 1254","11097-69-1",0,0,0,0,NA,NA,NA,NA,0,NA,NA,NA,NA,NA,NA,NA,NA,NA
"444",444,444,444,"PHOSPHORUS, WHITE","7723-14-0",0,0,0,0,NA,NA,NA,NA,0,NA,NA,NA,NA,NA,NA,NA,NA,NA
"445",445,445,445,"AROCLOR 1242","53469-21-9",0,0,0,0,NA,NA,NA,NA,0,NA,NA,NA,NA,NA,NA,NA,NA,NA
"446",446,446,446,"COAL TAR CREOSOTE","8001-58-9",0,0,0,0,NA,NA,NA,NA,0,NA,NA,NA,NA,NA,NA,NA,NA,NA
"447",447,447,447,"AROCLOR 1248","12672-29-6",0,0,0,0,NA,NA,NA,NA,0,NA,NA,NA,NA,NA,NA,NA,NA,NA
"448",448,448,448,"AROCLOR","12767-79-2",0,0,0,0,NA,NA,NA,NA,0,NA,NA,NA,NA,NA,NA,NA,NA,NA
"449",449,449,449,"CYANIDE","57-12-5",0,0,0,0,NA,NA,NA,1,0,NA,NA,NA,NA,NA,NA,NA,NA,NA
"450",450,450,450,"HEXACHLOROCYCLOHEXANE, DELTA-","319-86-8",0,0,0,0,NA,NA,NA,NA,0,NA,NA,NA,NA,NA,NA,NA,NA,NA
"451",451,451,451,"BERYLLIUM","7440-41-7",0,0,0,0,NA,NA,NA,1,0,NA,NA,NA,NA,NA,NA,NA,NA,NA
"452",452,452,452,"AROCLOR 1221","11104-28-2",0,0,0,0,NA,NA,NA,NA,0,NA,NA,NA,NA,NA,NA,NA,NA,NA
"453",453,453,453,"CIS-CHLORDANE","5103-71-9",0,0,0,0,NA,NA,NA,NA,0,NA,NA,NA,NA,NA,NA,NA,NA,NA
"454",454,454,454,"ENDRIN KETONE","53494-70-5",0,0,0,0,NA,NA,NA,NA,0,NA,NA,NA,NA,NA,NA,NA,NA,NA
"455",455,455,455,"DIBROMOCHLOROPROPANE","67708-83-2",0,0,0,0,NA,NA,NA,NA,0,NA,NA,NA,NA,NA,NA,NA,NA,NA
"456",456,456,456,"TRANS-CHLORDANE","5103-74-2",0,0,0,0,NA,NA,NA,NA,0,NA,NA,NA,NA,NA,NA,NA,NA,NA
"457",457,457,457,"ENDOSULFAN, BETA","33213-65-9",0,0,0,0,NA,NA,NA,NA,0,NA,NA,NA,NA,NA,NA,NA,NA,NA
"458",458,458,458,"CHROMIUM(VI) TRIOXIDE","1333-82-0",0,0,0,0,NA,NA,NA,NA,0,NA,NA,NA,NA,NA,NA,NA,NA,NA
"459",459,459,459,"AROCLOR 1232","11141-16-5",0,0,0,0,NA,NA,NA,NA,0,NA,NA,NA,NA,NA,NA,NA,NA,NA
"460",460,460,460,"ENDRIN ALDEHYDE","7421-93-4",0,0,0,0,NA,NA,NA,NA,0,NA,NA,NA,NA,NA,NA,NA,NA,NA
"461",461,461,461,"METHANE","74-82-8",0,0,0,0,NA,NA,NA,NA,0,NA,NA,NA,NA,NA,NA,NA,NA,NA
"462",462,462,462,"2-HEXANONE","591-78-6",0,0,0,0,NA,NA,NA,NA,0,NA,NA,NA,NA,NA,NA,NA,NA,NA
"463",463,463,463,"BENZOFLUORANTHENE","56832-73-6",0,0,0,0,NA,NA,NA,NA,0,NA,NA,NA,NA,NA,NA,NA,NA,NA
"464",464,464,464,"CHROMIUM","7440-47-3",0,0,0,0,NA,NA,NA,NA,0,NA,NA,NA,NA,NA,NA,NA,NA,NA
"465",465,465,465,"AROCLOR 1240","71328-89-7",0,0,0,0,NA,NA,NA,NA,0,NA,NA,NA,NA,NA,NA,NA,NA,NA
"466",466,466,466,"2,4,6-TRINITROTOLUENE","118-96-7",0,0,0,0,NA,NA,NA,NA,0,NA,NA,NA,NA,NA,NA,NA,NA,NA
"467",467,467,467,"BROMODICHLOROETHANE","683-53-4",0,0,0,0,NA,NA,NA,NA,0,NA,NA,NA,NA,NA,NA,NA,NA,NA
"468",468,468,468,"THIOCYANATE","302-04-5",0,0,1,0,NA,NA,1,1,0,NA,NA,4.7e-08,2.44e-06,NA,NA,NA,NA,NA
"469",469,469,469,"ASBESTOS","1332-21-4",0,0,0,0,NA,NA,NA,NA,0,NA,NA,NA,NA,NA,NA,NA,NA,NA
"470",470,470,470,"RADIUM-226","13982-63-3",0,0,0,0,NA,NA,NA,NA,0,NA,NA,NA,NA,NA,NA,NA,NA,NA
"471",471,471,471,"URANIUM","7440-61-1",0,0,0,0,NA,NA,NA,1,0,NA,NA,NA,NA,NA,NA,NA,NA,NA
"472",472,472,472,"RADIUM","7440-14-4",0,0,0,0,NA,NA,NA,NA,0,NA,NA,NA,NA,NA,NA,NA,NA,NA
"473",473,473,473,"THORIUM","7440-29-1",0,0,0,0,NA,NA,NA,NA,0,NA,NA,NA,NA,NA,NA,NA,NA,NA
"474",474,474,474,"CHLORINE","7782-50-5",0,0,0,0,NA,NA,NA,NA,0,NA,NA,NA,NA,NA,NA,NA,NA,NA
"475",475,475,475,"1,3,5-TRINITROBENZENE","99-35-4",0,0,0,0,NA,NA,NA,NA,0,NA,NA,NA,NA,NA,NA,NA,NA,NA
"476",476,476,476,"RADON","10043-92-2",0,0,0,0,NA,NA,NA,NA,0,NA,NA,NA,NA,NA,NA,NA,NA,NA
"477",477,477,477,"RADIUM-228","15262-20-1",0,0,0,0,NA,NA,NA,NA,0,NA,NA,NA,NA,NA,NA,NA,NA,NA
"478",478,478,478,"THORIUM-230","14269-63-7",0,0,0,0,NA,NA,NA,NA,0,NA,NA,NA,NA,NA,NA,NA,NA,NA
"479",479,479,479,"URANIUM-235","15117-96-1",0,0,0,0,NA,NA,NA,NA,0,NA,NA,NA,NA,NA,NA,NA,NA,NA
"480",480,480,480,"THORIUM-228","14274-82-9",0,0,0,0,NA,NA,NA,NA,0,NA,NA,NA,NA,NA,NA,NA,NA,NA
"481",481,481,481,"URANIUM-234","13966-29-5",0,0,0,0,NA,NA,NA,NA,0,NA,NA,NA,NA,NA,NA,NA,NA,NA
"482",482,482,482,"RADON-222","14859-67-7",0,0,0,0,NA,NA,NA,NA,0,NA,NA,NA,NA,NA,NA,NA,NA,NA
"483",483,483,483,"COAL TARS","8007-45-2",0,0,0,0,NA,NA,NA,NA,0,NA,NA,NA,NA,NA,NA,NA,NA,NA
"484",484,484,484,"COPPER","7440-50-8",0,0,0,0,NA,NA,NA,1,0,NA,NA,NA,NA,NA,NA,NA,NA,NA
"485",485,485,485,"CHRYSOTILE ASBESTOS","12001-29-5",0,0,0,0,NA,NA,NA,NA,0,NA,NA,NA,NA,NA,NA,NA,NA,NA
"486",486,486,486,"PLUTONIUM-239","15117-48-3",0,0,0,0,NA,NA,NA,NA,0,NA,NA,NA,NA,NA,NA,NA,NA,NA
"487",487,487,487,"POLONIUM-210","13981-52-7",0,0,0,0,NA,NA,NA,NA,0,NA,NA,NA,NA,NA,NA,NA,NA,NA
"488",488,488,488,"PLUTONIUM-238","13981-16-3",0,0,0,0,NA,NA,NA,NA,0,NA,NA,NA,NA,NA,NA,NA,NA,NA
"489",489,489,489,"LEAD-210","14255-04-0",0,0,0,0,NA,NA,NA,NA,0,NA,NA,NA,NA,NA,NA,NA,NA,NA
"490",490,490,490,"AMOSITE ASBESTOS","12172-73-5",0,0,0,0,NA,NA,NA,NA,0,NA,NA,NA,NA,NA,NA,NA,NA,NA
"491",491,491,491,"STRONTIUM-90","10098-97-2",0,0,0,0,NA,NA,NA,NA,0,NA,NA,NA,NA,NA,NA,NA,NA,NA
"492",492,492,492,"PLUTONIUM","7440-07-5",0,0,0,0,NA,NA,NA,NA,0,NA,NA,NA,NA,NA,NA,NA,NA,NA
"493",493,493,493,"RADON-220","22481-48-7",0,0,0,0,NA,NA,NA,NA,0,NA,NA,NA,NA,NA,NA,NA,NA,NA
"494",494,494,494,"AMERICIUM-241","86954-36-1",0,0,0,0,NA,NA,NA,NA,0,NA,NA,NA,NA,NA,NA,NA,NA,NA
"495",495,495,495,"BARIUM","7440-39-3",0,0,0,0,NA,NA,NA,1,0,NA,NA,NA,NA,NA,NA,NA,NA,NA
"496",496,496,496,"NEPTUNIUM-237","13994-20-2",0,0,0,0,NA,NA,NA,NA,0,NA,NA,NA,NA,NA,NA,NA,NA,NA
"497",497,497,497,"HYDROGEN CYANIDE","74-90-8",0,0,0,0,NA,NA,NA,NA,0,NA,NA,NA,NA,NA,NA,NA,NA,NA
"498",498,498,498,"PLUTONIUM-240","14119-33-6",0,0,0,0,NA,NA,NA,NA,0,NA,NA,NA,NA,NA,NA,NA,NA,NA
"499",499,499,499,"MANGANESE","7439-96-5",0,0,0,0,NA,NA,NA,1,0,NA,NA,NA,NA,NA,NA,NA,NA,NA
"500",500,500,500,"POLYBROMINATED BIPHENYLS","67774-32-7",0,0,0,0,NA,NA,NA,NA,0,NA,NA,NA,NA,NA,NA,NA,NA,NA
"501",501,501,501,"SELENIUM","7782-49-2",0,0,0,0,NA,NA,NA,1,0,NA,NA,NA,NA,NA,NA,NA,NA,NA
"502",502,502,502,"HEPTACHLORODIBENZO-P-DIOXIN","37871-00-4",0,0,0,0,NA,NA,NA,NA,0,NA,NA,NA,NA,NA,NA,NA,NA,NA
"503",503,503,503,"TRICHLOROFLUOROETHANE","27154-33-2",0,0,0,0,NA,NA,NA,NA,0,NA,NA,NA,NA,NA,NA,NA,NA,NA
"504",504,504,504,"BROMINE","7726-95-6",0,0,0,0,NA,NA,NA,NA,0,NA,NA,NA,NA,NA,NA,NA,NA,NA
"505",505,505,505,"AROCLOR 1268","11100-14-4",0,0,0,0,NA,NA,NA,NA,0,NA,NA,NA,NA,NA,NA,NA,NA,NA
"506",506,506,506,"1,3-BUTADIENE","106-99-0",0,0,0,0,NA,NA,NA,1,0,NA,NA,NA,NA,NA,NA,NA,NA,NA
"507",507,507,507,"HEPTACHLORODIBENZOFURAN","38998-75-3",0,0,0,0,NA,NA,NA,NA,0,NA,NA,NA,NA,NA,NA,NA,NA,NA
"508",508,508,508,"AMMONIA","7664-41-7",0,0,0,0,NA,NA,NA,NA,0,NA,NA,NA,NA,NA,NA,NA,NA,NA
"509",509,509,509,"TRICHLOROETHANE","25323-89-1",0,0,0,0,NA,NA,NA,NA,0,NA,NA,NA,NA,NA,NA,NA,NA,NA
"510",510,510,510,"TETRACHLOROBIPHENYL","26914-33-0",0,0,0,0,NA,NA,NA,NA,0,NA,NA,NA,NA,NA,NA,NA,NA,NA
"511",511,511,511,"OXYCHLORDANE","27304-13-8",0,0,0,0,NA,NA,NA,1,0,NA,NA,NA,NA,NA,NA,NA,NA,NA
"512",512,512,512,"PALLADIUM","7440-05-3",0,0,0,0,NA,NA,NA,NA,0,NA,NA,NA,NA,NA,NA,NA,NA,NA
"513",513,513,513,"GAMMA-CHLORDENE","56641-38-4",0,0,0,0,NA,NA,NA,NA,0,NA,NA,NA,NA,NA,NA,NA,NA,NA
"514",514,514,514,"TETRACHLOROPHENOL","25167-83-3",0,0,0,0,NA,NA,NA,NA,0,NA,NA,NA,NA,NA,NA,NA,NA,NA
"515",515,515,515,"CHLOROETHANE","75-00-3",0,0,0,0,NA,NA,NA,NA,0,NA,NA,NA,NA,NA,NA,NA,NA,NA
"516",516,516,516,"ALUMINUM","7429-90-5",0,0,0,0,NA,NA,NA,NA,0,NA,NA,NA,NA,NA,NA,NA,NA,NA
"517",517,517,517,"CARBON MONOXIDE","630-08-0",0,0,0,0,NA,NA,NA,NA,0,NA,NA,NA,NA,NA,NA,NA,NA,NA
"518",518,518,518,"BUTYL METHYL PHTHALATE","34006-76-3",0,0,0,0,NA,NA,NA,NA,0,NA,NA,NA,NA,NA,NA,NA,NA,NA
"519",519,519,519,"CHLOROMETHANE","74-87-3",0,0,0,0,NA,NA,NA,NA,0,NA,NA,NA,NA,NA,NA,NA,NA,NA
"520",520,520,520,"HEXACHLORODIBENZOFURAN","55684-94-1",0,0,0,0,NA,NA,NA,NA,0,NA,NA,NA,NA,NA,NA,NA,NA,NA
"521",521,521,521,"HYDROGEN SULFIDE","7783-06-4",0,0,0,0,NA,NA,NA,NA,0,NA,NA,NA,NA,NA,NA,NA,NA,NA
"522",522,522,522,"DIBENZOFURANS, CHLORINATED","42934-53-2",0,0,0,0,NA,NA,NA,NA,0,NA,NA,NA,NA,NA,NA,NA,NA,NA
"523",523,523,523,"HEXACHLORODIBENZO-P-DIOXIN","34465-46-8",0,0,0,0,NA,NA,NA,NA,0,NA,NA,NA,NA,NA,NA,NA,NA,NA
"524",524,524,524,"VANADIUM","7440-62-2",0,0,0,0,NA,NA,NA,NA,0,NA,NA,NA,NA,NA,NA,NA,NA,NA
"525",525,525,525,"TETRACHLORODIBENZO-P-DIOXIN","41903-57-5",0,0,0,0,NA,NA,NA,NA,0,NA,NA,NA,NA,NA,NA,NA,NA,NA
"526",526,526,526,"PENTACHLORODIBENZOFURAN","30402-15-4",0,0,0,0,NA,NA,NA,NA,0,NA,NA,NA,NA,NA,NA,NA,NA,NA
"527",527,527,527,"PENTACHLORODIBENZO-P-DIOXIN","36088-22-9",0,0,0,0,NA,NA,NA,NA,0,NA,NA,NA,NA,NA,NA,NA,NA,NA
"528",528,528,528,"2,3-DIMETHYLNAPHTHALENE","581-40-8",0,0,0,0,NA,NA,NA,NA,0,NA,NA,NA,NA,NA,NA,NA,NA,NA
"529",529,529,529,"FLUORINE","7782-41-4",0,0,0,0,NA,NA,NA,NA,0,NA,NA,NA,NA,NA,NA,NA,NA,NA
"530",530,530,530,"CESIUM-137","10045-97-3",0,0,0,0,NA,NA,NA,NA,0,NA,NA,NA,NA,NA,NA,NA,NA,NA
"531",531,531,531,"CHROMIC ACID","7738-94-5",0,0,0,0,NA,NA,NA,NA,0,NA,NA,NA,NA,NA,NA,NA,NA,NA
"532",532,532,532,"NITRITE","14797-65-0",0,0,0,0,NA,NA,NA,NA,0,NA,NA,NA,NA,NA,NA,NA,NA,NA
"533",533,533,533,"POTASSIUM-40","13966-00-2",0,0,0,0,NA,NA,NA,NA,0,NA,NA,NA,NA,NA,NA,NA,NA,NA
"534",534,534,534,"DINITROTOLUENE","25321-14-6",0,0,0,0,NA,NA,NA,NA,0,NA,NA,NA,NA,NA,NA,NA,NA,NA
"535",535,535,535,"COAL TAR PITCH","65996-93-2",0,0,0,0,NA,NA,NA,NA,0,NA,NA,NA,NA,NA,NA,NA,NA,NA
"536",536,536,536,"SILVER","7440-22-4",0,0,0,0,NA,NA,NA,NA,0,NA,NA,NA,NA,NA,NA,NA,NA,NA
"537",537,537,537,"THORIUM-227","15623-47-9",0,0,0,0,NA,NA,NA,NA,0,NA,NA,NA,NA,NA,NA,NA,NA,NA
"538",538,538,538,"ARSENIC ACID","7778-39-4",0,0,0,0,NA,NA,NA,NA,0,NA,NA,NA,NA,NA,NA,NA,NA,NA
"539",539,539,539,"BENZOPYRENE","73467-76-2",0,0,0,0,NA,NA,NA,NA,0,NA,NA,NA,NA,NA,NA,NA,NA,NA
"540",540,540,540,"PYRETHRUM","8003-34-7",0,1,0,0,NA,1,NA,NA,0,NA,NA,NA,NA,NA,NA,NA,NA,NA
"541",541,541,541,"ALPHA-CHLORDENE","56534-02-2",0,0,0,0,NA,NA,NA,NA,0,NA,NA,NA,NA,NA,NA,NA,NA,NA
"542",542,542,542,"URANIUM-233","13968-55-3",0,0,0,0,NA,NA,NA,NA,0,NA,NA,NA,NA,NA,NA,NA,NA,NA
"543",543,543,543,"IODINE-131","10043-66-0",0,0,0,0,NA,NA,NA,NA,0,NA,NA,NA,NA,NA,NA,NA,NA,NA
"544",544,544,544,"SODIUM ARSENITE","7784-46-5",0,0,0,0,NA,NA,NA,NA,0,NA,NA,NA,NA,NA,NA,NA,NA,NA
"545",545,545,545,"ANTIMONY","7440-36-0",0,0,0,0,NA,NA,NA,1,0,NA,NA,NA,NA,NA,NA,NA,NA,NA
"546",546,546,546,"DICHLOROBENZENE","25321-22-6",0,0,0,0,NA,NA,NA,NA,0,NA,NA,NA,NA,NA,NA,NA,NA,NA
"547",547,547,547,"TETRACHLOROETHANE","25322-20-7",0,0,0,0,NA,NA,NA,NA,0,NA,NA,NA,NA,NA,NA,NA,NA,NA
"548",548,548,548,"DICHLOROETHANE","1300-21-6",0,0,0,0,NA,NA,NA,NA,0,NA,NA,NA,NA,NA,NA,NA,NA,NA
"549",549,549,549,"ETHYL ETHER","60-29-7",0,0,0,0,NA,NA,NA,NA,0,NA,NA,NA,NA,NA,NA,NA,NA,NA
"550",550,550,550,"1,3-DICHLOROPROPENE, CIS-","10061-01-5",0,0,0,0,NA,NA,NA,NA,0,NA,NA,NA,NA,NA,NA,NA,NA,NA
"551",551,551,551,"1,2,3,4,6,7,8-HEPTACHLORODIBENZO-P-DIOXIN","35822-46-9",0,0,0,1,NA,NA,NA,1,0,NA,NA,NA,NA,NA,NA,NA,NA,NA
"552",552,552,552,"PHOSPHINE","7803-51-2",0,0,0,0,NA,NA,NA,NA,0,NA,NA,NA,NA,NA,NA,NA,NA,NA
"553",553,553,553,"TRICHLOROBENZENE","12002-48-1",0,0,0,0,NA,NA,NA,NA,0,NA,NA,NA,NA,NA,NA,NA,NA,NA
"554",554,554,554,"FLUORIDE ION","16984-48-8",0,0,0,0,NA,NA,NA,NA,0,NA,NA,NA,NA,NA,NA,NA,NA,NA
"555",555,555,555,"1,3-DICHLOROPROPENE, TRANS-","10061-02-6",0,0,0,0,NA,NA,NA,NA,0,NA,NA,NA,NA,NA,NA,NA,NA,NA
"556",556,556,556,"THALLIUM","7440-28-0",0,0,0,0,NA,NA,NA,1,0,NA,NA,NA,NA,NA,NA,NA,NA,NA
"557",557,557,557,"stanozolol","10418-03-8",0,1,0,0,NA,1,NA,NA,0,NA,NA,NA,NA,NA,NA,NA,NA,NA
"558",558,558,558,"methyltrienolone (R1881)","965-93-5",0,0,0,0,NA,NA,NA,NA,0,NA,NA,NA,NA,NA,NA,NA,NA,NA
"559",559,559,559,"cabazitaxel","183133-96-2",0,0,0,0,NA,NA,NA,NA,0,NA,NA,NA,NA,NA,NA,NA,NA,NA
"560",560,560,560,"Tartaric acid","526-83-0",0,0,0,0,NA,NA,NA,NA,0,NA,NA,NA,NA,NA,NA,NA,NA,NA
"561",561,561,561,"Ranitidine·HCl","66357-59-3",0,0,0,0,NA,NA,NA,NA,0,NA,NA,NA,NA,NA,NA,NA,NA,NA
"562",562,562,562,"Leucine","61-90-5",0,0,0,0,NA,NA,NA,NA,0,NA,NA,NA,NA,NA,NA,NA,NA,NA
"563",563,563,563,"cisapride monohydrate","260779-88-2",0,0,0,0,NA,NA,NA,NA,0,NA,NA,NA,NA,NA,NA,NA,NA,NA
"564",564,564,564,"bepridil hydrochloride","68099-86-5",0,0,0,0,NA,NA,NA,NA,0,NA,NA,NA,NA,NA,NA,NA,NA,NA
"565",565,565,565,"Chloroquine","54-05-7",0,0,0,0,NA,NA,NA,NA,0,NA,NA,NA,NA,NA,NA,NA,NA,NA
"566",566,566,566,"Azithromycin","83905-01-5 ",0,0,0,0,NA,NA,NA,NA,0,NA,NA,NA,NA,NA,NA,NA,NA,NA
"567",567,567,567,"vernacalant","748810-28-8",0,0,0,0,NA,NA,NA,NA,0,NA,NA,NA,NA,NA,NA,NA,NA,NA
"568",568,568,568,"sematilide","101526-83-4",0,0,0,0,NA,NA,NA,NA,0,NA,NA,NA,NA,NA,NA,NA,NA,NA
"569",569,569,569,"quinidine sulfate","50-54-4",0,0,0,0,NA,NA,NA,NA,0,NA,NA,NA,NA,NA,NA,NA,NA,NA
"570",570,570,570,"N-acetylprocainamide","32795-44-1",0,0,0,0,NA,NA,NA,NA,0,NA,NA,NA,NA,NA,NA,NA,NA,NA
"571",571,571,571,"disopyramide phosphate","22059-60-5",0,0,0,0,NA,NA,NA,NA,0,NA,NA,NA,NA,NA,NA,NA,NA,NA
"572",572,572,572,"citalopram hydrobromide","59729-33-8",0,0,0,0,NA,NA,NA,NA,0,NA,NA,NA,NA,NA,NA,NA,NA,NA
"573",573,573,573,"Raloxifene","82640-04-8",1,1,0,0,NA,NA,NA,NA,232,3.19e-05,121,NA,NA,NA,NA,NA,NA,NA
"574",574,574,574,"Sodium Perchlorate","7601-89-0",0,0,0,0,NA,NA,NA,NA,0,NA,NA,NA,NA,NA,NA,NA,NA,NA
"575",575,575,575,"DE-71","189084-62-6",0,0,0,0,NA,NA,NA,NA,0,NA,NA,NA,NA,NA,NA,NA,NA,NA
