iter	M_lnV_dist(1)	M_lnk_e(1)	V_lnV_dist(1)	V_lnk_e(1)	Ve_lnC_rest(1)	lnV_dist(1.1)	lnk_e(1.1)	lnV_dist(1.1.1)	lnk_e(1.1.1)	lnV_dist(1.2)	lnk_e(1.2)	lnV_dist(1.2.1)	lnk_e(1.2.1)	LnPrior	LnData	LnPosterior
0	-0.330391	-1.98213	0.17593	0.479967	0.0773694	-0.126074	-0.76248	-0.690091	-2.29843	-0.150446	-2.15464	-0.409978	-1.72513	-2.436317e+00	-5.773931e+03	-5.776367e+03
10	-0.504622	-1.78905	0.0644109	0.47687	0.467333	-0.755452	-1.26119	-0.864286	-2.12836	-0.548869	-1.53111	-0.951279	-2.11553	-1.413921e+00	-9.690664e+02	-9.704803e+02
20	-0.919892	-1.85413	0.121698	0.446312	0.467333	-0.746567	-2.40222	-1.03302	-2.1744	-0.838274	-1.3917	-1.16523	-0.167581	-3.276763e+00	-9.690664e+02	-9.723432e+02
30	-0.922772	-1.97129	0.148279	0.198976	0.47525	-0.844419	-2.64194	-1.45133	-2.55883	-1.5749	-1.87276	-1.3117	-1.47711	-1.885261e+00	-9.533048e+02	-9.551901e+02
40	-0.865581	-1.84363	0.0920317	0.041773	0.491335	-0.89474	-1.75038	-0.68148	-1.88268	-1.39108	-1.77951	-1.46566	-1.63934	3.800256e+00	-9.228556e+02	-9.190554e+02
50	-0.904832	-2.21294	0.137043	0.127773	0.499818	-1.47492	-1.97686	-1.36751	-1.61717	-1.03919	-1.73851	-0.989113	-1.83725	6.547209e-01	-9.075915e+02	-9.069368e+02
60	-1.0193	-1.5852	0.264195	0.118487	0.499818	-1.61772	-1.62819	-0.862647	-1.75983	-1.03384	-1.5058	-1.59414	-2.01527	-1.899731e+00	-9.075915e+02	-9.094912e+02
70	-1.26034	-1.5312	0.0974398	0.336933	0.499818	-0.943339	-2.27169	-0.619813	-1.93354	-1.36395	-1.2138	-1.15649	-1.73322	-4.102668e+00	-9.075915e+02	-9.116942e+02
80	-0.780646	-1.93078	0.375901	0.178804	0.499818	-1.06517	-2.16146	-0.976858	-2.24317	-1.69992	-1.79071	-1.54059	-2.02439	-1.200552e+00	-9.075915e+02	-9.087921e+02
90	-1.19827	-1.60463	0.1137	0.301199	0.499818	-0.847515	-2.36037	-0.492695	-2.98628	-1.6558	-0.851121	-1.53563	-1.41302	-5.472717e+00	-9.075915e+02	-9.130642e+02
100	-0.657796	-1.81139	0.182058	0.631242	0.499131	-0.580231	-2.53059	-0.45836	-2.36283	-1.23673	-0.934249	-1.88263	-0.819243	-4.511524e+00	-9.088091e+02	-9.133206e+02
110	-0.943291	-1.99398	0.143375	0.316538	0.499131	-0.842191	-1.90789	-0.434649	-1.69265	-1.41657	-2.0235	-1.6012	-1.60086	-1.394479e+00	-9.088091e+02	-9.102036e+02
120	-0.631875	-2.02776	0.338187	0.0487334	0.49717	-0.670268	-2.36833	-1.09381	-2.30231	-1.10737	-2.44454	-1.30006	-2.20499	-9.605024e-01	-9.123007e+02	-9.132612e+02
130	-0.934982	-2.56136	0.341876	0.112453	0.497841	-1.2092	-2.6186	-0.53139	-2.77284	-1.93626	-2.46804	-1.84639	-2.28307	-2.396542e+00	-9.111036e+02	-9.135001e+02
140	-1.4452	-2.05344	0.208162	0.139515	0.497841	-0.987301	-2.69507	-1.00886	-2.98165	-1.71342	-2.33654	-1.72605	-1.39442	-8.069659e+00	-9.111036e+02	-9.191732e+02
150	-0.420973	-2.2961	0.418318	0.131669	0.498682	-0.209193	-2.44092	-0.649932	-2.78823	-1.86946	-1.97393	-1.15831	-1.73992	-2.691664e+00	-9.096068e+02	-9.122984e+02
160	-1.11361	-2.19476	0.1108	0.159963	0.499516	-1.03142	-2.42313	-0.475449	-1.93899	-1.35973	-1.89683	-1.49723	-1.77468	-9.072738e-01	-9.081263e+02	-9.090336e+02
170	-0.443316	-1.25509	0.43409	0.240374	0.499396	-1.34991	-1.95156	-0.646708	-1.92292	-0.521688	-1.10703	-1.78482	-0.747136	-5.158484e+00	-9.083401e+02	-9.134986e+02
180	-0.234087	-1.99319	0.485453	0.283105	0.49942	-0.497263	-1.07738	-1.93205	-0.961128	-0.262179	-1.99706	-0.955656	-2.58103	-5.885133e+00	-9.082971e+02	-9.141823e+02
190	-0.910797	-1.78265	0.240707	0.14788	0.499968	-0.424548	-1.46766	-0.433727	-1.36765	-0.817138	-1.62126	-1.76229	-1.72991	-6.757093e-01	-9.073274e+02	-9.080031e+02
200	-0.270924	-2.53074	0.129022	0.706417	0.498986	-0.349967	-1.37766	-0.609818	-0.126868	-0.255431	-2.63695	-0.41376	-2.81178	-3.454564e+00	-9.090661e+02	-9.125206e+02
210	-0.105937	-2.01895	0.129022	0.467413	0.499741	-0.569114	-1.99193	-0.846724	-1.61977	-0.633499	-0.804427	-0.517747	-0.169083	-3.372276e+00	-9.077277e+02	-9.110999e+02
220	-0.224355	-2.32375	0.0729555	0.345809	0.499846	-0.137517	-2.15284	-0.379605	-1.75647	-0.194024	-1.10635	-0.346989	-0.136389	-8.176746e-01	-9.075423e+02	-9.083600e+02
230	-0.292736	-1.54493	0.156882	0.144039	0.499846	-0.276841	-1.09838	-0.29282	-1.02597	-0.19465	-1.73103	-0.0924209	-2.00992	4.755298e+00	-9.075423e+02	-9.027870e+02
240	-0.314456	-1.44414	0.166464	0.0843973	0.499846	-0.425603	-1.42296	-0.277907	-1.67033	-0.30524	-1.26474	-0.851373	-1.66383	4.137340e+00	-9.075423e+02	-9.034050e+02
250	-0.210936	-1.27468	0.202131	0.0884175	0.499846	-0.129984	-1.12724	-0.135226	-1.53679	-0.388179	-1.83272	-0.675821	-1.59914	2.533271e+00	-9.075423e+02	-9.050091e+02
260	-0.539326	-1.73005	0.326163	0.158818	0.498827	-0.62183	-1.09601	-0.191391	-1.3247	-0.814019	-1.9828	-0.863114	-2.27582	-4.962600e-02	-9.093487e+02	-9.093983e+02
270	-0.283426	-1.36575	0.118632	0.119953	0.499613	-0.468237	-1.13268	-0.0986001	-0.424507	-0.752409	-1.71932	-0.368212	-1.66427	1.202491e+00	-9.079547e+02	-9.067522e+02
280	-0.687511	-1.56053	0.0579021	0.178361	0.499048	-0.429873	-2.12567	-0.581421	-1.83892	-0.567615	-1.20084	-0.599806	-1.25802	3.157974e+00	-9.089559e+02	-9.057979e+02
290	-0.617382	-1.24822	0.0886536	0.132001	0.499898	-0.836126	-1.3007	-1.01428	-0.827425	-0.552275	-1.59946	-0.0875739	-1.65767	2.926007e+00	-9.074509e+02	-9.045249e+02
300	-0.560611	-1.14001	0.115281	0.132001	0.499898	-0.815824	-1.44768	-0.189615	-1.53352	-0.802859	-1.26518	-0.933458	-1.63729	2.016369e+00	-9.074509e+02	-9.054345e+02
310	-0.413472	-1.37269	0.226934	0.390187	0.499021	-1.2153	-1.80444	-1.07199	-1.16982	-1.00894	-1.22695	-0.11145	-2.14403	-5.972017e+00	-9.090038e+02	-9.149758e+02
320	-0.277546	-1.92675	0.257278	0.214656	0.499337	-1.10808	-2.23662	-0.982716	-1.74951	-0.245631	-2.07871	-0.33569	-1.32582	-1.106707e+00	-9.084436e+02	-9.095503e+02
330	-0.468296	-1.857	0.34175	0.618502	0.499649	-1.46414	-0.659028	-1.1991	-0.122482	-0.292286	-2.39376	-0.751673	-1.47092	-6.929139e+00	-9.078913e+02	-9.148205e+02
340	-0.493585	-1.98336	0.363928	0.156661	0.499649	-0.727572	-1.81505	-1.13049	-1.88455	-1.20737	-1.59452	-0.731657	-1.21534	-6.757854e-01	-9.078913e+02	-9.085671e+02
350	-0.637086	-1.94885	0.198965	0.265326	0.499686	-0.703362	-1.17109	-0.449663	-0.952466	-1.07498	-1.86518	-1.12176	-1.33133	-8.282948e-01	-9.078256e+02	-9.086538e+02
360	-0.834107	-1.49021	0.0732406	0.329965	0.499686	-0.999028	-1.11603	-1.46895	-1.80986	-1.11976	-0.718363	-1.13064	-1.30965	-2.199062e+00	-9.078256e+02	-9.100246e+02
370	-0.814711	-1.78018	0.286977	0.329965	0.499435	-0.87074	-2.43955	-0.977537	-2.09711	-1.23756	-0.726689	-1.24661	-0.0727367	-4.434353e+00	-9.082694e+02	-9.127037e+02
380	-0.527834	-1.65742	0.574639	0.692038	0.497623	-0.550061	-2.17922	-0.908336	-2.5242	-0.72704	-1.71788	-0.420135	-0.155132	-7.877788e+00	-9.114925e+02	-9.193703e+02
390	-0.639312	-1.50861	0.19199	0.367796	0.499953	-0.752402	-2.1812	-0.212704	-2.81882	-1.28853	-1.01019	-0.969711	-0.778305	-3.185901e+00	-9.073537e+02	-9.105396e+02
400	-0.397115	-1.41623	0.11638	0.109114	0.498455	-0.555786	-1.80438	-0.63306	-2.37718	-0.178485	-0.991802	-0.336516	-0.243167	1.007742e+00	-9.100098e+02	-9.090021e+02
410	-0.541416	-1.82989	0.205544	0.207348	0.499293	-0.224644	-2.23185	-0.704299	-2.85825	-0.548174	-1.08504	-0.735273	-0.773343	-4.352654e-01	-9.085223e+02	-9.089576e+02
420	-0.468357	-1.24427	0.0605696	0.275711	0.499542	-0.182762	-1.71256	-0.530661	-0.986639	-0.198268	-1.63824	-0.196119	-1.81732	6.505306e-01	-9.080799e+02	-9.074294e+02
430	-0.39852	-0.840338	0.260008	0.313991	0.49997	-0.414813	-1.01337	-0.261308	-1.97181	-0.747284	-0.326403	-1.34282	-1.2928	-4.762922e+00	-9.073242e+02	-9.120871e+02
440	-0.494921	-1.05262	0.0899233	0.329639	0.499728	-0.0948515	-1.41211	-0.113776	-1.86347	-0.788402	-0.592751	-1.22245	-1.17257	-6.680707e-01	-9.077515e+02	-9.084195e+02
450	-0.577856	-1.45514	0.0806695	0.053343	0.499916	-0.542227	-1.46998	-0.821218	-1.45299	-0.738046	-1.55813	-0.535625	-1.70451	6.525367e+00	-9.074184e+02	-9.008930e+02
460	-0.276273	-1.07933	0.104952	0.07917	0.499689	-0.315644	-1.42771	-0.274471	-1.40153	-0.224626	-1.17888	-0.176828	-1.26943	6.432543e+00	-9.078211e+02	-9.013885e+02
470	-0.400127	-1.42242	0.21176	0.107562	0.499399	-0.268454	-1.05408	-0.586164	-0.623564	-0.627589	-1.34386	-0.101684	-1.98702	7.874685e-01	-9.083348e+02	-9.075473e+02
480	-0.394398	-1.73776	0.0715137	0.107982	0.49953	-0.400528	-1.46218	-0.471147	-1.3678	-0.104694	-2.15808	-0.116379	-2.99913	2.998482e+00	-9.081024e+02	-9.051039e+02
490	-0.242367	-2.39044	0.169385	0.28075	0.499999	-0.130017	-1.86101	-0.463098	-2.44043	-0.137973	-2.61738	-0.485611	-2.71029	9.073743e-01	-9.072725e+02	-9.063652e+02
500	-0.424362	-2.21782	0.0585356	0.251107	0.499215	-0.491014	-2.64393	-0.692943	-2.38686	-0.224629	-2.13001	-0.734818	-2.46773	9.615848e-01	-9.086605e+02	-9.076989e+02
510	-0.339202	-2.21319	0.277125	0.142408	0.499846	-0.224606	-2.13761	-0.651025	-2.68198	-0.631614	-1.98076	-1.23604	-1.95098	7.295545e-01	-9.075434e+02	-9.068139e+02
520	-0.40805	-2.03593	0.035792	0.0570712	0.499941	-0.450666	-2.23934	-0.505087	-2.08942	-0.345161	-1.99556	-0.543583	-1.55399	4.071368e+00	-9.073752e+02	-9.033039e+02
530	-0.654971	-1.7786	0.0492177	0.0783494	0.499898	-0.587755	-1.56693	-0.417164	-1.80364	-0.886143	-1.89644	-0.577312	-2.13129	4.568586e+00	-9.074516e+02	-9.028830e+02
540	-0.828402	-1.32669	0.21263	0.144183	0.499438	-0.894005	-1.32014	-0.705921	-1.30706	-0.314981	-1.50468	-0.228385	-2.0278	1.217412e+00	-9.082655e+02	-9.070481e+02
550	-0.248876	-1.78604	0.0597842	0.209067	0.499826	-0.16999	-1.62649	-0.368757	-1.05581	-0.18044	-1.5301	-0.121324	-2.09512	4.013453e+00	-9.075773e+02	-9.035639e+02
560	-0.615396	-1.0687	0.121446	0.186777	0.499754	-0.685461	-0.768438	-0.175584	-0.964304	-0.357605	-1.82208	-0.569496	-1.25271	-2.565677e-01	-9.077053e+02	-9.079618e+02
570	-0.28181	-1.24097	0.121238	0.15925	0.499639	-0.174034	-1.11067	-0.219271	-0.293848	-0.46053	-1.58244	-1.0791	-1.10068	7.038862e-01	-9.079084e+02	-9.072045e+02
580	-0.46631	-1.1693	0.142808	0.322748	0.499719	-0.222062	-0.465309	-0.576203	-0.288985	-0.172001	-1.83264	-0.870771	-2.1565	-1.490922e+00	-9.077676e+02	-9.092585e+02
590	-0.144241	-1.62027	0.162201	0.527968	0.499445	-0.913743	-0.91718	-1.06448	-1.13145	-0.666585	-1.76559	-0.569141	-1.83633	-3.349370e+00	-9.082520e+02	-9.116014e+02
600	-0.239344	-2.41524	0.304191	0.451713	0.499778	-0.384153	-2.54808	-0.708925	-1.20778	-0.968761	-2.08984	-1.04185	-1.76963	-5.295863e+00	-9.076631e+02	-9.129590e+02
610	-0.404818	-1.80537	0.112915	0.0479051	0.499264	-0.166697	-1.36326	-0.485904	-1.59329	-0.33913	-1.87824	-0.276325	-1.53176	3.403203e+00	-9.085739e+02	-9.051707e+02
620	-0.378926	-1.64053	0.112915	0.203451	0.499283	-0.218901	-1.68636	-0.278468	-1.18846	-0.109056	-1.56796	-0.374409	-1.74255	4.329651e+00	-9.085404e+02	-9.042108e+02
630	-0.778862	-1.15965	0.0439163	0.090616	0.499775	-0.531532	-0.748145	-1.02909	-0.47864	-0.582585	-1.13352	-0.727657	-1.40014	2.606113e-01	-9.076676e+02	-9.074070e+02
640	-0.464765	-0.937562	0.0704612	0.0653783	0.49922	-0.538302	-1.69626	-0.569953	-1.23424	-0.647341	-0.722785	-0.399574	-0.786082	-2.240906e-01	-9.086511e+02	-9.088752e+02
650	-0.543908	-1.28287	0.116217	0.120947	0.499801	-0.863358	-0.999054	-1.31566	-0.986021	-0.199639	-1.44417	-0.544391	-1.93629	2.506834e+00	-9.076224e+02	-9.051156e+02
660	-0.890622	-1.38602	0.167429	0.116812	0.499553	-0.775204	-1.67278	-0.915489	-1.22253	-0.503992	-1.69091	-0.680644	-1.76963	1.688200e+00	-9.080621e+02	-9.063739e+02
670	-0.476463	-0.972724	0.217708	0.067959	0.499548	-1.25606	-0.715952	-2.09608	-0.606861	-0.362146	-1.24262	-0.538288	-1.17844	4.188708e-01	-9.080701e+02	-9.076512e+02
680	-0.148548	-1.09363	0.440611	0.181968	0.499798	-0.765654	-0.803358	-1.33109	-0.871921	-0.681722	-0.802798	-0.594611	-1.152	-2.038571e+00	-9.076281e+02	-9.096667e+02
690	-1.10054	-0.855204	0.195028	0.19327	0.499554	-1.12171	-1.08362	-1.00314	-0.763057	-1.59491	-1.36375	-0.931374	-1.02575	-4.103424e+00	-9.080600e+02	-9.121634e+02
700	-0.568695	-0.801698	0.172434	0.0885226	0.499896	-0.788798	-0.550291	-0.121713	-0.259711	-1.33853	-1.09809	-1.73879	-1.06614	-8.643887e-01	-9.074547e+02	-9.083191e+02
710	-0.526856	-1.26046	0.155784	0.182083	0.499742	-0.727262	-0.828771	-0.23187	-0.63407	-1.22537	-1.86072	-1.36628	-1.83882	-3.178051e-01	-9.077275e+02	-9.080453e+02
720	-0.578759	-1.59924	0.141093	1.35243	0.499965	-0.51849	-2.05329	-1.31877	-2.08982	-1.07729	-0.584377	-2.07925	-1.14237	-1.089997e+01	-9.073324e+02	-9.182324e+02
730	-0.615736	-1.79247	0.22684	0.478829	0.499965	-1.62914	-2.43661	-1.64342	-2.11354	-0.433452	-1.90175	-0.730287	-1.95697	-3.677784e+00	-9.073324e+02	-9.110102e+02
740	-0.517054	-1.89339	0.309351	0.254322	0.499716	-0.0903742	-1.71432	-1.44633	-2.19748	-0.773761	-1.81169	-1.93284	-2.15105	-5.112141e+00	-9.077731e+02	-9.128852e+02
750	-0.354403	-2.10018	0.276571	0.222873	0.498913	-0.848174	-2.23642	-1.21877	-1.83413	-0.482337	-2.93025	-0.472565	-2.06376	-2.236952e+00	-9.091952e+02	-9.114321e+02
760	-0.618231	-1.81598	0.10793	0.262237	0.499505	-0.278063	-2.00672	-0.531807	-2.12485	-0.334418	-1.92902	-0.918771	-1.75042	1.096602e+00	-9.081469e+02	-9.070503e+02
770	-0.289617	-2.06403	0.102474	0.282784	0.499732	-0.799348	-2.24327	-0.30348	-2.12182	-0.209975	-2.41858	-0.819929	-2.82285	-8.998411e-01	-9.077446e+02	-9.086444e+02
780	-0.471446	-1.651	0.0852593	0.863853	0.499042	-0.218983	-2.46519	-0.531538	-2.31047	-0.714337	-2.91941	-0.369582	-2.79118	-3.061186e+00	-9.089669e+02	-9.120281e+02
790	-0.466729	-2.45092	0.0852593	0.297423	0.499586	-0.493518	-2.85027	-0.864952	-2.54799	-0.607939	-2.96563	-0.515132	-2.55708	1.577510e+00	-9.080022e+02	-9.064246e+02
800	-0.130699	-2.12495	0.0852593	0.198197	0.49903	-0.165679	-2.78237	-0.365917	-2.91092	-0.149404	-2.55454	-0.258438	-2.66409	4.508408e+00	-9.089875e+02	-9.044791e+02
810	-0.230215	-2.21097	0.0852593	0.163641	0.4993	-0.239854	-2.873	-0.335396	-3.00673	-0.484942	-1.89465	-0.672932	-2.19411	3.647262e+00	-9.085086e+02	-9.048614e+02
820	-0.141659	-2.34559	0.0852593	0.25787	0.499448	-0.087903	-2.05828	-0.0987929	-1.73507	-0.334858	-1.63459	-0.398872	-2.13609	2.314361e+00	-9.082464e+02	-9.059320e+02
830	-0.379838	-1.802	0.0852593	0.238079	0.498734	-0.479681	-1.77189	-0.334374	-2.50936	-0.487513	-1.40955	-0.740079	-0.503057	9.598024e-01	-9.095136e+02	-9.085538e+02
840	-0.599874	-2.00757	0.0899952	0.0600135	0.499896	-0.45024	-2.49175	-0.328042	-2.63402	-0.195538	-1.47312	-0.216892	-1.64937	2.018877e+00	-9.074550e+02	-9.054361e+02
850	-0.586489	-1.97151	0.166538	0.237622	0.499974	-0.799845	-2.3015	-0.829522	-2.27852	-0.181608	-2.36458	-0.509414	-2.62341	1.676188e+00	-9.073157e+02	-9.056396e+02
860	-0.739957	-2.54098	0.11291	0.185902	0.49902	-0.698913	-2.85981	-1.02138	-2.88716	-0.493216	-2.93907	-0.412182	-2.65236	2.236995e+00	-9.090054e+02	-9.067684e+02
870	-0.210989	-1.9204	0.057229	0.284237	0.499996	-0.290197	-1.86198	-0.288968	-1.70304	-0.1148	-2.36047	-0.358707	-2.6726	3.760080e+00	-9.072783e+02	-9.035182e+02
880	-0.41063	-1.50454	0.0695371	0.247718	0.499768	-0.68331	-1.77879	-0.711672	-2.15795	-0.413442	-2.65925	-0.691438	-2.43785	6.372304e-01	-9.076815e+02	-9.070443e+02
890	-0.148625	-1.68874	0.305931	0.166216	0.499017	-0.893454	-1.67112	-0.273151	-1.69058	-0.234888	-2.03922	-0.369361	-1.96244	7.080573e-01	-9.090106e+02	-9.083025e+02
900	-0.407221	-1.7238	0.128053	0.165225	0.499794	-0.255909	-1.57938	-0.571713	-1.11998	-0.184305	-1.97802	-0.186099	-1.42467	3.527187e+00	-9.076346e+02	-9.041074e+02
910	-0.25679	-1.23935	0.128053	0.130709	0.49866	-0.384147	-0.9637	-0.523522	-0.422058	-0.313786	-1.50257	-0.139866	-2.26857	1.858364e+00	-9.096449e+02	-9.077865e+02
920	-0.102165	-1.07858	0.074188	0.0848474	0.499743	-0.199235	-0.926236	-0.192188	-0.531126	-0.351576	-1.32335	-0.423792	-0.746259	3.823163e+00	-9.077248e+02	-9.039016e+02
930	-0.437526	-1.45597	0.13073	0.0848474	0.499394	-0.211834	-1.74223	-0.68176	-2.04842	-0.204949	-1.58035	-0.231417	-1.59965	5.215113e+00	-9.083434e+02	-9.031283e+02
940	-0.339622	-1.68642	0.366139	0.288912	0.499597	-0.362745	-1.43343	-1.70526	-1.74383	-0.514685	-1.13156	-0.949742	-1.05148	-3.466836e+00	-9.079830e+02	-9.114498e+02
950	-0.198139	-1.40693	0.263558	0.219206	0.498182	-0.766232	-1.51362	-1.41705	-1.70465	-0.286839	-0.158974	-1.06682	-0.220615	-3.786609e+00	-9.104960e+02	-9.142826e+02
960	-0.165872	-1.11124	0.152025	0.0757559	0.499698	-0.571477	-1.68636	-0.931968	-1.96252	-0.106249	-1.34153	-0.612823	-1.88318	-1.942073e-01	-9.078047e+02	-9.079989e+02
970	-0.635643	-1.67349	0.152025	0.0757559	0.499429	-0.669704	-1.50687	-0.512473	-1.38719	-0.538943	-1.6957	-0.571829	-2.00238	5.314065e+00	-9.082813e+02	-9.029672e+02
980	-1.16229	-1.53576	0.0889586	0.24775	0.498999	-0.697129	-1.8539	-0.80583	-1.63987	-1.05288	-1.17677	-0.671093	-0.91985	-1.797604e+00	-9.090440e+02	-9.108416e+02
990	-0.715672	-1.87922	0.119989	0.365639	0.499651	-1.20557	-2.7927	-1.37212	-2.88672	-0.711027	-1.53299	-0.450559	-1.04206	-1.083827e+00	-9.078872e+02	-9.089711e+02
1000	-0.560763	-1.57233	0.099988	0.301927	0.499817	-1.16248	-1.99804	-1.5181	-2.06169	-0.136671	-1.7617	-0.708948	-2.29408	-2.026408e+00	-9.075942e+02	-9.096206e+02
1010	-0.502009	-1.86087	0.12011	0.267554	0.499817	-0.806217	-1.54969	-1.34981	-1.87811	-0.411618	-2.55438	-0.412886	-2.31461	6.920840e-01	-9.075942e+02	-9.069021e+02
1020	-0.859907	-1.62035	0.0753201	0.137591	0.49942	-1.44419	-2.1197	-1.18712	-2.72152	-0.571137	-2.20134	-0.784243	-2.07949	-1.499698e+00	-9.082975e+02	-9.097972e+02
1030	-0.929611	-2.08342	0.427462	0.154617	0.498881	-1.64724	-2.96497	-1.4288	-2.98146	-1.00955	-2.16117	-0.718206	-2.15036	-3.350273e+00	-9.092534e+02	-9.126036e+02
1040	-0.836204	-2.10705	0.386563	0.0641017	0.499931	-1.17131	-2.11327	-1.32443	-2.63935	-1.41558	-1.75917	-1.60803	-1.35538	-3.158827e+00	-9.073920e+02	-9.105509e+02
1050	-0.893795	-2.34323	0.0968422	0.134452	0.499992	-1.72682	-2.8684	-1.53404	-2.81385	-1.71793	-2.2021	-1.52135	-2.03373	-4.073234e+00	-9.072839e+02	-9.113571e+02
1060	-0.429508	-2.49812	0.347374	0.119904	0.499523	-1.18128	-2.79251	-0.781963	-2.32767	-1.643	-2.87218	-0.476645	-2.19814	-6.641330e+00	-9.081146e+02	-9.147559e+02
1070	-0.357459	-2.3276	0.202588	0.243679	0.49899	-0.948043	-2.01802	-0.738016	-2.17116	-0.584773	-2.30761	-0.287794	-2.14238	1.668202e-01	-9.090591e+02	-9.088923e+02
1080	-0.392274	-1.96244	0.0587779	0.48924	0.499009	-0.0922746	-1.82489	-0.365615	-2.96522	-0.550325	-2.92145	-0.628454	-2.64237	-1.078268e+00	-9.090246e+02	-9.101029e+02
1090	-0.249531	-1.73118	0.0580552	0.712644	0.499931	-0.48094	-2.61686	-0.498787	-2.22471	-0.186354	-1.96531	-0.367013	-1.18387	-8.260697e-01	-9.073932e+02	-9.082193e+02
1100	-0.421317	-1.80814	0.123569	0.425017	0.499695	-0.740012	-2.56295	-1.21828	-1.7759	-0.20724	-1.95905	-0.313982	-2.55905	-1.174032e+00	-9.078101e+02	-9.089842e+02
1110	-0.865879	-1.71308	0.0892746	0.727678	0.499865	-1.17733	-1.34221	-1.41883	-1.87748	-0.705251	-2.29215	-0.353381	-1.30268	-4.111874e+00	-9.075087e+02	-9.116206e+02
1120	-0.855805	-1.41102	0.297475	1.03506	0.499871	-0.649561	-2.12083	-1.45442	-0.715511	-0.595735	-2.86551	-0.971946	-1.96437	-9.881938e+00	-9.074989e+02	-9.173808e+02
1130	-0.6877	-2.56588	0.264409	1.11682	0.499832	-1.13626	-2.79482	-1.4051	-2.79539	-0.809762	-2.1467	-0.740344	-2.31375	-7.017054e+00	-9.075680e+02	-9.145851e+02
1140	-0.657529	-1.37542	0.143316	0.672901	0.499994	-0.496072	-1.53353	-1.45258	-2.07506	-1.27295	-2.2367	-0.645409	-0.70118	-9.747879e+00	-9.072814e+02	-9.170293e+02
1150	-0.495628	-1.55186	0.252106	0.121983	0.499713	-0.413537	-0.825651	-0.669867	-1.22067	-0.952829	-1.85893	-1.17626	-1.56055	-7.082161e-02	-9.077788e+02	-9.078496e+02
1160	-0.677008	-1.70636	0.0852222	0.224107	0.499546	-0.751587	-1.56005	-0.466153	-1.69158	-1.00821	-1.58339	-1.06944	-1.56003	3.099899e+00	-9.080741e+02	-9.049742e+02
1170	-1.18782	-1.50584	0.0943079	0.0551963	0.49986	-1.00961	-1.24866	-1.32897	-1.38577	-0.915154	-1.81595	-0.912278	-1.66209	1.189922e+00	-9.075175e+02	-9.063275e+02
1180	-0.512413	-1.68033	0.511608	0.145785	0.499993	-1.16778	-2.23872	-0.511322	-2.03502	-0.441063	-1.60069	-1.17589	-1.77189	-1.714820e+00	-9.072830e+02	-9.089978e+02
1190	-0.827104	-2.22295	0.142591	0.249016	0.499993	-0.958198	-1.94553	-1.06959	-2.4713	-1.66222	-1.96211	-1.59131	-1.58521	-1.936057e+00	-9.072830e+02	-9.092190e+02
1200	-0.824659	-1.73815	0.169072	0.118927	0.499993	-0.235426	-1.93649	-0.740592	-1.85499	-1.19882	-1.39812	-1.70828	-1.53499	9.287057e-01	-9.072830e+02	-9.063543e+02
1210	-0.0870733	-1.85086	0.269868	0.134256	0.499514	-0.139057	-2.14268	-0.119793	-1.81812	-0.448075	-1.95337	-0.552834	-1.5494	2.338538e+00	-9.081311e+02	-9.057925e+02
1220	-0.412	-1.1326	1.47585	0.156425	0.498011	-0.946725	-1.41115	-0.542966	-2.0712	-0.30629	-1.51915	-0.358911	-1.22165	-6.376406e+00	-9.107996e+02	-9.171760e+02
1230	-0.65595	-1.42484	0.077287	0.0978285	0.499335	-1.06521	-1.6644	-1.14961	-1.47534	-1.03886	-1.23721	-0.724359	-0.921338	3.106536e+00	-9.084477e+02	-9.053412e+02
1240	-0.962857	-1.30449	0.319546	0.159879	0.499335	-1.03623	-1.65137	-0.625123	-1.47248	-1.47337	-1.15269	-1.76182	-1.44549	-1.503647e+00	-9.084477e+02	-9.099514e+02
1250	-1.0374	-2.11625	0.0919839	0.0907173	0.499359	-0.303957	-2.49327	-0.101071	-2.59701	-1.62926	-2.05679	-1.46709	-1.93155	-1.136842e+00	-9.084050e+02	-9.095418e+02
1260	-0.800558	-1.9553	0.241087	0.108167	0.498005	-0.235046	-2.35003	-0.343856	-2.5904	-1.39292	-1.67132	-0.981731	-1.50532	4.480285e-01	-9.108107e+02	-9.103627e+02
1270	-0.574011	-1.13699	0.247122	0.632047	0.498643	-0.77811	-1.45221	-1.29665	-1.71571	-0.978055	-1.65158	-1.6607	-1.05447	-5.617269e+00	-9.096757e+02	-9.152929e+02
1280	-0.817883	-1.07683	0.242822	0.102207	0.498942	-1.12407	-1.6934	-0.565555	-1.89699	-1.44586	-0.424361	-1.25801	0.0847224	-4.399247e+00	-9.091446e+02	-9.135439e+02
1290	-0.369978	-1.35663	0.152573	0.0990489	0.499779	-0.426724	-1.71498	-1.11426	-1.28105	-0.444348	-1.51052	-0.517386	-0.998508	1.678589e+00	-9.076618e+02	-9.059832e+02
1300	-0.468033	-1.51458	0.10501	0.132743	0.499526	-0.90949	-1.79648	-1.16914	-2.09608	-0.833118	-1.01601	-0.50915	-1.33622	1.849037e+00	-9.081095e+02	-9.062605e+02
1310	-0.606997	-1.52883	0.102331	0.0977221	0.499526	-0.625029	-2.63802	-0.444878	-2.39789	-0.580314	-1.41618	-0.405741	-1.84546	-9.326463e-01	-9.081095e+02	-9.090421e+02
1320	-0.685853	-2.07959	0.0576428	0.258397	0.499798	-0.211937	-1.8852	-0.2514	-2.43758	-0.806333	-2.67105	-0.638099	-1.96067	-2.842121e-01	-9.076268e+02	-9.079111e+02
1330	-0.539528	-1.86343	0.182595	0.128865	0.499294	-0.434151	-1.74098	-0.656943	-2.26917	-0.358266	-1.46001	-0.251409	-1.64288	2.962712e+00	-9.085193e+02	-9.055565e+02
1340	-0.131708	-1.93544	0.135223	0.137445	0.499777	-0.644352	-2.0043	-0.706535	-1.70769	-0.431975	-2.12959	-0.749768	-2.01498	3.464392e+00	-9.076652e+02	-9.042008e+02
1350	-0.404333	-2.22895	0.0921948	0.101864	0.499689	-0.501215	-2.13142	-0.683883	-1.39459	-0.405029	-2.69197	-0.0938913	-2.41702	1.979743e+00	-9.078202e+02	-9.058404e+02
1360	-0.554148	-2.30761	0.110551	0.147414	0.499932	-0.41957	-2.4566	-0.319556	-2.89938	-0.480241	-2.85972	-0.486181	-2.81628	3.596812e+00	-9.073911e+02	-9.037943e+02
1370	-0.602031	-2.56837	0.17331	0.727198	0.49954	-0.954158	-2.65449	-1.20733	-2.27121	-1.57711	-2.10479	-1.43333	-1.71998	-6.570240e+00	-9.080851e+02	-9.146553e+02
1380	-1.26507	-2.02321	0.0862379	0.228418	0.499129	-1.14696	-1.77542	-1.34816	-1.85688	-1.05275	-1.51068	-0.787249	-1.73206	-1.640301e+00	-9.088120e+02	-9.104523e+02
1390	-0.315186	-1.88912	0.808944	0.0564632	0.499523	-0.55684	-1.59663	-1.64031	-1.71612	-0.682161	-2.11463	-0.927759	-1.83803	-2.162592e+00	-9.081135e+02	-9.102761e+02
1400	-0.648799	-1.85804	0.218098	0.197405	0.499962	-1.53676	-1.87277	-1.76256	-1.36038	-0.320863	-1.89109	-0.73866	-1.60413	-6.071538e-01	-9.073371e+02	-9.079443e+02
1410	-0.981486	-1.12202	0.16428	0.169596	0.499468	-1.46411	-1.18526	-1.31267	-1.67831	-0.570147	-1.31174	-0.890322	-1.17181	-6.817962e-01	-9.082126e+02	-9.088944e+02
1420	-0.631351	-1.74852	0.19048	0.0816807	0.499863	-1.53672	-2.34442	-1.78272	-2.46969	-0.355104	-1.59379	-1.15614	-1.31824	-1.336312e+00	-9.075128e+02	-9.088492e+02
1430	-1.0486	-2.65264	0.621427	0.223689	0.497261	-1.76224	-2.54584	-1.36504	-2.94482	-1.6511	-2.36275	-0.756257	-2.83642	-7.642169e+00	-9.121376e+02	-9.197797e+02
1440	-0.827141	-2.08928	0.18302	0.0866314	0.499783	-1.71411	-1.90464	-2.06831	-2.47984	-1.32654	-1.9949	-0.561472	-2.39304	-3.420005e+00	-9.076540e+02	-9.110740e+02
1450	-0.426011	-2.21855	0.211851	0.192275	0.499458	-1.31563	-2.88784	-1.94255	-2.69137	-0.826646	-2.73942	-0.663227	-2.55188	-2.014307e+00	-9.082303e+02	-9.102446e+02
1460	-0.763617	-2.69123	0.109064	0.231558	0.499297	-1.41019	-2.91619	-1.20084	-2.47575	-1.6545	-2.08115	-1.92883	-1.84686	-5.309113e+00	-9.085145e+02	-9.138236e+02
1470	-0.47793	-1.5952	0.199222	0.304452	0.499002	-0.871056	-1.94544	-0.463927	-2.19381	-0.719732	-1.94038	-0.799193	-1.7082	3.138178e-02	-9.090374e+02	-9.090060e+02
1480	-0.638534	-1.88658	0.194131	0.37686	0.499584	-0.165667	-1.61797	-0.305315	-2.37999	-0.919495	-1.23214	-0.71668	-0.74691	-1.891651e+00	-9.080064e+02	-9.098980e+02
1490	-0.578719	-1.47332	0.179923	0.955721	0.499889	-0.775165	-1.19384	-0.449624	-2.15884	-1.1562	-2.19069	-1.75007	-0.441809	-7.881217e+00	-9.074669e+02	-9.153481e+02
1500	-0.719924	-1.32187	0.276189	0.21656	0.499894	-0.341145	-0.937983	-0.193771	-0.0378375	-1.19383	-0.796427	-1.50192	-0.322978	-3.074512e+00	-9.074582e+02	-9.105327e+02
1510	-0.596526	-1.16787	0.0893527	0.221515	0.499274	-0.514117	-0.822833	-0.44006	-0.503551	-0.47895	-1.02383	-0.953937	-0.211413	7.678409e-01	-9.085547e+02	-9.077869e+02
1520	-0.430378	-1.09979	0.145158	0.337003	0.49979	-0.318865	-0.401887	-0.327658	-1.17883	-0.272357	0.0835955	-0.65286	-0.061665	-1.476514e+00	-9.076425e+02	-9.091190e+02
1530	-0.382745	-1.02468	0.136093	0.191534	0.499374	-0.0993285	-0.914606	-0.201285	-0.668993	-0.128443	-1.34418	-0.910103	-0.912777	1.088187e+00	-9.083790e+02	-9.072909e+02
1540	-0.370882	-1.31993	0.13303	0.166726	0.499577	-0.635907	-1.01149	-0.237435	-0.710281	-0.415887	-1.14095	-0.204402	-1.07571	3.347862e+00	-9.080183e+02	-9.046705e+02
1550	-0.447104	-0.929515	0.13303	0.137063	0.499249	-0.184616	-0.36554	-0.692615	-0.441767	-1.33978	-1.36792	-1.81094	-1.59866	-2.139748e+00	-9.085995e+02	-9.107392e+02
1560	-0.460138	-0.800322	0.285155	0.100636	0.499988	-0.600148	-1.18493	-0.188644	-1.19452	-0.672896	-1.05368	-1.05869	-0.719169	2.088761e-01	-9.072910e+02	-9.070821e+02
1570	-0.371946	-0.839038	0.134299	0.143365	0.499732	-0.286849	-0.809551	-0.983127	-1.31979	-0.699974	-1.03593	-0.445201	-0.552909	2.567492e-02	-9.077447e+02	-9.077191e+02
1580	-0.444019	-1.0452	0.297847	0.113331	0.499876	-0.81625	-0.899722	-0.86231	-0.616811	-0.164155	-0.570773	-0.0935288	-0.349364	1.239747e+00	-9.074905e+02	-9.062507e+02
1590	-0.27592	-1.20132	0.662487	0.318962	0.499885	-0.0948889	-0.821325	-0.132672	-0.377012	-1.09018	-1.53685	-0.78566	-1.69588	-4.441453e+00	-9.074735e+02	-9.119149e+02
1600	-0.538461	-1.51846	0.142819	0.10959	0.498947	-0.175416	-0.963697	-0.357876	-0.684621	-0.886232	-1.42703	-0.948156	-1.64984	3.333880e+00	-9.091352e+02	-9.058013e+02
1610	-0.837464	-1.79678	0.225248	0.112576	0.499445	-1.08255	-1.25345	-1.44543	-1.39946	-1.08058	-1.70552	-0.751328	-1.81885	1.016591e+00	-9.082531e+02	-9.072365e+02
1620	-0.839238	-1.73615	0.160458	0.0858319	0.499917	-1.03909	-1.80624	-1.21515	-2.11351	-0.535822	-1.46691	-0.551923	-1.66932	3.388019e+00	-9.074168e+02	-9.040287e+02
1630	-0.623788	-1.82863	0.167468	0.118206	0.499943	-1.5041	-2.00513	-1.35641	-1.88502	-0.695494	-1.41423	-0.848754	-1.62759	1.522673e+00	-9.073715e+02	-9.058489e+02
1640	-0.773845	-1.86852	0.527116	0.23878	0.499497	-1.3179	-1.9836	-1.8323	-1.33029	-1.15332	-2.17843	-1.0694	-2.11853	-3.703224e+00	-9.081604e+02	-9.118636e+02
1650	-0.393665	-1.38467	0.260896	0.400188	0.498926	-0.654907	-1.28776	-1.27237	-2.06282	-0.273701	-1.89461	-0.957484	-2.45355	-3.433053e+00	-9.091726e+02	-9.126057e+02
1660	-0.190214	-1.36003	0.260896	0.166452	0.499891	-0.498716	-1.21849	-0.820879	-1.64541	-0.378178	-1.87495	-0.218484	-2.32866	6.178619e-01	-9.074628e+02	-9.068449e+02
1670	-0.324502	-1.95992	0.131679	0.369976	0.498394	-0.326318	-1.82541	-0.259507	-1.02966	-0.484023	-2.00209	-0.614105	-1.77395	1.194418e+00	-9.101189e+02	-9.089245e+02
1680	-0.65404	-0.954032	0.133768	0.554239	0.499326	-0.813205	-1.53301	-0.937468	-1.32969	-0.403006	-1.90166	-0.959182	-2.69617	-4.350912e+00	-9.084626e+02	-9.128135e+02
1690	-0.272454	-1.45933	0.251879	0.113459	0.498753	-0.438829	-1.77542	-0.635706	-2.09562	-0.80218	-1.33348	-0.847674	-0.539093	-4.804687e-02	-9.094797e+02	-9.095278e+02
1700	-0.711857	-1.13372	0.0612127	0.111588	0.499563	-0.454589	-1.45671	-0.224535	-1.56865	-0.472346	-1.64537	-0.305646	-1.20484	2.059080e+00	-9.080437e+02	-9.059846e+02
1710	-0.636002	-1.07323	0.368746	0.0596935	0.499291	-0.592838	-1.00646	-0.259899	-1.13974	-0.761974	-1.02692	-0.113639	-0.99471	1.722877e+00	-9.085249e+02	-9.068020e+02
1720	-0.734111	-1.11381	0.14333	0.104173	0.498241	-0.0967258	-0.659584	-0.535137	-0.874308	-0.781388	-0.660396	-0.706576	-0.951098	7.435945e-01	-9.103910e+02	-9.096474e+02
1730	-0.341339	-1.19707	0.14333	0.0933537	0.499817	-0.579746	-0.406816	-0.200583	-0.938427	-0.279945	-1.34967	-0.884756	-1.50915	-6.680155e-01	-9.075936e+02	-9.082616e+02
1740	-0.656154	-1.51539	0.0518216	0.057431	0.49883	-1.05261	-1.46552	-1.19506	-1.39063	-0.308135	-1.59768	-0.354166	-1.33698	4.259725e+00	-9.093424e+02	-9.050826e+02
1750	-0.576918	-1.55108	0.355814	0.057431	0.49935	-0.581154	-1.49165	-0.78267	-1.10593	-0.932327	-1.12624	-0.453191	-1.30655	-3.605679e-02	-9.084204e+02	-9.084565e+02
1760	-0.537195	-1.96731	0.502989	0.334277	0.499057	-0.197825	-1.83622	-0.379696	-0.929461	-0.422191	-1.63771	-0.431214	-1.26728	-3.626883e+00	-9.089409e+02	-9.125678e+02
1770	-0.413803	-1.71217	0.0630691	0.0735903	0.499745	-0.513	-1.81933	-0.362976	-1.97418	-0.523699	-1.42317	-0.673782	-1.48577	6.758987e+00	-9.077213e+02	-9.009623e+02
1780	-0.534513	-2.04333	0.106676	0.0735903	0.499903	-0.404204	-2.41273	-0.706647	-2.58482	-0.519915	-1.88146	-0.791769	-1.75613	4.984203e+00	-9.074412e+02	-9.024570e+02
1790	-0.431674	-2.01795	0.10107	0.0630441	0.499616	-0.364073	-1.9739	-0.758767	-1.85287	-0.772283	-2.19566	-0.832292	-2.36293	5.590292e+00	-9.079492e+02	-9.023589e+02
1800	-0.628062	-2.08682	0.121771	0.102164	0.499966	-0.78119	-2.30978	-0.357443	-2.21385	-0.578157	-2.20988	-0.230118	-2.04618	4.134329e+00	-9.073299e+02	-9.031956e+02
1810	-0.412658	-2.35172	0.215592	0.130095	0.498453	-0.557529	-2.75948	-0.830563	-2.69037	-0.737592	-2.01654	-0.791897	-2.18611	2.103455e+00	-9.100125e+02	-9.079090e+02
1820	-0.410262	-2.0908	0.303287	0.10883	0.499557	-0.400068	-2.20657	-0.645629	-2.24629	-0.740118	-2.09465	-0.343058	-1.87633	2.723883e+00	-9.080537e+02	-9.053298e+02
1830	-0.458747	-2.14448	0.206678	0.10883	0.497363	-0.641745	-2.56311	-0.986776	-2.7523	-0.141725	-2.12951	-0.44235	-1.67119	2.374971e+00	-9.119555e+02	-9.095805e+02
1840	-0.289763	-1.54038	0.0950383	0.709055	0.498884	-0.227127	-1.60283	-0.409335	-2.09699	-0.161348	-0.130688	-0.154467	-0.135024	-6.597772e-01	-9.092473e+02	-9.099071e+02
1850	-0.669821	-1.98371	0.229813	0.193091	0.499133	-0.775536	-1.77332	-0.665777	-1.50384	-0.775615	-1.48286	-0.389254	-0.306894	-2.735490e+00	-9.088056e+02	-9.115411e+02
1860	-0.910513	-1.19184	0.0800718	0.0508376	0.499668	-1.28841	-1.20042	-1.03776	-0.934208	-1.18318	-1.42038	-0.723455	-1.26064	1.466952e+00	-9.078579e+02	-9.063909e+02
1870	-0.801174	-1.32723	0.0800718	0.419263	0.499913	-0.546023	-1.68507	-0.894643	-1.70213	-0.709994	-1.73771	-1.36651	-1.01252	-3.620407e+00	-9.074235e+02	-9.110439e+02
1880	-0.712175	-1.39515	0.196041	0.215974	0.499559	-0.372036	-2.32177	-0.327199	-2.1823	-1.30065	-1.73466	-1.37558	-1.54452	-1.093072e+00	-9.080514e+02	-9.091445e+02
1890	-0.424564	-1.88927	0.148685	0.121326	0.499381	-0.627408	-2.06318	-0.870943	-2.47925	-0.417426	-2.49265	-1.21963	-1.94091	-1.774529e-01	-9.083661e+02	-9.085436e+02
1900	-0.421184	-2.05179	0.0958042	0.0397844	0.499962	-0.695375	-2.17656	-0.231448	-2.49691	-0.98231	-1.90963	-0.999473	-2.15276	1.301394e+00	-9.073380e+02	-9.060366e+02
1910	-0.3501	-2.08702	0.19183	0.186593	0.499588	-0.116262	-2.77909	-0.128692	-2.97817	-0.814081	-2.37641	-0.567393	-2.576	1.681061e+00	-9.079987e+02	-9.063176e+02
1920	-0.262291	-2.43489	0.093143	0.279995	0.499906	-0.562659	-1.69935	-0.251077	-1.44737	-0.170559	-2.71359	-0.254947	-2.6226	1.339688e+00	-9.074368e+02	-9.060971e+02
1930	-0.527949	-1.40355	0.125637	0.110953	0.499649	-0.647307	-1.30015	-0.13074	-1.3575	-0.877759	-1.48075	-0.732488	-1.91176	3.510161e+00	-9.078910e+02	-9.043808e+02
1940	-0.311685	-1.96299	0.367161	0.110953	0.499575	-0.363511	-2.15554	-1.09279	-2.4955	-1.18204	-1.75944	-1.09661	-2.16595	-4.057630e-01	-9.080230e+02	-9.084288e+02
1950	-0.804428	-2.12764	0.192984	0.154038	0.499464	-0.409949	-2.58634	-1.40217	-2.48465	-1.2758	-2.18455	-1.43875	-2.38284	-1.383526e+00	-9.082185e+02	-9.096020e+02
1960	-0.279372	-2.11716	0.63967	0.126766	0.499767	-0.412614	-2.66518	-1.31416	-2.75182	-0.446596	-2.44616	-1.26538	-2.17694	-2.605725e+00	-9.076834e+02	-9.102891e+02
1970	-0.191256	-2.3906	0.173786	0.0904182	0.499592	-0.569796	-2.16038	-0.238183	-1.68479	-0.840566	-2.24641	-1.60799	-2.20031	-4.477114e-01	-9.079916e+02	-9.084393e+02
1980	-0.390666	-1.74437	0.173786	0.0857211	0.499535	-0.49442	-1.6095	-0.500218	-1.52814	-0.210543	-1.75133	-0.100523	-2.30799	4.514185e+00	-9.080929e+02	-9.035787e+02
1990	-0.562376	-1.41305	0.184738	0.101118	0.499236	-0.773982	-1.96306	-0.354336	-2.3845	-1.0929	-1.3951	-1.02766	-1.41274	1.415140e+00	-9.086222e+02	-9.072071e+02
2000	-0.229323	-1.76156	0.190362	0.175911	0.498922	-0.234147	-2.25181	-0.183349	-2.39931	-1.34333	-1.82115	-1.22136	-2.3196	-4.711380e-01	-9.091791e+02	-9.096502e+02
2010	-0.862674	-2.06344	0.154041	0.175911	0.49995	-0.474296	-1.87447	-0.951865	-1.9968	-0.975157	-2.35733	-1.03373	-1.25105	-2.153206e+00	-9.073582e+02	-9.095115e+02
2020	-0.749508	-2.23556	0.285315	0.123356	0.498613	-0.504659	-1.94859	-0.849628	-2.30845	-0.502015	-1.64741	-0.953297	-1.39362	-9.595854e-01	-9.097284e+02	-9.106880e+02
2030	-0.53766	-2.01411	0.0994754	0.101933	0.496952	-0.748355	-1.92949	-0.62172	-2.05787	-0.62799	-2.24058	-0.650164	-2.32633	5.943736e+00	-9.126915e+02	-9.067478e+02
2040	-0.352298	-1.92146	0.0843136	0.125074	0.499988	-0.578565	-1.4723	-0.504861	-0.766994	-0.251171	-2.13282	-0.722081	-2.21685	2.361678e+00	-9.072926e+02	-9.049309e+02
2050	-0.258413	-1.99023	0.2061	0.30327	0.499511	-0.446855	-2.86897	-0.762305	-2.18246	-0.315189	-2.63377	-0.723147	-2.17303	-1.243512e+00	-9.081356e+02	-9.093791e+02
2060	-0.303276	-2.29606	0.154634	0.502807	0.499318	-0.82144	-2.17622	-0.791057	-2.67829	-0.139863	-2.94318	-0.32354	-2.84426	-9.113251e-01	-9.084781e+02	-9.093895e+02
2070	-0.490022	-2.11278	0.218321	0.182891	0.499077	-0.919012	-1.70621	-0.629984	-1.24375	-0.644287	-2.36107	-0.732794	-2.52338	8.994878e-01	-9.089042e+02	-9.080047e+02
2080	-0.881588	-1.78188	0.193125	0.153137	0.499873	-1.53593	-1.24867	-1.21964	-1.2236	-0.831021	-2.08102	-0.912122	-2.76288	-1.290862e+00	-9.074953e+02	-9.087862e+02
2090	-0.538996	-2.22682	0.119868	0.122863	0.499863	-0.448114	-2.266	-0.495192	-2.44235	-0.413379	-1.67387	-0.436267	-1.76929	4.166331e+00	-9.075126e+02	-9.033463e+02
2100	-0.6354	-1.48318	0.0540814	0.319893	0.499252	-0.544558	-1.34287	-0.636007	-1.75222	-0.686072	-1.77024	-0.671872	-2.63732	1.489347e+00	-9.085948e+02	-9.071054e+02
2110	-0.721059	-1.60458	0.0655661	0.157522	0.498557	-0.66712	-1.91374	-1.31633	-2.2499	-0.630637	-2.06097	-0.727939	-0.896639	-3.200181e+00	-9.098291e+02	-9.130293e+02
2120	-0.138235	-1.99538	0.532124	0.212594	0.499671	-1.01379	-2.75542	-1.50923	-2.73727	-0.316183	-1.4919	-1.50915	-1.47835	-4.767794e+00	-9.078521e+02	-9.126199e+02
2130	-0.295269	-1.92764	0.417279	0.125905	0.499624	-0.452126	-2.24798	-1.98878	-1.93823	-0.959554	-1.78921	-0.526778	-1.88963	-2.374471e+00	-9.079358e+02	-9.103103e+02
2140	-0.482968	-2.42705	0.86807	0.295637	0.499555	-0.916528	-2.40885	-0.813043	-2.56357	-0.62602	-2.34783	-0.192695	-1.00771	-7.860205e+00	-9.080571e+02	-9.159173e+02
2150	-0.470305	-2.19389	0.15604	0.0925964	0.499698	-1.18542	-2.62118	-1.22683	-2.72765	-0.518532	-1.91386	-0.714726	-1.75976	2.329280e+00	-9.078047e+02	-9.054755e+02
2160	-0.262687	-2.34201	0.271095	0.255188	0.497983	-0.626035	-2.22246	-0.684236	-2.44764	-0.184923	-2.29538	-0.106087	-1.6952	-3.693246e-02	-9.108490e+02	-9.108859e+02
2170	-0.451641	-2.5811	0.233182	0.0936208	0.499866	-0.415683	-2.58862	-0.49212	-2.85218	-0.118354	-2.12559	-0.254817	-1.71451	1.298222e+00	-9.075082e+02	-9.062100e+02
2180	-0.363984	-2.20572	0.0503249	0.240277	0.496734	-0.632702	-2.59268	-0.726874	-2.71044	-0.205845	-2.26222	-0.368729	-2.29319	3.046718e+00	-9.130811e+02	-9.100344e+02
2190	-0.255788	-1.79083	0.0503249	0.345775	0.499814	-0.495136	-2.05024	-0.751426	-2.65679	-0.198109	-2.49571	-0.118015	-2.61346	1.150141e+00	-9.075987e+02	-9.064486e+02
2200	-0.403995	-2.02376	0.151648	0.0846292	0.49991	-0.741105	-2.09921	-0.810956	-2.22875	-0.245447	-2.18649	-0.295961	-2.34654	5.647373e+00	-9.074289e+02	-9.017815e+02
2210	-0.305256	-1.87245	0.126262	0.217853	0.499231	-0.108802	-2.08167	-0.247092	-2.386	-0.217487	-2.49417	-0.50248	-2.69401	3.513061e+00	-9.086310e+02	-9.051180e+02
2220	-0.371067	-1.91879	0.243767	0.228795	0.499548	-0.50604	-2.08878	-0.963072	-2.44883	-1.0026	-2.10765	-0.675943	-2.29395	1.364396e-01	-9.080709e+02	-9.079345e+02
2230	-0.21226	-1.78044	0.139214	0.06577	0.49989	-0.351463	-1.88031	-0.244344	-1.97623	-0.7949	-1.55667	-1.31309	-1.39155	4.179818e+00	-9.074651e+02	-9.032853e+02
2240	-0.30506	-1.41095	0.122949	0.0660573	0.499686	-0.128777	-1.34406	-0.446526	-1.4074	-1.28987	-1.44177	-1.32303	-1.39868	3.165478e+00	-9.078254e+02	-9.046600e+02
2250	-0.687527	-1.63831	0.0943558	0.347025	0.499467	-0.497327	-2.37068	-0.714396	-0.86626	-0.423688	-2.01136	-1.06387	-1.67346	-4.557924e+00	-9.082142e+02	-9.127721e+02
2260	-0.520712	-1.79295	0.155776	0.137916	0.499973	-1.09868	-1.82657	-0.418013	-1.51597	-0.133296	-1.31824	-0.500347	-1.34637	9.664475e-01	-9.073190e+02	-9.063525e+02
2270	-0.529568	-1.69164	0.194605	0.12081	0.499509	-1.05774	-2.59429	-1.60642	-2.94172	-0.202766	-1.6489	-0.877459	-1.7197	-1.506681e+00	-9.081394e+02	-9.096461e+02
2280	-1.02862	-2.26007	0.113141	0.12081	0.499356	-1.17363	-1.99399	-0.959242	-1.3856	-0.821116	-2.49792	-0.370785	-2.15722	-5.498835e-01	-9.084107e+02	-9.089606e+02
2290	-0.65178	-2.00161	0.132346	 0.17	0.499959	-0.18873	-2.57893	-0.715745	-3.01846	-0.591551	-2.7666	-0.469431	-2.62885	4.028643e-02	-9.073438e+02	-9.073035e+02
2300	-0.511716	-1.92736	0.248295	0.181979	0.498746	-0.538336	-1.25395	-1.02357	-1.30882	-0.994595	-1.63277	-2.09081	-1.74683	-2.207577e+00	-9.094926e+02	-9.117002e+02
2310	-0.438894	-1.58736	0.442362	0.220567	0.499591	-1.9445	-1.58989	-1.79069	-0.970777	-1.54335	-2.25786	-1.9137	-2.42353	-5.601894e+00	-9.079942e+02	-9.135961e+02
2320	-1.07788	-1.61027	0.288464	0.291148	0.499766	-1.7785	-2.04329	-2.08012	-1.05055	-1.45115	-1.73517	-1.61733	-1.40683	-5.553848e+00	-9.076849e+02	-9.132388e+02
2330	-0.904442	-2.04306	0.12497	0.23681	0.499815	-1.18361	-2.25581	-1.40678	-1.92628	-0.571891	-1.71307	-0.640529	-1.40134	5.010892e-01	-9.075984e+02	-9.070973e+02
2340	-0.27352	-2.29313	0.140153	0.220585	0.499587	-0.811111	-2.79894	-0.739099	-2.5608	-0.281562	-1.38413	-0.337583	-1.77431	-1.116363e-01	-9.080017e+02	-9.081133e+02
2350	-0.76634	-1.65859	0.0725563	0.426142	0.499769	-1.01069	-2.52863	-0.734137	-2.12262	-0.566376	-1.44816	-0.628412	-1.46487	-4.702020e-01	-9.076786e+02	-9.081488e+02
2360	-0.560991	-2.01404	0.183902	0.245074	0.499929	-1.18637	-2.50047	-1.01364	-2.48052	-0.51633	-1.73126	-0.70306	-2.125	3.112376e-01	-9.073966e+02	-9.070854e+02
2370	-0.167394	-2.54068	0.483789	0.394692	0.499989	-0.737203	-2.60993	-0.906341	-2.49167	-0.596596	-1.75841	-0.28193	-1.93626	-5.292515e+00	-9.072895e+02	-9.125820e+02
2380	-0.585857	-1.94176	0.128862	0.292248	0.499879	-0.917177	-1.8068	-0.839613	-0.642814	-0.909498	-2.10952	-0.705371	-2.11789	-7.806898e-01	-9.074851e+02	-9.082658e+02
2390	-0.725151	-1.49716	0.279622	0.167071	0.498312	-0.966488	-1.59929	-1.25623	-1.87263	-1.10577	-2.27689	-1.24233	-2.31842	-7.038880e-01	-9.102643e+02	-9.109681e+02
2400	-0.125359	-1.47993	0.218473	0.237392	0.499266	-0.549505	-1.69697	-0.845406	-2.05952	-0.633242	-1.56736	-0.512235	-1.31011	5.302255e-01	-9.085692e+02	-9.080390e+02
2410	-0.571721	-1.49215	0.0902037	0.256466	0.4977	-0.319501	-1.67655	-0.142172	-1.45648	-0.354049	-0.964663	-0.266887	-0.764446	2.816844e+00	-9.113542e+02	-9.085373e+02
2420	-0.229594	-0.720186	0.119881	0.167746	0.499213	-0.177593	-0.490688	-0.191679	-0.525091	-0.234978	-0.8551	-0.376204	-1.31829	3.347588e+00	-9.086635e+02	-9.053159e+02
2430	-0.963931	-1.08355	0.130036	0.156686	0.499979	-0.752234	-0.0471451	-1.00964	-0.0980901	-0.710389	-1.36284	-1.1699	-0.775086	-3.153367e+00	-9.073081e+02	-9.104614e+02
2440	-1.04034	-0.483786	0.130036	0.474905	0.49959	-1.43513	-0.0493681	-1.93051	-0.456414	-1.15802	-0.0893858	-1.38805	-0.0831765	-5.683179e+00	-9.079955e+02	-9.136787e+02
2450	-0.561061	-1.4392	0.251135	0.641157	0.499687	-1.05351	-1.30319	-1.21474	-1.7049	-0.949728	-1.36961	-0.647631	-1.75784	-4.020407e+00	-9.078245e+02	-9.118450e+02
2460	-0.540494	-1.58064	0.172886	0.676453	0.499669	-0.83471	-0.741399	-1.83149	-0.448746	-0.42356	-1.50022	-0.496893	-1.32461	-5.051039e+00	-9.078557e+02	-9.129067e+02
2470	-0.469555	-0.917944	0.238709	0.241751	0.499315	-1.1561	-1.17076	-1.32044	-1.60582	-0.660527	-0.844775	-1.06766	-0.763461	-1.325599e+00	-9.084823e+02	-9.098079e+02
2480	-0.264702	-1.23984	0.104866	0.140977	0.499166	-0.411073	-1.21573	-0.842364	-1.80854	-0.184041	-0.934061	-0.767021	-0.600878	1.793514e+00	-9.087473e+02	-9.069538e+02
2490	-0.306099	-1.38009	0.106373	0.0916415	0.499591	-0.34211	-1.38619	-0.605732	-1.67172	-0.356513	-1.69034	-0.556057	-1.65453	5.975267e+00	-9.079940e+02	-9.020187e+02
2500	-0.260751	-1.14094	0.0999594	0.128751	0.499974	-0.573267	-1.47672	-0.246507	-1.48706	-0.746637	-0.688399	-0.728685	-1.09244	1.919529e+00	-9.073158e+02	-9.053963e+02
2510	-0.339928	-1.98208	0.20551	0.150476	0.499894	-0.331099	-2.15619	-0.281172	-2.32371	-0.176299	-1.04056	-0.642769	-1.12652	9.763993e-01	-9.074583e+02	-9.064819e+02
2520	-0.198734	-1.73899	0.0743856	0.349582	0.499349	-0.516154	-2.24711	-0.735285	-2.91724	-0.138951	-0.629579	-0.583998	-0.308315	-1.217901e+00	-9.084218e+02	-9.096397e+02
2530	-0.540817	-1.03013	0.146784	0.802708	0.499758	-0.311604	-1.73173	-0.340312	-1.33043	-0.22435	-2.02912	-0.320216	-0.565178	-4.772555e+00	-9.076977e+02	-9.124703e+02
2540	-0.581431	-1.50037	0.248154	0.255662	0.499934	-0.244144	-1.39899	-0.179307	-1.80353	-0.488516	-1.06249	-0.766561	-0.588306	2.468786e-01	-9.073868e+02	-9.071399e+02
2550	-0.912876	-0.525939	0.590216	0.190524	0.499821	-0.366396	-0.896664	-0.192252	-0.464469	-0.895732	-0.591586	-0.566299	-0.751516	-5.981896e+00	-9.075876e+02	-9.135695e+02
2560	-0.540059	-0.985544	0.511646	0.190524	0.499968	-1.04572	-1.33041	-0.592542	-1.80321	-0.247347	-1.1818	-0.402348	-1.49534	-2.681761e+00	-9.073263e+02	-9.100080e+02
2570	-0.276523	-1.33845	0.188738	0.190524	0.499968	-0.62153	-1.61678	-0.217192	-1.65351	-0.29865	-0.883757	-0.330468	-0.731601	2.246148e+00	-9.073263e+02	-9.050801e+02
2580	-0.57355	-1.19919	0.131455	0.179498	0.499903	-0.39449	-1.21257	-0.311916	-1.07137	-0.449923	-0.825853	-0.748928	-0.191223	2.354215e+00	-9.074419e+02	-9.050877e+02
2590	-0.388706	-1.31579	0.124826	0.226783	0.498876	-0.678542	-0.920475	-0.627657	-0.8407	-1.10133	-1.6946	-1.82452	-0.728574	-3.332895e+00	-9.092612e+02	-9.125941e+02
2600	-0.186443	-1.36613	0.17102	0.0911626	0.499385	-0.223892	-2.28785	-0.32094	-2.49246	-0.395543	-0.998014	-0.854424	-0.824218	-1.424918e-01	-9.083594e+02	-9.085019e+02
2610	-0.617313	-2.31438	0.180182	0.347982	0.499737	-0.645757	-0.829326	-0.23243	-0.110445	-0.441114	-1.80941	-0.586657	-2.29856	-4.706315e+00	-9.077351e+02	-9.124414e+02
2620	-0.139052	-1.44059	0.125366	0.164401	0.498765	-0.389335	-0.916169	-0.417322	-0.619978	-0.0925646	-1.65064	-0.408161	-1.70898	4.110470e+00	-9.094583e+02	-9.053478e+02
2630	-0.587921	-1.70212	0.203255	0.207634	0.499602	-0.565418	-1.79112	-0.479741	-1.63561	-0.944133	-0.468057	-0.829398	-0.4569	-1.152032e+00	-9.079745e+02	-9.091266e+02
2640	-0.497892	-1.22647	0.0977532	0.157964	0.499502	-0.205032	-1.50001	-0.0959207	-0.938837	-0.57507	-0.849579	-0.271684	-0.886748	3.161491e+00	-9.081507e+02	-9.049892e+02
2650	-0.343083	-1.63323	0.196886	0.377289	0.499489	-0.257156	-1.79532	-0.120269	-1.03409	-0.113632	-1.03678	-0.350667	-1.05225	1.693304e-01	-9.081753e+02	-9.080060e+02
2660	-0.611549	-1.45531	0.13653	0.303114	0.4998	-0.558447	-2.17713	-0.159423	-2.43217	-0.80742	-2.30048	-0.523068	-1.85679	-9.782674e-01	-9.076235e+02	-9.086018e+02
2670	-0.522558	-2.50581	0.120278	0.292615	0.499925	-0.828657	-2.30237	-0.425634	-2.10336	-0.752481	-2.48106	-0.728116	-2.64353	5.374665e-01	-9.074036e+02	-9.068661e+02
2680	-0.856653	-1.57977	0.102366	0.246408	0.499549	-0.886598	-1.26872	-0.59205	-1.42707	-1.0193	-1.0901	-1.42701	-1.44381	6.077360e-01	-9.080692e+02	-9.074614e+02
2690	-0.939814	-0.818336	0.151859	0.25254	0.499355	-0.848236	-1.22404	-1.00528	-1.40818	-1.30927	-1.1315	-1.36961	-0.518191	-2.079930e+00	-9.084120e+02	-9.104920e+02
2700	-0.403694	-1.84605	0.118916	0.19427	0.499117	-0.203139	-1.7129	-0.195083	-1.87664	-0.492668	-1.17281	-0.932831	-0.624989	2.209853e+00	-9.088336e+02	-9.066237e+02
2710	-0.62041	-0.926568	0.0608003	0.237382	0.499419	-0.246943	-0.861554	-0.433076	-0.000689878	-0.740696	-1.54104	-0.714446	-1.67717	-2.799639e-01	-9.082983e+02	-9.085783e+02
2720	-0.812697	-1.44906	0.117079	0.162867	0.499937	-0.381113	-1.00283	-0.336547	-0.318856	-1.11895	-0.753169	-0.518366	-0.449143	-2.048114e+00	-9.073812e+02	-9.094293e+02
2730	-0.442097	-0.359535	0.0648919	0.162867	0.499884	-0.4167	0.0499545	-0.66106	0.0990052	-0.61603	-0.607887	-0.732631	-0.784696	1.655091e+00	-9.074761e+02	-9.058210e+02
2740	-0.425285	-0.548114	0.193798	0.237527	0.499497	-0.606178	-0.440088	-0.665716	0.0986902	-1.00378	-0.361859	-0.832642	-0.36993	-1.368174e+00	-9.081601e+02	-9.095282e+02
2750	-0.272616	-1.0096	0.0769025	0.237527	0.499771	-0.382382	-0.691248	-0.501939	-0.582669	-0.369864	-0.0318952	-0.604837	-0.150362	1.807965e+00	-9.076758e+02	-9.058678e+02
2760	-0.353458	-1.14453	0.307722	0.237527	0.499895	-0.34748	-0.564499	-0.0983592	0.0322387	-0.509078	-1.16557	-0.83224	-0.813292	-9.902869e-01	-9.074561e+02	-9.084463e+02
2770	-0.436974	-1.10125	0.0705851	0.208689	0.499846	-0.121376	-1.58594	-0.450957	-1.07938	-0.529204	-0.590831	-0.257846	-0.5308	1.389048e+00	-9.075423e+02	-9.061532e+02
2780	-0.403554	-1.85129	0.105405	0.632006	0.499488	-0.492221	-1.61191	-0.515461	-1.20229	-0.11197	-0.228374	-0.430651	-0.478174	-2.012161e+00	-9.081766e+02	-9.101888e+02
2790	-0.175659	-1.36599	0.141696	0.276352	0.499704	-0.2154	-1.58681	-0.181751	-0.91004	-0.273625	-0.715484	-0.471247	-0.465784	1.668421e+00	-9.077937e+02	-9.061253e+02
2800	-0.119543	-1.80019	0.119297	0.0418342	0.499823	-0.0954445	-1.81887	-0.367179	-1.63978	-0.265288	-1.6382	-0.71226	-1.26245	4.319028e+00	-9.075833e+02	-9.032643e+02
2810	-0.473353	-1.46907	0.0438575	0.12911	0.499764	-0.274813	-1.64312	-0.329685	-1.78781	-0.499391	-1.80053	-0.194556	-1.46394	4.078340e+00	-9.076871e+02	-9.036087e+02
2820	-0.557166	-1.94617	0.162965	0.113947	0.49914	-0.548213	-1.85652	-0.547038	-1.73365	-0.257093	-1.45105	-0.693869	-1.53462	3.649633e+00	-9.087925e+02	-9.051428e+02
2830	-0.122955	-1.63514	0.0886859	0.113947	0.497898	-0.347068	-1.85116	-0.21893	-1.87491	-0.42416	-1.75638	-0.30767	-1.74894	6.171137e+00	-9.110015e+02	-9.048303e+02
2840	-0.695691	-1.73382	0.116154	0.0764004	0.499579	-0.625633	-1.90397	-0.439224	-2.0229	-0.181824	-1.73603	-0.434618	-1.99919	4.888296e+00	-9.080158e+02	-9.031275e+02
2850	-0.686973	-1.58136	0.0813052	0.288854	0.498997	-0.660882	-2.99568	-0.092002	-2.75342	-0.566349	-0.985445	-0.520748	-1.54366	-2.691060e+00	-9.090465e+02	-9.117376e+02
2860	-0.260148	-1.88629	0.150352	0.170162	0.499285	-0.586493	-2.2774	-0.608204	-2.57538	-0.407739	-1.60356	-0.335887	-1.90642	3.253772e+00	-9.085359e+02	-9.052821e+02
2870	-0.510842	-1.82238	0.0591935	0.0499097	0.49933	-0.622877	-1.49649	-0.939709	-1.14196	-0.4685	-1.57847	-0.882575	-1.79701	2.184186e+00	-9.084571e+02	-9.062729e+02
2880	-0.602832	-1.33329	0.24843	0.029692	0.499088	-0.623457	-1.14759	-0.733537	-1.2279	-1.11575	-1.53951	-1.2797	-1.69909	5.983185e-01	-9.088855e+02	-9.082872e+02
2890	-0.410725	-1.54248	0.156594	0.236563	0.498631	-0.579991	-1.84205	-1.36382	-2.21634	-0.754139	-1.81978	-0.534076	-2.20575	-1.229112e-01	-9.096971e+02	-9.098200e+02
2900	-0.164623	-1.35017	0.128186	0.176592	0.499191	-0.205072	-1.41345	-0.507344	-0.999603	-0.396163	-1.53202	-0.204412	-1.97632	3.527014e+00	-9.087024e+02	-9.051754e+02
2910	-0.575072	-0.990234	0.119602	0.109451	0.499298	-0.540275	-0.664452	-0.447138	-0.905849	-0.531041	-1.49877	-0.599751	-2.0042	2.277192e+00	-9.085123e+02	-9.062351e+02
2920	-0.15642	-1.29522	0.341151	0.202215	0.499136	-0.346656	-1.51631	-0.778404	-1.63898	-0.566782	-1.20444	-0.12444	-0.482851	-1.058944e+00	-9.088002e+02	-9.098591e+02
2930	-0.713464	-2.14934	0.120689	1.56313	0.499997	-0.884889	-2.96308	-0.972573	-1.86485	-0.699131	-2.21303	-0.723486	-0.242387	-6.291776e+00	-9.072766e+02	-9.135683e+02
2940	-0.681114	-1.42396	0.279291	0.402804	0.498943	-1.1163	-2.56858	-1.46133	-1.53025	-0.352097	-2.12514	-0.772497	-1.75745	-5.667549e+00	-9.091429e+02	-9.148105e+02
2950	-0.33748	-2.76826	0.339867	0.161332	0.499519	-0.771468	-2.50617	-1.23008	-2.51592	-0.391268	-2.49769	-0.378035	-2.51959	-6.371221e-01	-9.081218e+02	-9.087590e+02
2960	-0.672057	-2.55923	0.144612	0.179966	0.499689	-1.67488	-2.26363	-1.09343	-2.11954	-0.727459	-2.4733	-1.60947	-2.29865	-4.988091e+00	-9.078208e+02	-9.128089e+02
2970	-0.786163	-1.99586	0.155572	0.0972946	0.499888	-1.00168	-2.16257	-1.64297	-2.42731	-1.2311	-1.6716	-0.664975	-1.84114	5.629961e-01	-9.074677e+02	-9.069047e+02
2980	-1.15114	-1.9637	0.974927	0.0972946	0.499888	-1.25669	-2.18008	-1.89321	-2.57029	-0.61862	-2.33171	-1.17965	-2.8643	-7.605590e+00	-9.074677e+02	-9.150733e+02
2990	-0.771007	-1.49914	0.285107	0.121063	0.499337	-0.702976	-1.64974	-0.618485	-1.14573	-1.96862	-2.10624	-0.824811	-2.60033	-5.382345e+00	-9.084434e+02	-9.138257e+02
3000	-0.556772	-1.91807	0.377871	0.218227	0.499746	-0.64988	-2.12395	-1.64438	-2.27149	-1.47368	-1.94571	-1.05328	-2.29056	-2.608590e+00	-9.077199e+02	-9.103285e+02
3010	-0.853187	-1.79345	0.118782	0.159428	0.499837	-1.07065	-0.847944	-1.27123	-1.07234	-1.16985	-1.74845	-1.09586	-1.36282	-5.050888e-02	-9.075591e+02	-9.076096e+02
3020	-0.557813	-1.3882	0.200873	0.140955	0.49861	-1.16299	-1.63903	-1.16602	-1.39422	-0.922046	-1.31338	-0.558181	-1.36053	1.944806e+00	-9.097339e+02	-9.077891e+02
3030	-0.549227	-2.01971	0.0629389	0.4417	0.498901	-1.32769	-1.35735	-1.48529	-2.30991	-0.416686	-2.57491	-0.332279	-2.14279	-5.007662e+00	-9.092166e+02	-9.142243e+02
3040	-0.818074	-1.72109	0.3002	0.14604	0.499541	-1.29647	-1.54682	-1.18755	-0.418714	-0.570724	-1.54341	-0.288459	-1.88218	-3.736892e+00	-9.080821e+02	-9.118190e+02
3050	-0.224502	-1.22709	0.243484	0.14604	0.49973	-0.468538	-1.40966	-0.181338	-1.01076	-0.769077	-1.82013	-1.07328	-1.12848	-1.185014e+00	-9.077479e+02	-9.089329e+02
3060	-0.92139	-1.70704	0.754999	0.0941562	0.49973	-0.461652	-1.58334	-0.599077	-1.38443	-1.10767	-1.98183	-1.75144	-1.6104	-2.826514e+00	-9.077479e+02	-9.105744e+02
3070	-0.952051	-0.998267	0.514646	0.588317	0.498701	-1.2047	-1.03329	-0.924078	-1.25831	-1.79558	-1.33843	-1.78548	-1.98284	-8.559636e+00	-9.095724e+02	-9.181320e+02
3080	-0.304587	-1.52513	0.686342	0.19047	0.499997	-1.39543	-1.80891	-0.63968	-1.59286	-1.42649	-0.58624	-1.09127	-1.4643	-8.051676e+00	-9.072762e+02	-9.153279e+02
3090	-0.958776	-1.35552	0.185403	0.133726	0.499471	-0.577909	-1.34842	-0.891257	-1.20769	-0.790208	-1.67533	-1.44485	-1.49104	3.042738e-01	-9.082073e+02	-9.079030e+02
3100	-0.915658	-1.00047	0.0804442	0.042574	0.499203	-1.29312	-0.900534	-0.996546	-0.776396	-0.702692	-0.915358	-0.714662	-0.710132	2.622827e+00	-9.086818e+02	-9.060590e+02
3110	-0.724902	-0.818429	0.155952	0.042574	0.49923	-1.4253	-0.99505	-1.34675	-1.16011	-0.893178	-0.802901	-1.08996	-0.555407	7.817269e-01	-9.086329e+02	-9.078511e+02
3120	-0.803976	-0.902837	0.0393044	0.158571	0.499616	-0.740884	-0.73336	-1.08077	-0.482829	-0.854353	-0.418542	-1.10325	-0.650331	1.813896e-01	-9.079506e+02	-9.077692e+02
3130	-0.510091	-0.778269	0.157995	0.0756494	0.499262	-0.545385	-0.705315	-0.316489	-0.170218	-0.557628	-0.963549	-1.08961	-0.998063	1.530068e+00	-9.085769e+02	-9.070468e+02
3140	-0.337273	-0.92927	0.147574	0.0756494	0.49898	-0.175055	-0.660462	-0.190751	-1.26168	-0.486698	-0.680182	-0.260347	-0.770891	2.452259e+00	-9.090774e+02	-9.066251e+02
3150	-0.382433	-0.810618	0.128976	0.397374	0.499471	-0.170647	-1.21533	-0.229569	-1.64631	-0.589324	-0.814596	-0.481207	-1.07589	-9.977699e-02	-9.082066e+02	-9.083064e+02
3160	-0.516357	-1.1255	0.0562395	0.0908802	0.499059	-0.471224	-1.06341	-0.410752	-1.16398	-0.645484	-1.11485	-0.655787	-0.396191	3.919700e+00	-9.089362e+02	-9.050165e+02
3170	-0.314882	-1.30112	0.11405	0.0908802	0.498428	-0.49819	-1.65429	-0.97866	-1.35041	-0.468358	-1.17056	-0.148045	-1.28598	3.945955e+00	-9.100584e+02	-9.061125e+02
3180	-0.387429	-1.23858	0.0894982	0.0908802	0.499912	-0.55611	-1.63008	-0.683682	-1.69061	-0.599678	-1.02596	-0.575072	-0.880101	5.435456e+00	-9.074266e+02	-9.019912e+02
3190	-0.407683	-1.77094	0.143138	0.143405	0.499707	-0.380417	-1.33263	-1.20351	-1.46475	-0.521203	-2.11473	-0.455569	-2.78741	5.206878e-01	-9.077895e+02	-9.072688e+02
3200	-0.855842	-1.73574	0.0804074	0.143405	0.498993	-0.678625	-1.40296	-0.720394	-1.73311	-0.920719	-2.20289	-0.733875	-2.24563	3.357551e+00	-9.090545e+02	-9.056970e+02
3210	-0.345018	-2.29967	0.0545975	0.48222	0.499386	-0.340191	-2.73342	-0.230096	-2.42655	-0.350967	-1.24506	-0.450286	-2.6224	-1.760833e+00	-9.083565e+02	-9.101173e+02
3220	-0.264048	-2.18928	0.0882967	0.134991	0.498534	-0.445989	-2.66397	-0.417316	-3.01264	-0.409069	-2.47285	-0.389303	-2.83135	4.109926e+00	-9.098699e+02	-9.057600e+02
3230	-0.493155	-1.9485	0.12828	0.272975	0.49908	-0.601606	-1.15275	-0.145079	-1.41886	-0.719567	-2.68965	-0.428334	-2.79851	-2.758454e-01	-9.089001e+02	-9.091759e+02
3240	-0.247319	-1.75616	0.159254	0.351216	0.499766	-0.303314	-0.668974	-0.634276	-1.17647	-0.667867	-1.89296	-1.36004	-2.67096	-3.165136e+00	-9.076839e+02	-9.108491e+02
3250	-0.583252	-1.82661	0.120028	0.440558	0.496203	-0.957988	-1.25446	-0.374407	-1.34711	-0.498161	-2.06984	-0.227567	-1.5141	-1.806978e+00	-9.140324e+02	-9.158394e+02
3260	-0.140092	-1.7206	0.19196	1.06089	0.49961	-0.131278	-2.4365	-0.627416	-3.00931	-0.181023	-1.4491	-0.480663	-1.70159	-3.709835e+00	-9.079603e+02	-9.116701e+02
3270	-0.636957	-2.1928	0.0797552	0.190013	0.496485	-0.641656	-2.35808	-0.540454	-2.32536	-0.813236	-2.49502	-0.353834	-1.99689	2.266336e+00	-9.135262e+02	-9.112599e+02
3280	-0.645383	-1.93132	0.409288	0.168585	0.499871	-0.329301	-2.04731	-0.309077	-2.01922	-0.250837	-2.20496	-0.39575	-2.87221	-5.400843e-01	-9.074994e+02	-9.080395e+02
3290	-0.635206	-2.10373	0.34238	0.168585	0.499566	-0.994115	-2.79461	-1.30443	-2.98958	-0.211822	-1.74996	-0.365077	-2.73788	-3.564357e+00	-9.080378e+02	-9.116022e+02
3300	-0.640716	-2.0476	0.447007	0.178426	0.498872	-0.572803	-2.78267	-0.399697	-2.08055	-1.87932	-2.15499	-0.655059	-2.31931	-5.652790e+00	-9.092689e+02	-9.149217e+02
3310	-0.428049	-1.70334	0.303377	0.383399	0.499306	-0.16914	-2.99068	-0.559404	-2.51083	-0.650067	-1.87627	-1.43364	-2.14096	-3.666943e+00	-9.084991e+02	-9.121660e+02
3320	-0.514709	-1.6572	0.223059	0.0833834	0.498594	-0.261464	-1.70996	-0.983085	-1.1555	-1.4554	-1.97473	-1.82758	-1.43758	-2.235802e+00	-9.097633e+02	-9.119991e+02
3330	-0.975443	-1.71387	0.496912	0.0275901	0.499649	-0.228438	-1.81897	-0.356269	-1.78683	-1.95795	-1.74773	-1.77293	-1.82974	-2.694106e+00	-9.078911e+02	-9.105852e+02
3340	-0.345292	-1.78688	0.797878	0.0924773	0.498694	-0.118587	-1.38554	-0.375095	-1.43587	-1.39893	-1.19282	-1.00522	-1.46544	-3.360925e+00	-9.095848e+02	-9.129458e+02
3350	-0.4152	-0.996348	0.272845	0.0924773	0.499588	-0.178682	-0.575925	-0.51001	-0.0730289	-1.23265	-1.09814	-0.601378	-1.06854	-7.814415e-01	-9.079989e+02	-9.087803e+02
3360	-0.689673	-1.27468	0.315143	0.134041	0.499355	-0.891298	-1.02606	-1.25266	-0.732002	-0.52016	-1.08991	-0.410651	-1.36085	9.038968e-01	-9.084111e+02	-9.075072e+02
3370	-0.674287	-1.60235	0.269941	0.135537	0.499894	-1.52011	-1.10345	-1.1555	-1.70971	-1.00628	-1.8794	-0.548714	-1.68895	-1.852535e+00	-9.074588e+02	-9.093113e+02
3380	-0.662802	-0.959894	0.256329	0.0631446	0.499268	-1.40751	-1.31021	-1.43643	-1.52176	-0.415581	-1.0172	-0.386718	-1.31261	4.183944e-01	-9.085657e+02	-9.081473e+02
3390	-0.474401	-1.49498	0.296624	0.101811	0.499127	-0.74648	-1.57655	-1.4464	-1.99012	-0.393044	-1.44691	-0.784614	-1.89979	9.562865e-01	-9.088159e+02	-9.078596e+02
3400	-0.925103	-1.7264	0.104479	0.180643	0.498811	-1.04893	-1.96258	-1.34823	-1.56676	-0.759469	-1.97442	-0.863489	-2.42041	1.735369e+00	-9.093770e+02	-9.076416e+02
3410	-0.411974	-1.65758	0.141298	0.137043	0.498103	-0.474465	-1.75455	-0.516073	-2.39772	-0.776785	-1.98873	-1.09938	-1.98947	2.879197e+00	-9.106364e+02	-9.077572e+02
3420	-0.862849	-1.96217	0.484651	0.117641	0.499153	-0.478844	-1.84043	-0.315906	-1.49149	-1.90335	-1.91325	-1.97581	-1.81795	-1.276856e+00	-9.087698e+02	-9.100466e+02
3430	-0.55201	-2.099	0.0692909	0.173826	0.499265	-0.775079	-2.24364	-0.776637	-2.23224	-0.873696	-1.97483	-1.10491	-1.73083	3.668753e+00	-9.085714e+02	-9.049026e+02
3440	-0.208087	-1.4137	0.0692909	0.0877424	0.499686	-0.13263	-1.89354	-0.478783	-1.59211	-0.579547	-1.37186	-0.940575	-1.08369	3.151029e+00	-9.078259e+02	-9.046749e+02
3450	-0.89334	-1.77543	0.1092	0.0620078	0.499633	-0.337392	-1.51099	-0.662095	-2.03199	-1.50197	-1.30602	-1.32754	-1.15085	-2.112662e+00	-9.079204e+02	-9.100330e+02
3460	-0.974797	-0.915145	0.0567409	0.219069	0.499833	-1.19596	-1.58983	-1.40597	-2.41714	-1.02326	-0.796443	-1.48863	-0.338523	-3.727017e+00	-9.075659e+02	-9.112929e+02
3470	-0.929705	-1.3906	0.334241	0.185722	0.499655	-1.38656	-1.28391	-1.92336	-1.67578	-1.22465	-1.4555	-1.83239	-1.14746	-2.376765e+00	-9.078814e+02	-9.102581e+02
3480	-0.513864	-1.49175	0.396117	0.143026	0.499946	-0.831166	-1.55557	-0.447079	-0.952569	-1.67317	-1.22749	-1.8478	-1.54122	-2.006255e+00	-9.073658e+02	-9.093721e+02
3490	-0.81085	-1.34486	0.148527	0.0423231	0.499719	-0.311706	-1.19515	-0.165407	-1.31761	-1.69268	-1.31823	-1.37716	-1.02774	2.770751e-01	-9.077669e+02	-9.074898e+02
3500	-0.370838	-1.62125	0.469212	0.0962777	0.499097	-0.216275	-1.75983	-0.873518	-2.27663	-0.963632	-1.48544	-1.7872	-1.41788	-4.984913e-01	-9.088685e+02	-9.093670e+02
3510	-0.38547	-1.18546	0.45445	0.334278	0.499587	-0.357527	-2.068	-0.805598	-2.50422	-1.52806	-2.00353	-1.58564	-1.95545	-5.974086e+00	-9.080011e+02	-9.139752e+02
3520	-0.234588	-1.75893	0.695772	0.169268	0.498935	-0.703538	-1.63322	-1.02691	-1.48195	-1.67623	-1.81609	-1.98632	-1.80471	-2.657285e+00	-9.091567e+02	-9.118140e+02
3530	-0.551222	-1.34146	2.06366	0.0925967	0.499735	-0.495803	-1.27929	-1.86069	-1.18951	-1.84474	-1.83082	-1.99028	-1.90748	-5.553791e+00	-9.077400e+02	-9.132938e+02
3540	-0.964981	-0.887711	0.440835	0.141326	0.499701	-0.946712	-0.885112	-0.168935	-1.08742	-1.47412	-1.21837	-1.82951	-0.974652	-3.612714e+00	-9.077996e+02	-9.114123e+02
3550	-0.638216	-1.27573	0.277031	0.498018	0.499864	-1.12505	-1.3047	-1.70809	-1.54339	-1.16034	-1.72572	-1.57669	-2.72787	-5.539012e+00	-9.075116e+02	-9.130506e+02
3560	-0.657416	-1.71766	0.418273	0.459406	0.499923	-1.66793	-1.96216	-1.86982	-1.07828	-0.671333	-2.53733	-0.69012	-2.09611	-5.892046e+00	-9.074063e+02	-9.132983e+02
3570	-0.36745	-2.50823	0.201792	0.947872	0.499785	-1.62633	-2.78637	-1.39179	-1.80795	-0.0957584	-2.60046	-0.350244	-2.66426	-7.952470e+00	-9.076511e+02	-9.156035e+02
3580	-0.83859	-1.69746	0.079967	1.44563	0.499812	-1.23203	-1.26646	-0.993086	-1.21853	-0.228901	-1.65233	-0.269143	-2.2184	-7.347914e+00	-9.076028e+02	-9.149508e+02
3590	-0.16132	-1.94165	0.0575233	0.320166	0.499776	-0.610477	-1.71968	-0.866017	-1.54585	-0.378958	-1.63245	-0.374284	-1.68808	6.993039e-01	-9.076661e+02	-9.069668e+02
3600	-0.447434	-1.20116	0.292417	0.111347	0.498727	-0.921544	-1.34493	-0.378169	-1.72281	-0.341171	-1.84983	-0.361418	-1.6875	-1.290397e-01	-9.095257e+02	-9.096547e+02
3610	-0.257498	-1.88005	0.125	0.172149	0.499266	-0.939396	-1.40097	-0.73609	-1.35714	-0.600401	-1.33864	-0.405652	-1.06849	7.192976e-01	-9.085693e+02	-9.078500e+02
3620	-0.578145	-1.54322	0.0790071	0.0834136	0.499041	-0.204678	-1.11869	-0.348881	-1.23233	-0.467131	-1.60604	-0.517302	-1.66535	5.713695e+00	-9.089688e+02	-9.032551e+02
3630	-0.365569	-1.39631	0.185526	0.131558	0.498909	-0.227708	-1.38463	-1.38901	-1.59071	-0.273158	-1.521	-0.104437	-1.43237	1.474432e+00	-9.092036e+02	-9.077292e+02
3640	-0.389759	-1.48015	0.0808771	0.0327383	0.499186	-0.762401	-1.47645	-0.625293	-1.69328	-0.317767	-1.55584	-0.657805	-1.30517	3.541161e+00	-9.087114e+02	-9.051702e+02
3650	-0.592317	-1.56235	0.20942	0.12715	0.499774	-0.53715	-1.26292	-0.865972	-1.42295	-0.881824	-1.45316	-0.911759	-1.43392	3.394740e+00	-9.076699e+02	-9.042752e+02
3660	-0.596478	-1.33859	0.326226	0.168916	0.499943	-0.400625	-1.34141	-0.66243	-1.62102	-0.476003	-1.145	-0.636457	-0.809998	1.105167e+00	-9.073714e+02	-9.062663e+02
3670	-0.282455	-1.3559	0.050982	0.152199	0.499811	-0.280279	-1.66221	-0.340238	-2.17412	-0.624863	-0.982982	-0.601828	-0.271676	1.884963e+00	-9.076050e+02	-9.057200e+02
3680	-0.423341	-0.663585	0.175899	0.128632	0.498005	-0.543502	-1.35247	-0.204096	-1.72636	-0.251715	-1.27664	-0.879865	-1.33767	-2.126133e+00	-9.108105e+02	-9.129367e+02
3690	-0.290796	-2.12309	0.314563	0.159627	0.499551	-0.829475	-2.09304	-0.972943	-2.33735	-0.113227	-0.974248	-1.28852	-0.758822	-4.635363e+00	-9.080642e+02	-9.126995e+02
3700	-0.345041	-1.04592	0.402535	0.183331	0.499843	-0.879714	-1.2551	-1.35949	-1.22087	-1.32258	-0.928372	-1.8745	-1.02233	-2.178989e+00	-9.075477e+02	-9.097267e+02
3710	-0.341405	-1.35913	0.218326	0.174726	0.499926	-0.316301	-1.49201	-0.624829	-0.421238	-1.15302	-1.02818	-1.50127	-0.775054	-2.283678e+00	-9.074017e+02	-9.096854e+02
3720	-0.655557	-2.09309	0.320641	0.439981	0.499821	-0.410731	-2.07447	-0.341998	-2.18606	-1.63085	-2.92497	-1.70249	-1.55465	-5.957766e+00	-9.075871e+02	-9.135449e+02
3730	-0.502242	-2.34897	0.10919	0.273789	0.499587	-0.99777	-2.83202	-1.03562	-2.44621	-0.774834	-1.87355	-1.068	-2.04431	6.497242e-02	-9.080017e+02	-9.079367e+02
3740	-0.109319	-2.25097	0.266308	0.0815921	0.499384	-0.0909911	-2.27778	-0.529829	-2.56991	-0.705556	-2.39782	-0.470112	-2.08051	1.978878e+00	-9.083614e+02	-9.063825e+02
3750	-0.86661	-2.31148	0.129624	0.0571236	0.499457	-0.846578	-2.23692	-1.06359	-2.4367	-0.519351	-2.22505	-0.252368	-2.46022	3.096301e+00	-9.082307e+02	-9.051344e+02
3760	-0.667595	-2.08601	0.0774483	0.0584513	0.499788	-0.853242	-2.22983	-0.998934	-2.53221	-1.03233	-1.84218	-1.01993	-1.92325	4.483436e+00	-9.076451e+02	-9.031616e+02
3770	-0.602644	-1.93755	0.0783253	0.399075	0.499047	-0.994008	-2.63467	-0.711264	-2.62582	-0.477386	-2.37306	-0.9467	-2.89712	-1.457639e+00	-9.089580e+02	-9.104156e+02
3780	-0.95419	-2.18825	0.103815	0.246746	0.49983	-1.20533	-2.78145	-1.30767	-2.74195	-1.03795	-2.08539	-1.28657	-1.45936	2.248026e-04	-9.075718e+02	-9.075716e+02
3790	-0.914374	-2.22689	0.453401	0.0941514	0.499824	-0.788545	-2.6648	-0.768404	-2.75816	-1.11688	-1.65695	-1.57963	-1.36859	-3.301122e+00	-9.075817e+02	-9.108828e+02
3800	-0.687558	-1.29203	0.138356	0.10791	0.49982	-0.5595	-1.16445	-0.855034	-1.56744	-0.349808	-1.13465	-0.855596	-0.995151	2.937698e+00	-9.075879e+02	-9.046502e+02
3810	-0.738939	-1.45582	0.249621	0.141463	0.499899	-0.891426	-1.56955	-0.437562	-2.21703	-1.19114	-0.99301	-1.0891	-0.578848	-1.032771e+00	-9.074492e+02	-9.084820e+02
3820	-0.276948	-1.43376	0.177788	0.164085	0.499618	-1.31256	-1.48329	-1.39538	-1.21975	-0.750278	-1.59908	-1.09686	-1.92149	-3.843246e-01	-9.079470e+02	-9.083314e+02
3830	-0.288239	-1.84963	0.595627	0.0692991	0.498512	-1.31495	-1.88863	-0.625478	-1.47257	-0.211175	-1.56576	-0.556589	-1.56552	-1.136573e+00	-9.099081e+02	-9.110447e+02
3840	-1.02826	-1.53417	0.425874	0.0692991	0.499315	-1.19677	-1.71349	-1.64693	-1.37866	-1.33458	-1.157	-0.531681	-1.64786	-4.282707e+00	-9.084828e+02	-9.127655e+02
3850	-0.609294	-1.33924	0.191719	0.0692991	0.499194	-1.16923	-1.32835	-0.7565	-1.4681	-0.358944	-1.51654	-0.467711	-1.25147	3.317610e+00	-9.086971e+02	-9.053795e+02
3860	-0.561858	-1.35027	0.302549	0.570673	0.499676	-1.48072	-1.66048	-1.559	-2.16898	-1.37572	-0.782352	-0.129926	-2.72792	-1.179387e+01	-9.078436e+02	-9.196375e+02
3870	-0.418851	-2.30162	0.227625	0.418837	0.49995	-1.01721	-2.2923	-0.945103	-2.61899	-0.644458	-2.39442	-0.968928	-2.00743	-2.025048e+00	-9.073595e+02	-9.093845e+02
3880	-0.642108	-1.14248	0.102068	0.16516	0.498805	-0.6747	-1.04457	-0.310227	-1.37179	-0.920751	-0.621657	-0.627709	-0.704822	2.071854e+00	-9.093867e+02	-9.073149e+02
3890	-1.21278	-1.69098	0.172152	0.212362	0.499455	-1.20966	-1.828	-0.594039	-2.17481	-0.464824	-1.16761	-0.798862	-1.26357	-4.365359e+00	-9.082353e+02	-9.126007e+02
3900	-0.699565	-1.64711	0.159336	0.194136	0.499969	-0.379197	-1.40692	-0.240183	-1.45422	-1.42257	-1.74467	-0.835708	-1.36405	1.748942e-02	-9.073251e+02	-9.073076e+02
3910	-0.57839	-1.86318	0.105959	0.228888	0.49902	-0.433755	-1.45561	-0.888155	-1.53464	-0.356214	-1.87937	-0.400322	-1.58496	2.585426e+00	-9.090066e+02	-9.064211e+02
3920	-0.542611	-1.20869	0.105959	0.123426	0.499591	-0.670969	-1.95845	-0.727676	-1.75438	-0.437309	-1.38565	-0.608424	-1.618	2.940218e+00	-9.079948e+02	-9.050546e+02
3930	-0.46951	-2.05402	0.156909	0.39877	0.499531	-0.426518	-1.22046	-0.731258	-1.58046	-0.596572	-1.59712	-0.415872	-1.87359	-7.145265e-01	-9.080998e+02	-9.088143e+02
3940	-0.297057	-0.990798	0.110202	0.225847	0.498585	-0.474028	-1.27549	-1.20001	-0.907377	-0.156287	-0.862023	-0.14309	-1.26883	5.826561e-01	-9.097790e+02	-9.091964e+02
3950	-0.529596	-1.48121	0.0496569	0.208083	0.499999	-0.600933	-1.47096	-0.403581	-0.679995	-0.666286	-1.31805	-0.696245	-1.18971	2.806287e+00	-9.072725e+02	-9.044662e+02
3960	-0.591103	-1.33141	0.2333	0.0441669	0.499952	-0.114651	-0.822376	-0.702153	-0.702817	-0.641046	-1.11252	-0.757805	-0.802016	-7.432472e-01	-9.073556e+02	-9.080988e+02
3970	-0.448434	-0.864793	0.0683488	0.055853	0.499989	-0.481736	-0.809372	-0.456351	-0.722712	-0.332262	-1.16265	-0.498197	-0.798964	4.504160e+00	-9.072894e+02	-9.027853e+02
3980	-0.668568	-1.43435	0.252111	0.157704	0.499603	-0.392066	-1.07938	-0.478478	-1.23755	-0.176384	-1.283	-0.240866	-0.975145	1.867543e+00	-9.079729e+02	-9.061054e+02
3990	-0.233827	-1.25079	0.0772445	0.514932	0.499886	-0.584773	-0.631258	-0.640211	-1.03132	-0.319866	-2.18481	-0.663465	-1.98132	-1.376779e+00	-9.074716e+02	-9.088483e+02
4000	-0.611556	-1.21281	0.0772445	0.260846	0.499459	-0.274023	-0.730486	-0.67795	-0.587277	-0.3571	-1.91164	-0.141507	-1.65201	8.614541e-02	-9.082274e+02	-9.081412e+02
4010	-0.246607	-1.27069	0.205115	0.110776	0.499941	-0.343141	-1.08998	-0.724878	-1.48714	-0.556759	-1.20689	-0.307524	-1.64416	2.555359e+00	-9.073746e+02	-9.048193e+02
4020	-0.689661	-1.72476	0.165062	0.0777291	0.499926	-0.341902	-1.83282	-0.912836	-2.04551	-0.373316	-1.98984	-0.31462	-2.05809	3.738728e+00	-9.074020e+02	-9.036633e+02
4030	-0.313597	-1.61655	0.165062	0.0537668	0.498619	-0.14987	-1.64176	-0.282121	-1.89511	-0.29489	-1.88059	-0.670878	-1.69874	5.264542e+00	-9.097175e+02	-9.044529e+02
4040	-0.885717	-1.52786	0.122907	0.138826	0.499626	-0.725467	-1.67453	-0.996833	-1.99133	-1.20241	-1.44354	-0.297989	-1.58283	-2.817724e-01	-9.079320e+02	-9.082137e+02
4050	-0.688183	-1.38174	0.144955	0.377582	0.499805	-0.545283	-1.11882	-0.463526	-1.03393	-0.476609	-2.48673	-0.408843	-2.27614	-7.059867e-01	-9.076161e+02	-9.083221e+02
4060	-0.444216	-2.13851	0.075235	0.743324	0.499873	-0.753889	-0.91729	-1.19742	-0.189926	-0.260834	-2.50479	-0.476971	-3.02369	-3.911450e+00	-9.074943e+02	-9.114058e+02
4070	-0.365996	-1.43214	0.0263837	0.225695	0.49983	-0.320051	-0.721581	-0.609234	-0.855699	-0.415164	-2.08227	-0.398471	-1.9063	-1.263355e+00	-9.075711e+02	-9.088345e+02
4080	-0.201468	-1.28048	0.112508	0.300442	0.499914	-0.8215	-0.985566	-0.960694	-1.0796	-0.25199	-1.55066	-0.46986	-2.42721	-2.732224e-01	-9.074221e+02	-9.076953e+02
4090	-0.714012	-1.71436	0.148455	0.56564	0.499732	-0.262627	-1.82235	-0.231242	-0.877986	-0.665064	-2.29923	-0.918689	-2.97809	-2.662106e+00	-9.077448e+02	-9.104069e+02
4100	-0.673706	-1.97686	0.10994	0.172359	0.499706	-0.526733	-1.28607	-0.299393	-1.2288	-0.518657	-1.35194	-0.532955	-1.11825	1.723144e+00	-9.077908e+02	-9.060677e+02
4110	-0.301927	-1.76251	0.209885	0.10204	0.499608	-0.660312	-2.08896	-1.11588	-2.15548	-0.998822	-1.54897	-0.29753	-0.776418	-1.654681e+00	-9.079640e+02	-9.096187e+02
4120	-0.219084	-1.82335	0.227838	0.163509	0.499685	-0.14898	-1.90513	-0.230324	-1.48151	-0.318422	-1.6888	-0.191496	-1.90621	3.445563e+00	-9.078282e+02	-9.043826e+02
4130	-0.0966507	-1.62871	0.127819	0.198867	0.499608	-0.371426	-2.37644	-0.437565	-2.37569	-0.61663	-1.63561	-0.694546	-1.67314	2.055537e+00	-9.079643e+02	-9.059088e+02
4140	-0.551972	-1.87428	0.103234	0.146169	0.498438	-0.512246	-2.31276	-0.914736	-2.07117	-0.570772	-1.83518	-0.682058	-1.48133	3.794462e+00	-9.100403e+02	-9.062459e+02
4150	-0.987932	-1.59656	0.180032	0.208189	0.499453	-1.45574	-2.79366	-0.876627	-2.26229	-1.05051	-1.73882	-1.94063	-1.8691	-6.304199e+00	-9.082375e+02	-9.145417e+02
4160	-0.947882	-1.93004	0.264156	0.122674	0.499128	-1.15542	-1.95403	-1.74564	-2.1349	-0.860679	-1.94903	-1.65232	-2.42824	-1.219428e+00	-9.088142e+02	-9.100336e+02
4170	-0.387891	-1.07374	0.298256	0.169054	0.499905	-1.08853	-1.81178	-0.73761	-1.32431	-1.22756	-1.68787	-0.947852	-1.4809	-4.267826e+00	-9.074381e+02	-9.117059e+02
4180	-0.67219	-1.19536	0.228633	0.115476	0.499421	-0.240777	-1.02258	-1.13899	-0.936989	-0.921069	-1.44115	-1.23851	-1.44418	9.381454e-01	-9.082951e+02	-9.073569e+02
4190	-0.858726	-1.09197	0.0329683	0.182516	0.499196	-0.88123	-1.55075	-0.993592	-2.06927	-0.725156	-0.792539	-0.783376	-0.901957	7.463794e-01	-9.086945e+02	-9.079481e+02
4200	-0.333997	-1.45293	0.0697616	0.176346	0.499443	-0.312097	-2.31428	-0.251852	-2.18366	-0.285585	-1.38447	-0.225517	-1.93003	3.274999e+00	-9.082555e+02	-9.049805e+02
4210	-0.145588	-1.92064	0.0532685	0.0893958	0.499108	-0.21905	-1.90446	-0.150945	-1.85934	-0.216779	-2.53591	-0.110826	-2.73885	5.788722e+00	-9.088502e+02	-9.030615e+02
4220	-0.139837	-2.426	0.050415	0.428461	0.499671	-0.484014	-2.01833	-0.293464	-2.76481	-0.0966147	-2.70938	-0.195477	-1.78541	-1.082140e+00	-9.078526e+02	-9.089348e+02
4230	-0.642061	-1.47505	0.270084	0.256052	0.499378	-0.501476	-1.23847	-0.176345	-1.59906	-0.899866	-0.742658	-1.16771	-1.50207	-2.079336e+00	-9.083705e+02	-9.104499e+02
4240	-0.737244	-1.95836	0.152536	0.151508	0.498962	-0.85932	-2.34082	-0.81204	-2.1354	-0.548919	-2.25137	-0.413709	-1.90732	2.694356e+00	-9.091095e+02	-9.064151e+02
4250	-0.545763	-1.1927	0.183819	0.212436	0.499373	-0.533889	-1.95104	-0.169199	-1.99789	-1.34083	-1.51472	-0.776994	-1.4678	-1.844559e+00	-9.083799e+02	-9.102244e+02
4260	-0.09125	-1.63434	0.0673209	0.182604	0.499726	-0.134129	-1.00928	-0.287209	-0.663975	-0.236677	-1.82858	-0.361672	-1.36012	4.266110e+00	-9.077549e+02	-9.034888e+02
4270	-0.86145	-1.30077	0.30689	0.12954	0.499279	-0.264303	-0.482249	-0.888046	-0.167431	-0.367548	-1.32423	-0.388662	-0.972208	-2.864400e+00	-9.085474e+02	-9.114118e+02
4280	-0.862204	-1.31879	0.192911	0.187304	0.498764	-0.939702	-1.39152	-1.17591	-1.3612	-1.12004	-1.47111	-0.770727	-1.0092	6.285607e-01	-9.094610e+02	-9.088324e+02
4290	-0.561669	-0.969409	0.192911	0.107231	0.499845	-0.728738	-0.748064	-0.904686	-0.83455	-0.933828	-1.09101	-1.12157	-0.676231	2.223320e+00	-9.075451e+02	-9.053218e+02
4300	-0.477855	-1.30621	1.60818	0.107231	0.499872	-0.551643	-0.889744	-0.282348	-0.748087	-0.253513	-1.31642	-0.365979	-1.6441	-4.092850e+00	-9.074960e+02	-9.115889e+02
4310	-0.398952	-0.891785	3.53767	0.113971	0.499309	-2.05034	-0.59337	-1.87968	-0.239023	-0.399342	-0.576245	-0.543098	-0.287886	-8.824881e+00	-9.084934e+02	-9.173182e+02
4320	-0.493664	-0.976121	2.88716	0.130795	0.499525	-0.777962	-0.759151	-1.12387	-1.0095	-1.45331	-1.13448	-1.13255	-0.65387	-7.847135e+00	-9.081100e+02	-9.159571e+02
4330	-0.506299	-1.02196	2.31863	0.0645407	0.499912	-0.274436	-0.829396	-1.56435	-0.000333475	-1.94704	-1.03573	-0.709016	-1.36047	-1.145076e+01	-9.074259e+02	-9.188766e+02
4340	-0.63485	-1.11152	1.34994	0.106956	0.499827	-0.369281	-1.11355	-1.9811	-1.3577	-1.45832	-0.891043	-2.00817	-1.36843	-5.650272e+00	-9.075773e+02	-9.132275e+02
4350	-0.583118	-1.24165	0.803757	0.314127	0.499555	-0.72897	-0.839184	-1.31272	-0.705587	-1.38718	-1.28368	-1.89906	-1.752	-5.620800e+00	-9.080585e+02	-9.136793e+02
4360	-0.141203	-1.51147	0.410024	0.274132	0.499902	-0.407261	-1.37307	-1.49484	-1.33537	-0.85292	-1.90561	-1.13323	-2.10148	-3.216393e+00	-9.074443e+02	-9.106607e+02
4370	-0.547056	-1.61288	0.793165	0.107992	0.499985	-1.24854	-1.12164	-1.19244	-0.966459	-0.299075	-1.92777	-0.750519	-2.0561	-2.097144e+00	-9.072978e+02	-9.093949e+02
4380	-0.350694	-1.30468	1.89534	0.124174	0.49973	-0.433295	-0.750434	-2.01629	-0.771696	-0.17306	-1.541	-0.132221	-2.43554	-8.967586e+00	-9.077477e+02	-9.167153e+02
4390	-0.24501	-1.41459	0.677133	0.585916	0.498618	-1.50889	-1.62332	-1.65428	-1.30202	-0.313294	-2.51033	-1.21736	-2.8373	-8.436473e+00	-9.097199e+02	-9.181564e+02
4400	-0.762018	-2.53617	0.183437	0.448071	0.498746	-0.69217	-2.62804	-1.65327	-2.44821	-0.565366	-1.84648	-1.02226	-1.4246	-5.445311e+00	-9.094918e+02	-9.149371e+02
4410	-0.450092	-2.04019	0.734604	0.101264	0.499559	-0.300728	-2.64899	-0.670162	-2.41884	-1.25601	-2.26086	-1.04695	-2.21114	-2.408493e+00	-9.080508e+02	-9.104593e+02
4420	-0.9197	-2.4904	0.276926	0.414073	0.499931	-0.739659	-1.83097	-1.38397	-2.08897	-0.346385	-1.92954	-0.288978	-1.09287	-6.574280e+00	-9.073918e+02	-9.139661e+02
4430	-0.76797	-1.67655	0.080732	0.184507	0.498304	-0.832074	-1.7295	-0.554289	-1.47513	-1.10596	-1.70115	-0.992883	-1.30348	2.974791e+00	-9.102782e+02	-9.073034e+02
4440	-0.732655	-1.26077	0.356481	0.153426	0.499942	-0.123281	-1.48918	-0.964007	-1.84724	-0.795802	-1.26032	-1.10703	-1.52482	-9.325354e-01	-9.073728e+02	-9.083054e+02
4450	-0.487109	-1.24118	0.168623	0.326806	0.499789	-1.00098	-0.965355	-0.550147	-1.58673	-0.642344	-2.12925	-0.720067	-2.23553	-1.961938e+00	-9.076437e+02	-9.096056e+02
4460	-0.62051	-2.42279	0.391288	0.133381	0.499575	-0.834924	-3.0075	-1.07043	-2.3335	-0.49688	-2.84068	-0.694291	-2.98512	-2.141560e+00	-9.080225e+02	-9.101641e+02
4470	-0.50722	-1.98	0.321361	0.251983	0.499465	-0.870365	-1.96228	-0.839067	-0.980886	-0.290806	-2.79423	-0.783565	-2.39932	-3.068640e+00	-9.082167e+02	-9.112853e+02
4480	-0.282301	-2.04773	0.421782	0.666205	0.499858	-0.370681	-1.93156	-0.972106	-1.50458	-0.293831	-1.9187	-0.17704	-1.4243	-4.790046e+00	-9.075223e+02	-9.123123e+02
4490	-0.478973	-2.1111	0.185914	1.78231	0.498932	-0.850196	-2.63366	-1.05997	-1.85906	-0.808075	-2.71547	-0.837765	-1.15799	-7.212507e+00	-9.091626e+02	-9.163751e+02
4500	-0.678692	-2.38599	0.318856	0.359032	0.498144	-0.658047	-2.10402	-1.24424	-2.00051	-0.173595	-1.72955	-0.486418	-1.86338	-3.440487e+00	-9.105639e+02	-9.140043e+02
4510	-0.388585	-1.5233	0.598113	0.0733285	0.499744	-0.758108	-1.37294	-1.20361	-1.27333	-0.36371	-1.86889	-1.6594	-1.85446	-7.016422e-01	-9.077236e+02	-9.084252e+02
4520	-0.441893	-2.00442	0.151185	0.198224	0.499782	-1.05869	-1.59301	-1.49196	-1.89776	-0.292073	-1.39103	-0.534311	-0.672225	-9.201394e-01	-9.076566e+02	-9.085768e+02
4530	-0.504436	-2.18118	0.134708	0.168416	0.499816	-1.08485	-2.23927	-1.15326	-1.83274	-0.788494	-1.79736	-0.34488	-2.27224	4.136134e-01	-9.075951e+02	-9.071814e+02
4540	-0.651366	-1.94842	0.0830746	0.146746	0.499506	-0.488568	-1.63308	-0.889247	-1.75529	-0.12472	-2.08568	-0.279931	-2.59937	2.182158e+00	-9.081450e+02	-9.059629e+02
4550	-0.830182	-1.72399	0.135205	0.170755	0.499002	-0.928168	-1.72093	-0.825883	-2.14365	-0.708331	-2.51728	-0.642796	-2.49889	1.409207e+00	-9.090373e+02	-9.076281e+02
4560	-0.371127	-1.81311	0.191676	0.245428	0.499592	-0.137906	-2.09334	-0.782785	-2.72972	-0.650825	-2.65997	-0.711283	-2.39912	-5.467194e-01	-9.079926e+02	-9.085393e+02
4570	-1.08799	-2.17601	0.123953	0.110956	0.499429	-1.03749	-1.93979	-1.44068	-1.76212	-0.365952	-1.91603	-0.495701	-2.70339	-3.070379e+00	-9.082817e+02	-9.113521e+02
4580	-0.82117	-2.03862	1.01183	0.195387	0.499943	-0.214861	-1.81505	-1.25959	-2.64972	-0.802945	-1.55516	-0.159011	-1.30076	-7.321255e+00	-9.073716e+02	-9.146928e+02
4590	-0.478863	-1.95565	0.713937	0.10877	0.499239	-0.602029	-1.29535	-1.33561	-1.55769	-0.623661	-1.4567	-0.449188	-1.42339	-3.535099e+00	-9.086169e+02	-9.121520e+02
4600	-0.562318	-1.52231	0.13275	0.0759048	0.498459	-0.676668	-1.21074	-0.157215	-0.600978	-0.918943	-1.33058	-1.14945	-1.59336	1.186823e+00	-9.100031e+02	-9.088162e+02
4610	-0.773336	-1.58299	0.159094	0.0923475	0.499867	-0.773999	-1.66631	-1.01101	-1.13542	-0.533687	-1.39304	-0.399343	-1.51552	3.120788e+00	-9.075049e+02	-9.043841e+02
4620	-0.275851	-2.26891	0.159094	0.214061	0.499407	-0.397227	-1.9176	-0.638912	-2.63358	-0.426165	-2.33212	-0.104602	-2.57588	1.197991e+00	-9.083201e+02	-9.071221e+02
4630	-0.762516	-2.60388	0.326257	0.182823	0.498307	-0.281604	-2.31438	-1.21544	-2.03483	-0.989337	-2.62703	-1.42634	-2.52548	-2.696196e+00	-9.102737e+02	-9.129699e+02
4640	-0.567481	-2.23167	0.306635	0.269265	0.499817	-0.513869	-1.146	-1.79146	-1.61038	-0.479164	-2.38666	-0.918488	-1.89612	-5.878946e+00	-9.075943e+02	-9.134732e+02
4650	-0.807005	-0.710964	0.385049	0.767672	0.499899	-0.0934934	-1.99039	-0.969781	-0.654123	-1.16352	-1.47046	-1.40419	-1.66196	-1.156182e+01	-9.074494e+02	-9.190112e+02
4660	-0.280167	-1.26641	0.5983	0.196857	0.499698	-0.715867	-0.971016	-1.99429	-1.06039	-0.559863	-0.854438	-0.564017	-1.01225	-3.269336e+00	-9.078041e+02	-9.110735e+02
4670	-1.0049	-1.9187	0.139819	0.25839	0.499591	-1.10469	-1.96697	-0.770447	-1.34964	-0.431734	-1.55313	-0.4633	-0.538147	-3.441996e+00	-9.079943e+02	-9.114363e+02
4680	-0.726109	-2.23588	0.20741	0.590587	0.49965	-0.539789	-0.766821	-0.11295	-1.25883	-0.246535	-1.94869	-0.232386	-0.855359	-6.141801e+00	-9.078902e+02	-9.140320e+02
4690	-0.158402	-2.35202	0.521706	1.04073	0.49943	-0.896725	-2.38114	-0.515604	-1.13801	-0.963645	-2.59783	-0.327755	-1.59831	-1.058869e+01	-9.082787e+02	-9.188674e+02
4700	-0.863979	-2.43899	0.326772	1.09101	0.499296	-1.32246	-2.15823	-1.57501	-2.00192	-0.715268	-1.42601	-0.258492	-0.8792	-9.189478e+00	-9.085165e+02	-9.177060e+02
4710	-0.256867	-2.18581	0.101225	0.840865	0.499603	-0.296659	-2.09239	-0.736023	-2.53015	-0.135608	-2.45431	-0.316463	-1.84299	-1.747087e+00	-9.079731e+02	-9.097202e+02
4720	-0.237912	-2.59208	0.115266	0.20771	0.499817	-0.545	-2.08033	-0.483703	-1.25613	-0.11014	-2.63102	-0.408429	-2.45462	7.432039e-01	-9.075937e+02	-9.068505e+02
4730	-0.510351	-1.68081	0.115266	0.297317	0.499938	-0.523691	-2.80739	-0.985781	-2.94899	-0.111925	-2.02529	-0.330135	-2.63841	-5.878027e-01	-9.073801e+02	-9.079679e+02
4740	-0.924016	-2.16101	0.216092	0.147412	0.499024	-0.904874	-2.26442	-1.30999	-2.98863	-0.993769	-1.47777	-0.71226	-1.45836	-2.232474e+00	-9.089987e+02	-9.112312e+02
4750	-0.910319	-1.94873	0.920281	0.157837	0.499939	-0.293472	-2.53069	-0.824719	-2.26506	-0.381512	-2.29628	-1.57011	-2.71288	-6.248930e+00	-9.073779e+02	-9.136268e+02
4760	-0.612211	-2.62716	0.142844	0.180174	0.499725	-1.11665	-2.27949	-1.25885	-2.12957	-0.635998	-2.56946	-0.44448	-2.6613	1.196892e+00	-9.077566e+02	-9.065597e+02
4770	-0.683728	-2.30657	0.183314	0.154108	0.497926	-0.990181	-2.69851	-1.13564	-2.57888	-0.494005	-2.32689	-0.932192	-2.25135	1.842633e+00	-9.109514e+02	-9.091087e+02
4780	-0.783873	-2.34569	0.139771	0.138688	0.49948	-0.944071	-2.48211	-1.10137	-3.00613	-0.224677	-1.88077	-0.78616	-1.99243	-2.496587e-01	-9.081899e+02	-9.084395e+02
4790	-0.483791	-2.2639	0.0796494	0.187518	0.499502	-0.830984	-2.16725	-1.08954	-1.71309	-0.566869	-2.22103	-0.604642	-1.73849	2.433203e+00	-9.081514e+02	-9.057182e+02
4800	-0.380835	-1.26255	0.0537936	0.130368	0.499926	-0.0870104	-1.02019	-0.132202	-1.00998	-0.551729	-1.81995	-0.225955	-1.90031	3.668990e+00	-9.074022e+02	-9.037332e+02
4810	-0.396616	-1.86694	0.199461	0.130368	0.49949	-0.190622	-0.976649	-0.879737	-0.978891	-0.541365	-1.46698	-0.736712	-1.42846	6.449050e-02	-9.081734e+02	-9.081089e+02
4820	-0.0916022	-1.63213	0.168414	0.102831	0.499648	-0.122757	-1.36263	-0.0996978	-0.936459	-0.34355	-2.1228	-0.534254	-2.33906	3.607410e+00	-9.078936e+02	-9.042862e+02
4830	-0.429348	-1.56842	0.0408907	0.19378	0.499614	-0.381151	-1.26852	-0.480477	-1.12865	-0.358583	-1.2352	-0.603365	-1.78685	2.938071e+00	-9.079539e+02	-9.050158e+02
4840	-0.320125	-1.67254	0.0595277	0.18362	0.499885	-0.383743	-2.15115	-0.55592	-1.95812	-0.241893	-1.89494	-0.142318	-1.55708	4.675111e+00	-9.074744e+02	-9.027993e+02
4850	-0.437449	-2.11429	0.207317	1.37277	0.497245	-0.483049	-2.30106	-1.15258	-1.30379	-0.510319	-2.71973	-0.69716	-0.0459098	-8.725262e+00	-9.121664e+02	-9.208916e+02
4860	-0.471526	-2.09556	0.298324	0.61753	0.499883	-1.05127	-2.23047	-0.546644	-2.53105	-0.628398	-2.00425	-0.670302	-0.226625	-6.600241e+00	-9.074774e+02	-9.140776e+02
4870	-0.468643	-0.556303	0.177908	0.128312	0.49962	-0.758004	-0.553185	-1.35667	-0.248795	-0.311034	-0.0734171	-0.947605	0.0654235	-8.268235e-01	-9.079425e+02	-9.087693e+02
4880	-0.755916	-1.24373	0.242088	0.0887511	0.498153	-0.797376	-1.34042	-0.795962	-1.39116	-0.136937	-0.803247	-0.168868	-1.18366	1.434444e+00	-9.105469e+02	-9.091125e+02
4890	-0.37902	-1.13646	0.375536	0.277914	0.499235	-0.183332	-0.751956	-0.610028	-0.610677	-0.20591	-0.831766	-0.400656	-0.654112	-8.411762e-01	-9.086241e+02	-9.094653e+02
4900	-0.629324	-1.60068	0.057673	0.181528	0.499346	-0.541601	-1.10391	-0.260554	-1.37104	-0.880591	-1.8509	-0.851532	-1.69362	3.151982e+00	-9.084287e+02	-9.052767e+02
4910	-0.43029	-1.55465	0.157228	0.127983	0.499881	-0.429731	-1.41532	-0.0984862	-2.0257	-0.759487	-1.72615	-0.671721	-1.83335	3.178491e+00	-9.074811e+02	-9.043026e+02
4920	-0.514606	-1.53362	0.133214	0.111228	0.499942	-0.122939	-1.49439	-0.528346	-1.71707	-0.668358	-1.50329	-0.87356	-1.35532	4.936471e+00	-9.073733e+02	-9.024368e+02
4930	-0.713881	-2.17137	0.136201	0.0797786	0.499986	-0.678546	-2.17388	-0.495493	-2.61121	-0.401038	-2.85377	-0.176565	-3.02366	1.152428e+00	-9.072944e+02	-9.061420e+02
4940	-0.812297	-2.09478	0.0853706	0.114523	0.499791	-1.19191	-1.91948	-1.156	-1.74495	-0.453231	-2.48213	-0.332787	-2.731	2.923295e+00	-9.076408e+02	-9.047175e+02
4950	-0.900693	-2.04811	0.0820204	0.0434733	0.499606	-0.83491	-2.09854	-0.985425	-2.17899	-0.650485	-2.66706	-0.933318	-2.61367	4.580064e-01	-9.079667e+02	-9.075087e+02
4960	-0.619286	-1.81057	0.11071	0.164457	0.499978	-1.22057	-2.08829	-1.66941	-2.05787	-0.356148	-1.96113	-0.206848	-2.36799	1.603487e+00	-9.073101e+02	-9.057066e+02
4970	-0.840347	-2.2442	0.11071	0.139579	0.499856	-1.49742	-2.34806	-1.08164	-2.77261	-0.730569	-2.59197	-0.959923	-2.97609	-3.174275e-01	-9.075242e+02	-9.078416e+02
4980	-0.8042	-2.15661	0.155261	0.0852269	0.499234	-0.892381	-2.49421	-1.05818	-2.36665	-1.29785	-2.51295	-1.09396	-2.24629	1.877816e+00	-9.086272e+02	-9.067494e+02
4990	-1.11725	-1.42544	0.0867534	0.108615	0.499873	-1.69319	-1.08045	-1.98756	-1.34493	-1.26925	-1.57907	-0.93545	-1.88979	-4.482118e-01	-9.074955e+02	-9.079437e+02
5000	-1.07562	-1.86105	0.163787	0.120704	0.499845	-1.56528	-1.60514	-1.65009	-1.86908	-1.37501	-1.6714	-1.69124	-1.99813	2.172546e-01	-9.075453e+02	-9.073280e+02
