Iter	V_dist	k_elim	C_rest_1.1	C_rest_1.2	C_rest_1.3	C_rest_1.4	C_rest_1.5	C_rest_1.6	C_rest_1.7	C_rest_1.8	C_rest_1.9	C_rest_1.10	C_rest_1.11	C_rest_1.12	C_rest_1.13	C_rest_1.14
0	0.194532	0.328881	23.8279	40.5041	51.7588	58.9288	64.8942	64.0922	54.1049	41.8745	22.8642	12.0031	3.23466	0.868142	0.232992	0.0625407
1	0.138993	0.746549	31.6208	50.8635	61.3828	65.8688	64.0612	55.4536	35.1988	19.9636	5.5007	1.37313	0.0763984	0.00390896	0.000222156	-9.53716e-06
2	0.151243	0.835556	28.7354	45.6976	54.512	57.8092	54.879	46.3351	27.9146	14.9825	3.66616	0.803842	0.033512	0.0013075	0.000131103	-2.21394e-05
3	0.148923	0.603233	30.0532	49.2508	60.5851	66.3007	67.1535	60.6578	42.1578	26.3642	9.00032	2.84359	0.263598	0.0242602	0.00210252	0.000169522
4	0.172208	0.702197	25.6654	41.5214	50.4032	54.4116	53.5761	46.9776	30.6406	17.8918	5.25366	1.4059	0.0909572	0.00540814	0.00026867	1.31324e-05
5	0.189414	0.475947	24.0151	40.0237	50.1003	55.824	58.7263	55.2192	41.8628	28.7882	12.1235	4.81681	0.726975	0.10834	0.0160839	0.00235633
6	0.123888	0.685521	35.7512	57.9626	70.5171	76.2972	75.4801	66.5102	43.8356	25.8846	7.78843	2.14202	0.147191	0.00962191	0.000591436	-8.41903e-06
7	0.152421	0.592403	29.4038	48.2558	59.4476	65.1538	66.204	59.9988	41.9966	26.4678	9.19265	2.96003	0.28522	0.0266958	0.00276486	0.000309287
8	0.142865	0.676755	31.0366	50.3763	61.3592	66.4695	65.9207	58.2373	38.5953	22.9266	6.98919	1.94966	0.137745	0.00926978	0.000655216	5.33374e-06
9	0.120398	0.813518	36.1975	57.7267	69.0584	73.4481	70.1391	59.5801	36.3526	19.7721	4.97687	1.12568	0.0501754	0.00217174	6.14847e-05	-3.30877e-05
10	0.128248	0.72619	34.3585	55.4127	67.0525	72.1503	70.5679	61.4462	39.4883	22.6936	6.43567	1.65856	0.0986619	0.00545175	0.000246728	1.01673e-05
11	0.160896	0.643765	27.6739	45.1113	55.1891	60.0564	60.1234	53.643	36.3076	22.063	7.0707	2.08436	0.166222	0.0128637	0.000894304	6.31136e-05
12	0.124335	0.437084	36.767	61.5952	77.5198	86.8632	92.4708	88.0602	68.6353	48.658	21.9141	9.36131	1.64557	0.286604	0.0497011	0.00875573
13	0.21434	0.536726	21.0583	34.8142	43.2148	47.7352	49.3074	45.4703	33.0452	21.6972	8.24994	2.93277	0.34994	0.0412042	0.00478298	0.000552668
14	0.0600994	0.640473	74.1188	120.873	147.942	161.064	161.398	144.144	97.7672	59.5473	19.1819	5.68471	0.459149	0.0356687	0.00292645	0.000247512
15	0.0846752	0.67522	52.3756	85.029	103.588	112.239	111.361	98.4256	65.292	38.8244	11.8625	3.31763	0.235906	0.0162195	0.000711119	4.79905e-05
16	0.0931251	0.686672	47.5541	77.0868	93.7693	101.44	100.321	88.3671	58.2006	34.3393	10.3141	2.83139	0.191979	0.012823	0.000835136	7.77751e-05
17	0.177447	0.758656	24.7305	39.7182	47.8564	51.2706	49.6955	42.8701	27.0148	15.2041	4.11914	1.00943	0.0535128	0.0027549	7.4862e-05	6.47002e-05
18	0.246427	0.598703	18.1724	29.7985	36.679	40.1643	40.7363	36.8467	25.6836	16.1136	5.54068	1.76432	0.16649	0.0152885	0.00130235	6.87057e-05
19	0.205838	0.811979	21.1765	33.7784	40.4171	42.995	41.0749	34.9061	21.317	11.6052	2.9266	0.663415	0.0297557	0.00102196	2.70103e-05	-2.82583e-06
20	0.221566	0.5175	20.4215	33.8475	42.1263	46.6605	48.4746	44.9756	33.1214	22.0637	8.66135	3.18827	0.409765	0.0520588	0.0065452	0.000764703
21	0.182703	0.849313	23.7462	37.6972	44.8887	47.5184	44.9448	37.805	22.6002	12.032	2.89326	0.623056	0.0249503	0.000998302	-5.77305e-06	-7.1214e-07
22	0.267343	0.450211	17.0708	28.5483	35.8634	40.11	42.5271	40.3252	31.135	21.8456	9.61705	4.00815	0.66938	0.110959	0.0181835	0.00302857
23	0.203196	0.428865	22.5214	37.7713	47.5911	53.391	56.9819	54.4121	42.6612	30.4409	13.9079	6.0333	1.09567	0.197278	0.0355158	0.00637663
24	0.572761	0.870303	7.55475	11.9612	14.2047	14.9958	14.1049	11.7972	6.97027	3.66593	0.859303	0.179948	0.00678336	0.000212759	1.15013e-05	-8.31038e-07
25	0.233024	0.75475	18.8415	30.2754	36.4975	39.1217	37.961	32.7837	20.707	11.6826	3.18319	0.78462	0.0420852	0.00214768	4.61846e-05	1.08304e-06
26	0.389513	0.678706	11.3808	18.4677	22.4881	24.3546	24.1403	21.3144	14.1084	8.3692	2.54432	0.707523	0.0498312	0.00334648	0.000213278	1.66797e-06
27	0.40875	0.566982	11.0001	18.1131	22.3915	24.6284	25.2125	23.0304	16.3969	10.5269	3.80884	1.28255	0.13622	0.0141018	0.00149031	0.000109221
28	0.126815	0.619358	35.2202	57.5955	70.695	77.191	77.8229	69.9488	48.0993	29.7344	9.89785	3.04125	0.265421	0.0219327	0.00194656	7.98695e-05
29	0.114871	0.787711	38.0628	60.9021	73.101	78.0131	75.0218	64.1883	39.7564	21.9694	5.7214	1.34301	0.0651597	0.00273358	0.000135631	4.68433e-06
30	0.0917309	0.734352	47.9866	77.3102	93.4492	100.443	98.0166	85.1452	54.447	31.125	8.72472	2.21969	0.128437	0.00681398	0.000489707	-3.14482e-07
31	0.298621	0.791822	14.634	23.4028	28.0759	29.9467	28.7658	24.5834	15.1897	8.37209	2.1686	0.505945	0.0241625	0.00118496	4.66149e-05	-7.8609e-06
32	0.356322	0.403095	12.8854	21.6849	27.421	30.8789	33.2196	31.9948	25.5597	18.6183	8.90029	4.05398	0.814561	0.162376	0.0323347	0.00645369
33	0.175975	0.721273	25.0554	40.4346	48.9601	52.7174	51.6319	45.0214	29.022	16.7332	4.7788	1.24084	0.0746569	0.00419244	0.000257955	4.37368e-05
34	0.311508	0.369541	14.8027	25.0238	31.7933	35.9803	39.1158	38.1007	31.1992	23.3519	11.85	5.75365	1.31946	0.3009	0.0685852	0.0155855
35	0.104997	0.673242	42.2491	68.6067	83.6033	90.6097	89.9517	79.5498	52.8375	31.4611	9.6412	2.70558	0.193228	0.0131053	0.000884058	6.39248e-05
36	0.55744	0.621439	8.01031	13.0957	16.0696	17.5411	17.6741	15.8758	10.9024	6.72983	2.23282	0.683623	0.0592015	0.0050298	0.000439815	4.18023e-05
37	0.29363	0.480503	15.4825	25.7878	32.2593	35.9214	37.7368	35.4315	26.7748	18.3481	7.66757	3.02081	0.448215	0.0657344	0.00963139	0.0014142
38	0.236296	0.53918	19.0957	31.5593	39.1614	43.2431	44.6355	41.1297	29.84	19.5558	7.40595	2.62099	0.309965	0.0360297	0.00436794	0.000550201
39	0.163776	0.43601	27.9166	46.7751	58.877	65.9836	70.2663	66.9396	52.2136	37.0469	16.7152	7.15471	1.26334	0.220923	0.0381948	0.00658675
40	0.2492	0.72216	17.6912	28.5468	34.5617	37.2096	36.4342	31.7613	20.4629	11.7916	3.36399	0.872507	0.052563	0.00300567	0.000164612	9.09433e-06
41	0.076222	0.545032	59.1544	97.6883	121.123	133.637	137.698	126.648	91.5198	59.7192	22.399	7.84418	0.906959	0.103163	0.0116541	0.00125577
42	0.277324	0.643191	16.0569	26.1763	32.0265	34.8538	34.8987	31.1423	21.0858	12.8183	4.11183	1.21317	0.0968666	0.00750378	0.000569345	5.5062e-05
43	0.206698	0.563392	21.7629	35.8525	44.3413	48.7954	50.006	45.7298	32.6368	21.0084	7.64605	2.59117	0.279289	0.0293072	0.00316094	0.000377298
44	0.346109	0.406078	13.2606	22.3074	28.1964	31.7377	34.1132	32.8225	26.1635	19.0116	9.04019	4.0945	0.813068	0.160226	0.0315222	0.00618817
45	0.162088	0.77553	27.0163	43.2952	52.0511	55.639	53.6825	46.0879	28.7511	16.0091	4.23892	1.01265	0.0506268	0.00229636	0.000112175	3.00505e-05
46	0.217619	0.687746	20.347	32.9786	40.1098	43.385	42.8934	37.771	24.8605	14.6576	4.39633	1.20453	0.0820001	0.00535934	0.000294945	6.39978e-05
47	0.185727	0.713644	23.7627	38.3864	46.527	50.1493	49.2213	43.0153	27.8588	16.1433	4.66138	1.22512	0.0761537	0.00402192	0.000325253	-7.56971e-06
48	0.303159	0.810869	14.3804	22.9413	27.4541	29.2094	27.9131	23.728	14.4989	7.89871	1.99517	0.452961	0.0203538	0.000893677	4.6437e-05	3.17647e-06
49	0.294203	0.808298	14.823	23.6551	28.3177	30.1385	28.8214	24.5181	15.0042	8.18678	2.07487	0.472677	0.0212867	0.000962086	9.06562e-05	5.58447e-06
50	0.342369	0.918157	12.5629	19.7703	23.3353	24.4835	22.7437	18.7824	10.8129	5.53614	1.22636	0.242063	0.00793374	0.000246619	3.34484e-05	-6.2802e-06
51	0.107954	0.350042	42.821	72.5808	92.4692	104.947	114.798	112.563	93.5227	71.1277	37.3809	18.8408	4.66807	1.15112	0.283648	0.0698325
52	0.126041	0.595897	35.5422	58.3026	71.7905	78.6431	79.8285	72.2691	50.468	31.7265	10.9579	3.50686	0.334255	0.0310738	0.00274832	0.000252869
53	0.135534	0.341009	34.147	57.9496	73.9253	84.0142	92.1633	90.6465	75.8261	58.0992	31.0359	15.9163	4.08778	1.04525	0.267253	0.0682781
54	0.269865	0.723389	16.3339	26.3526	31.8996	34.3378	33.6102	29.289	18.8559	10.8565	3.09121	0.800054	0.0479589	0.00267914	0.000138961	-7.64587e-06
55	0.127067	0.782267	34.4329	55.1329	66.2243	70.726	68.114	58.3663	36.2664	20.1082	5.27596	1.24779	0.0611916	0.0027074	0.000132075	2.13221e-06
56	0.301751	0.325575	15.3678	26.1349	33.413	38.0604	41.9577	41.4858	35.1089	27.2478	14.9685	7.90822	2.15905	0.587337	0.15959	0.0434095
57	0.170647	0.386165	26.9642	45.4807	57.6495	65.0809	70.386	68.1759	55.1445	40.7202	20.0595	9.43578	2.02711	0.432954	0.0919387	0.019526
58	0.166725	0.517464	27.139	44.9815	55.9839	62.01	64.4216	59.7721	44.0181	29.3238	11.5116	4.23779	0.54446	0.0687308	0.00867356	0.000919989
59	0.315968	0.785957	13.8408	22.1509	26.5944	28.3879	27.311	23.3789	14.4957	8.01891	2.09343	0.492561	0.0238391	0.00105083	3.70644e-05	-3.38622e-06
60	0.341388	0.701427	12.9478	20.949	25.4328	27.4582	27.0424	23.7172	15.4774	9.04182	2.65778	0.712233	0.0461532	0.00290914	3.65929e-05	2.5434e-05
61	0.15267	0.683283	29.0194	47.0621	57.2726	61.9876	61.3626	54.104	35.7099	21.1179	6.3754	1.75953	0.122101	0.00786009	0.000461887	1.73415e-05
62	0.097035	0.637438	45.9237	74.922	91.7381	99.917	100.212	89.5788	60.8824	37.1602	12.0251	3.5825	0.292234	0.022879	0.001905	6.32481e-05
63	0.429276	0.494438	10.5714	17.5752	21.9435	24.3857	25.5101	23.8441	17.8429	12.0966	4.93686	1.89557	0.266398	0.0369731	0.00510162	0.000690418
64	0.196612	0.717195	22.4372	36.2284	43.8907	47.285	46.3641	40.4764	26.1568	15.1216	4.34408	1.13536	0.0695946	0.00409932	4.47013e-05	0.000105732
65	0.135324	0.492503	33.5429	55.7801	69.663	77.4374	81.0555	75.8095	56.8071	38.5696	15.7927	6.0857	0.861329	0.120053	0.0167598	0.00231863
66	0.177904	0.343542	26.0061	44.1188	56.2613	63.915	70.0565	68.8442	57.4791	43.9501	23.3703	11.9273	3.03242	0.767652	0.194336	0.0491855
67	0.22227	0.846194	19.5267	31.0111	36.9418	39.1219	37.0336	31.177	18.6713	9.95869	2.40475	0.519834	0.0208174	0.000729693	2.35361e-05	-5.95753e-07
68	0.0832749	0.375891	55.3277	93.451	118.624	134.121	145.521	141.44	115.275	85.8335	43.0623	20.6554	4.62066	1.02822	0.228722	0.0505531
69	0.21474	0.68546	20.6258	33.4403	40.6837	44.0189	43.547	38.3733	25.2927	14.9349	4.49479	1.23585	0.0845341	0.00547301	0.00032774	1.41254e-05
70	0.0846881	0.651069	52.5281	85.5448	104.554	113.661	113.552	101.089	68.1012	41.1724	13.0496	3.79929	0.295494	0.0221703	0.00145455	8.49648e-05
71	0.292238	0.551451	15.4162	25.4369	31.5113	34.7355	35.723	32.7904	23.5925	15.3212	5.68609	1.96851	0.222056	0.0245819	0.00271953	0.000277311
72	0.170153	0.575624	26.396	43.4149	53.6059	58.89	60.1335	54.7817	38.7761	24.7378	8.82623	2.92696	0.301134	0.0301414	0.00305835	0.000265947
73	0.208257	0.670782	21.3074	34.6113	42.1908	45.742	45.4417	40.2165	26.7544	15.9574	4.90868	1.38271	0.0996786	0.00671176	0.000542433	-4.90437e-07
74	0.186315	0.82292	23.3634	37.2145	44.4653	47.2332	44.9914	38.119	23.132	12.51	3.11122	0.694111	0.0299505	0.00122637	1.66857e-05	3.16467e-06
75	0.1224	0.579321	36.6769	60.2948	74.4102	81.7018	83.338	75.8357	53.5463	34.069	12.0843	3.98178	0.4036	0.0398835	0.00381403	0.000463161
76	0.233497	0.658044	19.0348	30.9711	37.8178	41.0724	40.9509	36.3804	24.399	14.6805	4.60387	1.32469	0.100262	0.00743986	0.000600749	6.39525e-05
77	0.448476	0.85247	9.67003	15.3451	18.265	19.3271	18.2651	15.3501	9.1608	4.86778	1.16611	0.249951	0.00983529	0.000345376	1.55059e-05	-2.68265e-06
78	0.386587	0.828108	11.2526	17.9119	21.3874	22.7032	21.5957	18.2708	11.0542	5.95975	1.4722	0.326189	0.0138612	0.000511846	1.56353e-06	-9.00105e-07
79	0.156211	0.668204	28.4158	46.1735	56.3044	61.0651	60.7087	53.7691	35.8289	21.4069	6.61059	1.87065	0.136495	0.0096436	0.000781084	1.80766e-05
80	0.113212	0.515809	39.9755	66.2718	82.5005	91.4024	95.0048	88.193	65.0234	43.3717	17.0741	6.30411	0.815558	0.103496	0.0129878	0.00158224
81	0.259218	0.695109	17.0658	27.6344	33.5767	36.2816	35.796	31.4527	20.6068	12.0897	3.58692	0.971141	0.0641028	0.00416428	0.000241602	1.02387e-05
82	0.133871	0.807463	32.5792	51.9967	62.2525	66.2625	63.3809	53.9297	33.0197	18.0252	4.5731	1.04339	0.0474359	0.00190925	7.73357e-05	1.34467e-05
83	0.11759	0.760687	37.3094	59.9047	72.1597	77.2868	74.8736	64.552	40.6272	22.8358	6.16872	1.50739	0.0796384	0.0038511	0.000192675	5.37784e-06
84	0.156099	0.58508	28.7379	47.2078	58.2126	63.8644	65.0336	59.0722	41.5521	26.3274	9.25238	3.01744	0.299197	0.0287942	0.00278222	0.000256698
85	0.119442	0.764128	36.715	58.9242	70.9471	75.9522	73.5082	63.314	39.7674	22.3032	5.99672	1.45751	0.0761625	0.00365369	0.000107273	-1.12756e-05
86	0.122061	0.866351	35.4676	56.1831	66.7545	70.5087	66.3896	55.5864	32.9142	17.3498	4.08713	0.860229	0.0334518	0.000990289	-3.17878e-05	4.19607e-06
87	0.112166	0.771051	39.0628	62.6363	75.3479	80.5898	77.8516	66.9221	41.8587	23.3728	6.22548	1.49778	0.0765523	0.00367961	0.000184915	8.36723e-06
88	0.199179	0.79289	21.9372	35.0774	42.0758	44.8728	43.0904	36.8139	22.7332	12.5214	3.23911	0.75446	0.0356756	0.00169649	-9.69283e-05	8.68294e-05
89	0.494522	0.837132	8.78658	13.9704	16.6617	17.6659	16.7634	14.1473	8.51579	4.56646	1.11509	0.244068	0.0100064	0.000419994	0.000122685	2.59579e-05
90	0.0852833	0.75409	51.4859	82.737	99.7495	106.931	103.78	89.642	56.644	31.972	8.71667	2.15111	0.115518	0.00574383	0.000297176	6.62685e-06
91	0.146563	0.797122	29.7968	47.6189	57.088	60.8484	58.3647	49.8038	30.6782	16.8534	4.33556	1.00408	0.0467227	0.00195997	0.000173782	3.97469e-06
92	0.123442	0.721825	35.7158	57.6343	69.7812	75.1296	73.571	64.1424	41.3333	23.8226	6.79851	1.76387	0.106379	0.00618827	0.000323471	-6.50452e-06
93	0.28126	0.60675	15.9056	26.0538	32.0343	35.039	35.4552	31.9903	22.1807	13.8356	4.6975	1.47513	0.134891	0.0119698	0.000908554	7.53872e-05
94	0.324673	0.645254	13.7116	22.347	27.3338	29.7384	29.7591	26.5394	17.9454	10.8935	3.48314	1.02409	0.0813058	0.00617592	0.000412804	1.42937e-05
95	0.247581	0.509731	18.2938	30.3522	37.8165	41.9333	43.6654	40.6144	30.0697	20.1499	8.01432	2.99228	0.39582	0.051727	0.00670868	0.000832678
96	0.236946	0.704248	18.6483	30.1612	36.603	39.5029	38.8744	34.0664	22.1913	12.9404	3.7879	1.01087	0.0650863	0.00406843	0.000304073	2.29502e-05
97	0.115165	0.43732	39.6933	66.4956	83.6844	93.7675	99.8139	95.0475	74.0694	52.5001	23.6349	10.0929	1.77242	0.307687	0.0534412	0.00923398
98	0.093025	0.433493	49.1646	82.4044	103.76	116.327	123.974	118.204	92.3649	65.6662	29.7574	12.798	2.282	0.403558	0.0713421	0.0126039
99	0.107309	0.43437	42.6155	71.4191	89.917	100.794	107.392	102.363	79.9383	56.7941	25.6983	11.0349	1.96002	0.345316	0.0606668	0.0106064
100	0.124995	0.604947	35.7984	58.6528	72.1338	78.9195	79.8982	72.1317	50.0717	31.2741	10.6488	3.35438	0.308934	0.0275069	0.00254142	0.000167478
101	0.155833	0.630797	28.6201	46.7324	57.2726	62.4361	62.7398	56.1963	38.3551	23.5193	7.68979	2.31715	0.193851	0.0157996	0.00116252	7.89514e-05
102	0.351891	0.726425	12.5217	20.1941	24.4352	26.2922	25.7141	22.3884	14.3859	8.26653	2.34385	0.603668	0.0359169	0.00206518	9.41244e-05	-3.52949e-06
103	0.295941	0.387697	15.5451	26.2148	33.2217	37.496	40.5329	39.2397	31.7031	23.3821	11.4864	5.38694	1.1502	0.243957	0.0516066	0.0109943
104	0.100553	0.85055	43.1396	68.4736	81.5232	86.2853	81.5856	68.602	40.9848	21.8026	5.2366	1.12514	0.044477	0.00176177	4.18215e-05	-6.30054e-05
105	0.108392	0.355756	42.6167	72.1785	91.8837	104.195	113.771	111.338	92.1102	69.7251	36.2664	18.0794	4.3791	1.05529	0.254203	0.0613568
106	0.223311	0.493945	20.3229	33.7895	42.1909	46.8896	49.0593	45.863	34.3319	23.2843	9.51073	3.65516	0.514461	0.0713367	0.00983485	0.00140066
107	0.194682	0.703928	22.6976	36.7119	44.5547	48.0866	47.3254	41.4756	27.0239	15.7613	4.61606	1.23197	0.0790865	0.00470385	0.000336103	1.60109e-05
108	0.117806	0.540981	38.2934	63.2721	78.4939	86.653	89.394	82.3252	59.6579	39.0462	14.7425	5.20151	0.610113	0.0700886	0.00799829	0.000928607
109	0.207619	0.679136	21.3502	34.6433	42.1827	45.6811	45.2737	39.9688	26.4485	15.6854	4.76473	1.32371	0.0928626	0.00620206	0.000411627	1.67949e-05
110	0.133221	0.890849	32.3966	51.1592	60.5948	63.8004	59.6879	49.6488	29.0065	15.0776	3.44752	0.703574	0.0253543	0.000824218	-2.00909e-05	-2.49131e-06
111	0.185089	0.75436	23.7223	38.12	45.9567	49.2636	47.808	41.2924	26.0872	14.722	4.01252	0.989848	0.0535523	0.0026019	0.000156651	3.33594e-06
112	0.151655	0.481115	29.9744	49.9214	62.444	69.5265	73.0263	68.5503	51.7805	35.4669	14.806	5.82656	0.86261	0.126086	0.0179559	0.00246463
113	0.518571	0.421415	8.83314	14.8288	18.7035	21.0058	22.4704	21.5103	16.9559	12.1713	5.63375	2.47867	0.463337	0.0858493	0.0158904	0.00294118
114	0.0744903	0.512529	60.7809	100.807	125.55	139.162	144.788	134.55	99.4242	66.4811	26.3171	9.77512	1.28101	0.165551	0.0211392	0.0029235
115	0.163149	0.611985	27.4021	44.8543	55.1102	60.2343	60.8581	54.8241	37.8821	23.5409	7.92665	2.46683	0.221273	0.0192737	0.00163948	0.000146054
116	0.181024	0.775222	24.1912	38.7693	46.6118	49.8268	48.079	41.2804	25.7568	14.3446	3.79891	0.908188	0.0458631	0.0022161	0.000111646	4.12123e-05
117	0.246701	0.247598	18.9868	32.6338	42.1913	48.6276	54.9707	55.8516	50.1838	41.5977	26.3762	16.2134	6.03633	2.24223	0.832698	0.309426
118	0.120243	0.431369	38.0462	63.7871	80.3416	90.0991	96.0831	91.6751	71.7483	51.0942	23.2402	10.0352	1.8034	0.321313	0.057057	0.0100993
119	0.183548	0.578134	24.4618	40.2203	49.6432	54.5163	55.6275	50.6366	35.7847	22.7873	8.098	2.67355	0.272526	0.0269668	0.00280093	0.000227869
120	0.167446	0.449639	27.2571	45.5867	57.2723	64.059	67.9321	64.4262	49.7647	34.9313	15.3928	6.42269	1.07461	0.178582	0.0295154	0.00483603
121	0.158313	0.577704	28.3625	46.6364	57.5665	63.2221	64.5186	58.7388	41.5203	26.4489	9.40584	3.10774	0.316928	0.0311282	0.00321845	0.000487603
122	0.252721	0.764871	17.3508	27.8437	33.5217	35.8829	34.7226	29.9003	18.7726	10.5235	2.82711	0.686319	0.035752	0.00175644	8.31775e-05	-2.36331e-06
123	0.256823	0.762361	17.0791	27.4166	33.0177	35.3552	34.2356	29.5014	18.5496	10.4146	2.8081	0.684524	0.035786	0.00172557	9.25865e-05	7.02493e-07
124	0.116406	0.774164	37.6251	60.3068	72.516	77.5278	74.8298	64.2689	40.127	22.3618	5.93185	1.42028	0.0718748	0.0034759	0.000111108	-4.47657e-05
125	0.173306	0.754684	25.3341	40.7084	49.0751	52.6041	51.0447	44.0839	27.8475	15.7122	4.28087	1.05544	0.0569343	0.00290743	0.000116105	-2.57737e-05
126	0.232869	0.758268	18.8456	30.2683	36.4722	39.0758	37.8792	32.6787	20.5986	11.5956	3.14371	0.770865	0.0411399	0.00212021	9.89378e-05	-3.60072e-06
127	0.424422	0.610814	10.535	17.2474	21.1945	23.1692	23.4168	21.1027	14.5927	9.07617	3.06145	0.954573	0.0860525	0.00759557	0.000706153	8.58435e-05
128	0.186009	0.498604	24.384	40.5164	50.5578	56.1509	58.6666	54.7625	40.8602	27.6136	11.1904	4.26403	0.589656	0.080086	0.0108568	0.00148941
129	0.3128	0.73616	14.0692	22.6613	27.3855	29.4279	28.7023	24.9207	15.9184	9.08909	2.54182	0.644964	0.0369013	0.00202696	6.82586e-05	3.864e-05
130	0.148339	0.748811	29.6201	47.6314	57.4652	61.6462	59.9167	51.8326	32.8557	18.6075	5.11158	1.27128	0.0696616	0.00349789	0.000168537	2.6249e-05
131	0.356364	0.121179	13.3606	23.367	30.7733	36.1661	42.6361	45.3434	45.063	41.721	33.5728	26.4597	16.31	10.0451	6.18675	3.81011
132	0.10393	0.666423	42.7196	69.4323	84.6866	91.8695	91.3792	80.9762	54.0196	32.3162	10.0069	2.83963	0.208464	0.0144882	0.00108847	4.42633e-05
133	0.129022	0.78122	33.9158	54.3121	65.2474	69.6922	67.1372	57.5463	35.7792	19.8512	5.21506	1.2359	0.0611281	0.00291594	0.000142142	1.45022e-05
134	0.259262	0.439222	17.6277	29.523	37.1446	41.6087	44.2658	42.1252	32.7822	23.2007	10.4097	4.42904	0.772212	0.133531	0.0229342	0.00399691
135	0.0986272	0.763936	44.4648	71.3636	85.9261	91.9914	89.0398	76.6942	48.1772	27.0221	7.26918	1.76707	0.0919208	0.00474338	1.81076e-05	-4.88538e-05
136	0.101731	0.57945	44.1276	72.5421	89.5231	98.2938	100.258	91.2276	64.4085	40.9767	14.5306	4.78607	0.485267	0.0478038	0.00458869	0.000439591
137	0.0980146	0.737994	44.8895	72.2866	87.3349	93.8255	91.4665	79.3717	50.6441	28.8822	8.05525	2.03767	0.115646	0.0064916	0.00047394	-9.15892e-06
138	0.129445	0.445117	35.2794	59.0396	74.2202	83.0688	88.2135	83.7857	64.9271	45.7385	20.3149	8.54821	1.45587	0.24578	0.0411992	0.00698857
139	0.301912	0.749831	14.5514	23.3967	28.2233	30.2726	29.4152	25.4392	16.1158	9.12134	2.50191	0.621444	0.0342416	0.00161908	3.43791e-05	-2.18279e-05
140	0.21397	0.728461	20.5876	33.1935	40.1541	43.1935	42.2198	36.7381	23.5782	13.5304	3.82506	0.981808	0.0575971	0.00316177	0.000150671	6.20264e-06
141	0.173181	0.8602	25.0176	39.6605	47.1603	49.8524	47.0165	39.4307	23.4289	12.3946	2.94103	0.623838	0.0239676	0.000800076	1.74136e-05	1.87548e-06
142	0.135563	0.704304	32.5945	52.7169	63.9757	69.0436	67.9425	59.5388	38.7834	22.6146	6.61989	1.76546	0.11326	0.00684676	0.000440652	4.75899e-05
143	0.136946	0.441583	33.3621	55.8574	70.2544	78.6707	83.6327	79.5257	61.7838	43.6455	19.501	8.26001	1.42687	0.244208	0.0417121	0.00721448
144	0.0873234	0.873662	49.5313	78.3882	93.0503	98.1903	92.2767	77.1096	45.4759	23.871	5.57184	1.16165	0.0432835	0.00129701	3.49775e-05	-2.2335e-06
145	0.159822	0.663767	27.7893	45.1817	55.1277	59.8254	59.5509	52.8136	35.2904	21.151	6.57484	1.87495	0.138675	0.00977312	0.000722318	9.82576e-05
146	0.250661	0.716952	17.5997	28.4183	34.4299	37.0938	36.3737	31.7566	20.5252	11.8682	3.41095	0.891755	0.0546976	0.00327256	0.000163805	3.28487e-05
147	0.182842	0.348447	25.2877	42.8715	54.6319	62.0188	67.8744	66.5875	55.3877	42.1813	22.231	11.2394	2.80285	0.696292	0.172629	0.0427561
148	0.114943	0.789581	38.0299	60.835	73.0039	77.8907	74.8649	64.0192	39.6078	21.8611	5.6788	1.32953	0.0635323	0.00275392	0.000123342	4.05347e-06
149	0.247239	0.766915	17.7309	28.4463	34.2379	36.64	35.4353	30.4967	19.1231	10.7056	2.86772	0.694261	0.0357411	0.00153869	5.5135e-05	7.28942e-06
150	0.153056	0.783452	28.5821	45.7577	54.9546	58.6813	56.4958	48.3948	30.0492	16.6491	4.36127	1.02947	0.0501733	0.00217803	3.68782e-05	-1.49714e-05
151	0.120187	0.661612	36.9638	60.1151	73.3696	79.6454	79.3291	70.3997	47.1052	28.2724	8.81826	2.52212	0.188405	0.0138263	0.000834772	7.88996e-05
152	0.144591	0.300375	32.1758	54.9064	70.4484	80.5491	89.5154	89.2839	77.0207	61.0471	35.1131	19.4777	5.87799	1.76786	0.53192	0.159871
153	0.0935564	0.57761	47.9947	78.9186	97.4159	106.988	109.183	99.4056	70.2709	44.7654	15.9198	5.26075	0.537064	0.0537301	0.00571597	0.000546917
154	0.120989	0.58439	37.0805	60.9178	75.126	82.4285	83.9549	76.276	53.6751	34.0247	11.9685	3.90813	0.388958	0.0378445	0.00366852	0.000217649
155	0.267978	0.762399	16.3681	26.2751	31.6429	33.883	32.8097	28.2733	17.7769	9.98058	2.69	0.655644	0.0344658	0.00176817	0.000143089	-3.36808e-07
156	0.216528	0.840014	20.0602	31.8834	38.0113	40.287	38.2001	32.2136	19.3588	10.363	2.5215	0.549429	0.0226367	0.000877687	-0.000216708	-8.27451e-06
157	0.252145	0.497318	17.9912	29.8992	37.3159	41.4517	43.3255	40.4589	30.2155	20.4398	8.3004	3.17023	0.440606	0.0602004	0.00829523	0.0011055
158	0.252299	0.595294	17.7572	29.1309	35.873	39.3006	39.9003	36.1287	25.2404	15.8745	5.48863	1.7583	0.167995	0.0156412	0.00150647	0.000165023
159	0.190183	0.678816	23.3085	37.8224	46.0557	49.8775	49.4371	43.6485	28.8895	17.1369	5.20785	1.4481	0.101288	0.00688629	0.000466367	2.15417e-05
160	0.0977799	0.68208	45.3167	73.5036	89.4652	96.8463	95.9018	84.5912	55.8732	33.0684	10.0022	2.76536	0.191723	0.0126104	0.00088979	0.000104389
161	0.193475	0.767338	22.6569	36.3473	43.745	46.8115	45.2666	38.9535	24.4202	13.6679	3.65912	0.884845	0.0457713	0.00226784	8.74394e-05	-3.06218e-06
162	0.196874	0.715133	22.4131	36.1992	43.8674	47.2725	46.378	40.5129	26.2134	15.1762	4.3729	1.14634	0.0705085	0.00407534	0.000196308	2.55104e-06
163	0.437634	0.511352	10.3472	17.1638	21.38	23.702	24.668	22.9326	16.9596	11.3504	4.5021	1.67592	0.220655	0.02852	0.00366623	0.000486856
164	0.111501	0.69483	39.676	64.2491	78.0677	84.3601	83.2377	73.1446	47.9273	28.1234	8.34765	2.26102	0.150125	0.00973721	0.000631109	5.50904e-05
165	0.332229	0.885175	13.0001	20.5438	24.3505	25.6575	24.0395	20.0263	11.7357	6.11991	1.40907	0.289465	0.0105814	0.000306851	3.70201e-05	-7.18032e-07
166	0.0586973	0.863251	73.7838	116.925	138.98	146.856	138.39	115.967	68.7871	36.3275	8.58577	1.81507	0.0691703	0.00284763	5.22581e-05	3.10262e-05
167	0.0767787	0.692405	57.6367	93.3616	113.48	122.669	121.119	106.508	69.896	41.0824	12.2374	3.32709	0.222726	0.0140338	0.00106641	0.000166879
168	0.112823	0.683604	39.2669	63.6784	77.4906	83.8664	83.0132	73.1889	48.2968	28.555	8.61582	2.37679	0.163292	0.0106599	0.000726668	0.000149959
169	0.0637239	0.451312	71.6077	119.735	150.393	168.172	178.248	168.958	130.35	91.3833	40.1514	16.6999	2.77692	0.457547	0.075378	0.0123316
170	0.0750956	0.556881	59.9511	98.8493	122.363	134.777	138.388	126.811	90.9004	58.7968	21.6268	7.41484	0.819017	0.0886044	0.00942529	0.000914133
171	0.207417	0.420655	22.0862	37.0815	46.7757	52.5393	56.2157	53.8272	42.4545	30.4925	14.1331	6.22703	1.16723	0.217257	0.0403715	0.00745254
172	0.224481	0.64746	19.8259	32.3027	39.5	42.9623	42.9635	38.2897	25.854	15.6706	4.99475	1.46337	0.114539	0.00876886	0.000581802	4.10946e-05
173	0.466424	0.532169	9.68275	16.0174	19.8948	21.9898	22.7447	21.005	15.313	10.0886	3.86516	1.38531	0.168305	0.0200985	0.00238957	0.000274151
174	0.130677	0.507234	34.6706	57.5427	71.7184	79.5542	82.9026	77.1716	57.2365	38.4259	15.3461	5.75586	0.769747	0.101539	0.0132247	0.00170826
175	0.176081	0.750316	24.9486	40.1115	48.3832	51.8927	50.4158	43.5949	27.6089	15.6208	4.28157	1.06288	0.0582324	0.00305454	0.000132949	-8.60736e-06
176	0.0993325	0.570309	45.2458	74.471	92.0185	101.164	103.462	94.409	67.063	42.9521	15.4583	5.17519	0.543187	0.0560531	0.00573963	0.000595965
177	0.293354	0.507024	15.4447	25.6343	31.9503	35.4422	36.936	34.3848	25.5058	17.1258	6.84131	2.56691	0.343389	0.0452297	0.00575739	0.000755516
178	0.173902	0.760363	25.2292	40.5101	48.7996	52.2692	50.6416	43.6646	27.4874	15.4515	4.17748	1.02109	0.0540004	0.00266407	0.000111316	1.76422e-05
179	0.147174	0.613534	30.3706	49.7031	61.0549	66.7184	67.3785	60.668	41.8779	25.9954	8.73213	2.71002	0.241598	0.0208714	0.00149286	0.0001048
180	0.217272	0.627479	20.5357	33.5464	41.1313	44.8603	45.1217	40.4564	27.6728	17.0087	5.58962	1.69409	0.14316	0.0118571	0.00086217	5.66197e-05
181	0.335823	0.680744	13.1969	21.409	26.0627	28.2181	27.9535	24.6661	16.3064	9.65996	2.92764	0.811598	0.0565163	0.00374239	0.000228598	1.45693e-05
182	0.165323	0.542723	27.2811	45.0661	55.8946	61.6895	63.6078	58.5461	42.3744	27.6981	10.4281	3.66723	0.427423	0.0488827	0.00546663	0.000636933
183	0.140691	0.882084	30.7103	48.5502	57.5691	60.6831	56.9026	47.4426	27.8507	14.5494	3.36184	0.693226	0.0250017	0.00100685	7.4167e-05	-9.68118e-06
184	0.124007	0.44916	36.8074	61.5633	77.3493	86.521	91.7658	87.0444	67.2581	47.2296	20.8301	8.69899	1.45825	0.241929	0.0404391	0.00667026
185	0.142376	0.788474	30.7065	49.1269	58.9623	62.9176	60.4885	51.7429	32.0351	17.6934	4.60355	1.07903	0.0517523	0.00224833	0.000176801	9.46866e-06
186	0.119963	0.782737	36.47	58.3911	70.1337	74.8965	72.1214	61.7931	38.3857	21.2774	5.5789	1.31893	0.0648131	0.00254298	0.000274477	0.00011934
187	0.247113	0.756571	17.7632	28.536	34.3924	36.8564	35.746	30.8547	19.4669	10.9702	2.98073	0.732764	0.039119	0.00191121	9.78495e-05	1.61166e-05
188	0.372407	0.649354	11.9479	19.4621	23.7923	25.8703	25.858	23.0321	15.533	9.40248	2.98758	0.872289	0.0683577	0.00507625	0.000370746	2.65157e-05
189	0.133746	0.723041	32.9592	53.1776	64.374	69.2977	67.8378	59.1229	38.0699	21.9247	6.24635	1.61738	0.0967302	0.00572079	0.000391172	-1.0733e-07
190	0.239711	0.694893	18.4551	29.8849	36.3124	39.2395	38.7167	34.0215	22.2913	13.0798	3.8816	1.05135	0.0698647	0.00446615	0.000331126	3.52869e-05
191	0.194948	0.776484	22.4598	35.9887	43.2615	46.2378	44.6	38.2801	23.8682	13.2823	3.51138	0.837789	0.0417985	0.00190074	0.000106679	8.20625e-06
192	0.23132	0.480097	19.654	32.7376	40.9555	45.6074	47.918	44.9966	34.0124	23.3145	9.74918	3.84384	0.570914	0.0836511	0.0122047	0.001751
193	0.147633	0.682388	30.0129	48.6789	59.2473	64.1326	63.502	56.0073	36.987	21.8868	6.6169	1.8287	0.126735	0.00848084	0.000551728	3.12488e-05
194	0.11225	0.686626	39.4521	63.9536	77.7943	84.1588	83.2317	73.3148	48.2875	28.4936	8.55997	2.34987	0.160458	0.0107161	0.000687652	3.69578e-05
195	0.149369	0.729243	29.4887	47.5401	57.5032	61.8493	60.4412	52.5816	33.7296	19.3458	5.46277	1.40062	0.0818889	0.00439404	0.000257505	-3.65371e-06
196	0.230511	0.726381	19.1153	30.8281	37.3028	40.1378	39.2547	34.1789	21.9632	12.6206	3.57806	0.921643	0.0544671	0.00296541	0.000174702	2.09642e-05
197	0.0496122	0.713013	88.9649	143.726	174.22	187.8	184.358	161.14	104.402	60.525	17.4938	4.60115	0.285356	0.0165181	0.00110116	6.80894e-05
198	0.126727	0.715309	34.8186	56.2339	68.1444	73.4325	72.0401	62.9267	40.7111	23.5654	6.78832	1.77931	0.109912	0.00634864	0.000398629	2.08545e-05
199	0.174665	0.808046	24.9684	39.8468	47.7026	50.7715	48.5559	41.3081	25.2842	13.7974	3.49789	0.796843	0.0358382	0.00140365	3.93356e-05	3.88679e-05
200	0.383952	0.503144	11.8062	19.6053	24.4489	27.136	28.3128	26.3901	19.6287	13.219	5.31569	2.00869	0.27296	0.0365586	0.00489959	0.000638321
201	0.204532	0.590023	21.9189	35.9834	44.3427	48.6148	49.4325	44.8319	31.4308	19.842	6.91785	2.23662	0.217883	0.02035	0.00192131	0.000166049
202	0.184412	0.572156	24.3657	40.0939	49.5283	54.4364	55.6434	50.7465	36.0043	23.0276	8.26285	2.75693	0.287285	0.029236	0.00285289	0.000288188
203	0.109666	0.430936	41.718	69.9471	88.1056	98.8125	105.392	100.571	78.7344	56.0889	25.5318	11.0337	1.98573	0.35431	0.0634644	0.0112301
204	0.185743	0.718328	23.7466	38.3371	46.4384	50.022	49.032	42.7922	27.633	15.9634	4.57838	1.19461	0.0729976	0.00414692	0.000256055	9.25622e-06
205	0.134033	0.60975	33.3643	54.63	67.1425	73.4096	74.2168	66.9032	46.2955	28.8163	9.7377	3.04187	0.275135	0.0243871	0.00208689	0.000138252
206	0.166047	0.353925	27.8259	47.1394	60.0241	68.0845	74.3837	72.8379	60.342	45.7453	23.8726	11.943	2.91367	0.707322	0.171477	0.0416545
207	0.0828915	0.46406	54.9597	91.7412	115.028	128.389	135.554	127.955	97.8232	67.8966	29.184	11.8551	1.87421	0.293451	0.0448889	0.00696871
208	0.314664	0.851508	13.7839	21.876	26.0418	27.5596	26.0519	21.9002	13.0761	6.95252	1.66742	0.358005	0.0142261	0.000562401	-0.000106795	-3.0221e-05
209	0.168805	0.762501	25.984	41.7107	50.2312	53.7873	52.082	44.8796	28.2163	15.8406	4.26915	1.04079	0.0543948	0.00263788	0.000130664	7.47573e-06
210	0.0838021	0.671876	52.9437	85.9886	104.804	113.608	112.827	99.8207	66.3583	39.5485	12.1445	3.4153	0.24612	0.0168382	0.00120551	0.000146428
211	0.103874	0.518558	43.5536	72.1774	89.8182	99.4708	103.305	95.8162	70.5102	46.9321	18.39	6.75644	0.86499	0.109176	0.0135269	0.00166512
212	0.229559	0.83322	18.9376	30.1252	35.9468	38.1328	36.2233	30.603	18.4628	9.92322	2.4354	0.535806	0.0222545	0.000982316	4.84834e-06	8.98001e-07
213	0.142567	0.886235	30.2904	47.8612	56.722	59.7581	55.9741	46.6155	27.3038	14.2302	3.27181	0.671296	0.0239768	0.000728066	1.40556e-05	1.01706e-06
214	0.247371	0.704204	17.8625	28.8905	35.0611	37.839	37.2377	32.6332	21.2584	12.3964	3.62923	0.968235	0.0621922	0.00372745	0.000240957	4.88688e-05
215	0.358937	0.702613	12.3129	19.9187	24.1782	26.0995	25.6958	22.5283	14.6902	8.57527	2.51655	0.673151	0.0434187	0.00272752	0.000145749	1.1868e-05
216	0.0807498	0.702542	54.732	88.5413	107.476	116.018	114.225	100.148	65.3066	38.1243	11.1888	2.99373	0.192147	0.0116657	0.00061044	8.11639e-05
217	0.131612	0.561174	34.1885	56.3391	69.6996	76.724	78.6794	71.9997	51.464	33.1825	12.1209	4.12452	0.447769	0.0468932	0.00517342	0.00064158
218	0.155172	0.406089	29.5776	49.7561	62.8913	70.7901	76.0883	73.2091	58.356	42.4038	20.1631	9.13195	1.81344	0.357604	0.0704708	0.0138925
219	0.0953113	0.621866	46.8468	76.5834	93.9695	102.568	103.332	92.8067	63.7129	39.3176	13.0357	3.98855	0.344921	0.0288164	0.00228946	0.000169494
220	0.554322	0.546812	8.13217	13.4264	16.6432	18.3581	18.906	17.3792	12.5433	8.1742	3.05633	1.06696	0.12242	0.0138774	0.00153719	0.000172235
221	0.13893	0.468145	32.7741	54.678	68.5178	76.4316	80.5959	75.9763	57.9175	40.0716	17.102	6.89461	1.07366	0.16497	0.025193	0.00393969
222	0.176086	0.417767	26.0257	43.7125	55.1626	61.9858	66.3837	63.624	50.2857	36.2005	16.8641	7.47057	1.41705	0.266934	0.0501839	0.00935178
223	0.122819	0.678628	36.0938	58.5704	71.322	77.2424	76.5645	67.6032	44.751	26.5482	8.07131	2.24444	0.158303	0.0104669	0.000583719	4.04979e-05
224	0.133781	0.52897	33.7723	55.8906	69.4508	76.8001	79.5081	73.5007	53.7019	35.4665	13.6599	4.9251	0.604919	0.0728731	0.00887991	0.00107798
225	0.252546	0.758776	17.3762	27.9064	33.6239	36.0221	34.9155	30.1187	18.9776	10.6793	2.89297	0.709001	0.0374585	0.00184438	6.67306e-05	-6.59906e-06
226	0.341582	0.390587	13.4631	22.6949	28.7492	32.4342	35.0295	33.8791	27.3141	20.0972	9.82207	4.58115	0.966861	0.202925	0.042363	0.00899335
227	0.290754	0.661249	15.2802	24.8517	30.3326	32.9288	32.8014	29.1118	19.4846	11.6974	3.65042	1.04483	0.0781095	0.00552633	0.000431981	1.33619e-05
228	0.0934578	0.561591	48.1433	79.3309	98.138	108.024	110.763	101.348	72.4182	46.6785	17.0378	5.79257	0.628068	0.066462	0.00688378	0.000752743
229	0.101889	0.688523	43.4536	70.4228	85.6421	92.6256	91.5559	80.6038	53.0257	31.247	9.36123	2.56137	0.173552	0.0112138	0.000450802	-2.10803e-05
230	0.152577	0.798597	28.617	45.7247	54.8066	58.4054	55.9989	47.7659	29.3969	16.1362	4.1421	0.956655	0.0443827	0.00207305	0.000134146	3.14146e-06
231	0.281208	0.619492	15.8828	25.9726	31.8793	34.8079	35.0915	31.5399	21.6867	13.4053	4.46088	1.37031	0.119365	0.010134	0.000781788	6.52019e-05
232	0.0747343	0.710745	59.0761	95.4674	115.758	124.819	122.607	107.239	69.5777	40.397	11.7152	3.09306	0.193528	0.0111444	0.000584995	5.83337e-06
233	0.145168	0.854403	29.8669	47.3831	56.3853	59.649	56.3421	47.3265	28.2115	14.9749	3.57809	0.765114	0.0302039	0.00114418	4.50454e-05	5.48816e-06
234	0.132269	0.757417	33.1827	53.3013	64.2332	68.8275	66.7391	57.5911	36.3175	20.455	5.55214	1.36328	0.0728549	0.00378136	0.000196819	-1.60635e-05
235	0.201116	0.704356	21.9703	35.5336	43.1222	46.5379	45.7959	40.1304	26.1394	15.2412	4.46056	1.18984	0.0760267	0.00455208	0.000295826	-1.13417e-05
236	0.187715	0.614846	23.8074	38.9553	47.8444	52.2731	52.7704	47.4969	32.7574	20.3156	6.81049	2.10885	0.187289	0.0160664	0.0012714	0.000100227
237	0.202646	0.508596	22.3536	37.0935	46.2228	51.2631	53.3989	49.6846	36.8159	24.6912	9.83882	3.68103	0.489586	0.064278	0.00834086	0.0010965
238	0.300748	0.524761	15.031	24.889	30.9454	34.2405	35.4947	32.8566	24.0751	15.9507	6.18608	2.24717	0.280662	0.0345434	0.00424689	0.000552516
239	0.213524	0.682271	20.7516	33.6582	40.9662	44.3448	43.9102	38.7291	25.5783	15.1367	4.57659	1.26529	0.0874777	0.00570677	0.000328364	8.86825e-07
240	0.224008	0.448714	20.3771	34.0844	42.8269	47.9081	50.8193	48.2117	37.264	26.1755	11.553	4.82867	0.81074	0.135017	0.022386	0.00368313
241	0.166601	0.591009	26.906	44.1646	54.4169	59.6511	60.6359	54.9779	38.5184	24.3011	8.45971	2.73046	0.265188	0.025194	0.00248897	0.000276483
242	0.1208	0.637289	36.8897	60.1847	73.6945	80.2664	80.5067	71.9688	48.916	29.8589	9.66652	2.88058	0.235416	0.0187017	0.00149028	3.91897e-05
243	0.304743	0.517022	14.8485	24.6121	30.634	33.9337	35.2581	32.7183	24.1024	16.0615	6.31092	2.32505	0.299554	0.0380023	0.0048324	0.000613849
244	0.180313	0.593438	24.8522	40.7803	50.2313	55.045	55.915	50.6586	35.4351	22.315	7.7385	2.48708	0.239265	0.0225088	0.00205202	0.000188718
245	0.205937	0.77927	21.2538	34.0441	40.909	43.7072	42.1276	36.1296	22.489	12.4925	3.29058	0.782134	0.0383966	0.00170271	6.57887e-05	2.31253e-07
246	0.344578	0.855245	12.5814	19.9579	23.7471	25.1189	23.721	19.9205	11.869	6.29725	1.50334	0.321056	0.0127018	0.000508547	4.05104e-05	-1.55955e-06
247	0.169469	0.603775	26.4078	43.2738	53.2286	58.2453	58.9859	53.2715	37.0083	23.135	7.89182	2.49095	0.230199	0.0204941	0.00194087	0.000217238
248	0.406739	0.773429	10.769	17.2626	20.7595	22.1963	21.4271	18.407	11.4977	6.41026	1.70174	0.40802	0.0205972	0.000935628	3.15671e-05	-2.0723e-06
249	0.187844	0.749646	23.3883	37.6061	45.3652	48.6603	47.2845	40.8951	25.9095	14.6657	4.0235	0.999776	0.054392	0.002749	9.60777e-05	-5.6875e-06
250	0.215388	0.804298	20.2572	32.3438	38.7392	41.2518	39.4916	33.6315	20.6292	11.2836	2.87479	0.658748	0.0302629	0.00127114	2.24833e-05	-9.38961e-06
251	0.163291	0.251641	28.6703	49.2503	63.637	73.2997	82.7509	83.9571	75.2	62.1195	39.0928	23.842	8.73436	3.19235	1.16651	0.426169
252	0.184653	0.804374	23.6287	37.7265	45.1858	48.1162	46.062	39.2265	24.0609	13.1596	3.35206	0.767975	0.0350549	0.00142563	0.000158756	-1.36513e-06
253	0.334993	0.6968	13.2027	21.3743	25.9651	28.0505	27.6617	24.2933	15.8985	9.3168	2.75737	0.744414	0.0490067	0.0029775	0.000176525	-8.42594e-06
254	0.143215	0.329012	32.3655	55.0158	70.3015	80.0385	88.1376	87.0443	73.4736	56.8598	31.0411	16.2916	4.38836	1.17736	0.315716	0.0847106
255	0.108497	0.362696	42.5376	71.9762	91.537	103.696	112.973	110.298	90.7793	68.3296	35.1015	17.2674	4.06966	0.954156	0.223428	0.0522473
256	0.384893	0.723832	11.4518	18.4748	22.3623	24.0702	23.5579	20.5264	13.2105	7.604	2.16397	0.559496	0.0333432	0.00182569	0.000157415	-4.38613e-06
257	0.202961	0.622129	21.9987	35.9615	44.1239	48.1598	48.5154	43.5699	29.9071	18.4523	6.11552	1.87002	0.161648	0.0135797	0.00112292	7.28384e-05
258	0.390521	0.255348	11.9824	20.5731	26.5686	30.5853	34.4866	34.9435	31.2089	25.6976	16.0616	9.72503	3.51074	1.26428	0.45527	0.163877
259	0.46368	0.55431	9.71262	16.0199	19.8378	21.8586	22.4609	20.5982	14.7913	9.58567	3.54088	1.21957	0.136097	0.0148254	0.00156093	0.000170561
260	0.258028	0.739858	17.0477	27.4458	33.1511	35.606	34.6929	30.0892	19.1772	10.9239	3.03843	0.766336	0.0435562	0.00230734	8.31893e-05	-2.44486e-05
261	0.291283	0.790383	15.0054	24.0011	28.7992	30.7242	29.524	25.2411	15.6099	8.61181	2.2345	0.522419	0.0249167	0.00103013	4.48647e-05	1.97171e-06
262	0.235717	0.771368	18.5872	29.803	35.8498	38.3422	37.0361	31.8339	19.9082	11.1148	2.96002	0.711603	0.0360854	0.00164009	4.68887e-05	-8.9888e-06
263	0.23924	0.226972	19.631	33.8366	43.8771	50.7297	57.7351	59.091	53.9578	45.527	29.9978	19.198	7.75946	3.13033	1.2628	0.509378
264	0.34349	0.75227	12.7861	20.5519	24.7837	26.5745	25.8044	22.3006	14.1061	7.97086	2.17934	0.53925	0.0291315	0.0014454	7.24615e-05	5.17417e-06
265	0.333432	0.740915	13.1907	21.2333	25.6437	27.5388	26.8237	23.2574	14.8136	8.43224	2.34217	0.589635	0.0331566	0.00173489	9.96314e-05	-3.65749e-06
266	0.251806	0.30578	18.463	31.4827	40.3634	46.1146	51.159	50.9309	43.754	34.5228	19.6623	10.7932	3.18801	0.938363	0.276148	0.0813538
267	0.123565	0.62633	36.1146	59.0044	72.3563	78.9285	79.4148	71.2291	48.7579	29.9935	9.87484	2.9986	0.254871	0.0208168	0.0017593	0.000278778
268	0.404698	0.554929	11.1273	18.3517	22.7234	25.036	25.7208	23.5837	16.9284	10.9651	4.04626	1.3921	0.155018	0.0168312	0.00178218	0.00019368
269	0.377964	0.499472	11.9989	19.935	24.8726	27.6208	28.8507	26.9232	20.0765	13.5589	5.48669	2.08759	0.287583	0.0392142	0.00523491	0.000645883
270	0.217183	0.413918	21.1113	35.4767	44.7932	50.3616	53.9982	51.8197	41.0723	29.6588	13.9107	6.208	1.1954	0.2283	0.0438639	0.00831716
271	0.244979	0.726284	17.9866	29.0081	35.101	37.7692	36.9398	32.1636	20.6687	11.877	3.36848	0.868261	0.05122	0.0028271	0.0001823	9.2764e-06
272	0.197301	0.654047	22.5383	36.6906	44.826	48.7108	48.6223	43.2471	29.0786	17.5438	5.53463	1.60339	0.123311	0.00918103	0.000674854	4.46727e-05
273	0.147118	0.736677	29.9117	48.1757	58.2148	62.5522	61.0018	52.956	33.8167	19.3026	5.39293	1.36663	0.0779867	0.00413346	0.00018349	7.20267e-07
274	0.213054	0.606552	20.9981	34.3964	42.2929	46.2611	46.8134	42.2414	29.2925	18.2744	6.20708	1.94983	0.178504	0.0158249	0.00144459	0.000154277
275	0.12422	0.633141	35.8931	58.5904	71.7827	78.229	78.5566	70.314	47.9189	29.3364	9.55768	2.8684	0.237418	0.0191737	0.00147958	0.000116535
276	0.215909	0.359185	21.3854	36.2027	46.0636	52.2084	56.9446	55.6618	45.9326	34.6708	17.923	8.87679	2.12106	0.504468	0.119884	0.0285087
277	0.35228	0.75388	12.4645	20.0309	24.1503	25.8898	25.1282	21.7064	13.7173	7.74346	2.11217	0.521394	0.0281441	0.0014019	4.35003e-05	-6.2897e-07
278	0.174982	0.474913	25.9992	43.3365	54.2548	60.4622	63.6254	59.847	45.4035	31.2481	13.1841	5.24874	0.795904	0.119089	0.0177769	0.00261144
279	0.159385	0.777788	27.4666	44.004	52.8876	56.5153	54.4947	46.7552	29.1297	16.1968	4.27524	1.01815	0.0505175	0.00241622	9.39707e-05	-4.17828e-05
280	0.245456	0.720315	17.9652	28.996	35.1141	37.8137	37.0448	32.3116	20.8397	12.0231	3.43869	0.894262	0.0539894	0.00305581	0.000148381	3.02788e-06
281	0.12963	0.589319	34.5872	56.7856	69.9849	76.7356	78.0411	70.7949	49.6562	31.3646	10.9466	3.54372	0.346206	0.0327317	0.00301258	0.000253681
282	0.367701	0.650841	12.0985	19.7037	24.0828	26.1811	26.1576	23.2884	15.6906	9.48793	3.00829	0.876085	0.0679444	0.00503801	0.000343304	8.06429e-06
283	0.303146	0.52565	14.9104	24.6864	30.6898	33.9533	35.1869	32.5629	23.8457	15.7864	6.1138	2.21737	0.276083	0.0338564	0.00412909	0.000506139
284	0.262773	0.26136	17.7939	30.526	39.3878	45.3018	50.9825	51.5484	45.8238	37.5398	23.2015	13.8839	4.89325	1.72068	0.604939	0.212665
285	0.166518	0.61547	26.8358	43.9069	53.9205	58.907	59.4558	53.5045	36.8848	22.8654	7.65758	2.36856	0.209463	0.0182707	0.001682	0.000171472
286	0.388925	0.81747	11.1999	17.8523	21.3457	22.6907	21.6455	18.3667	11.1803	6.06656	1.51939	0.34158	0.0150399	0.000566861	2.42656e-05	2.32631e-06
287	0.270332	0.649028	16.46	26.813	32.7802	35.6452	35.6316	31.7405	21.4104	12.9631	4.12134	1.20384	0.0939255	0.00699476	0.000487673	3.33461e-05
288	0.281612	0.718775	15.6617	25.2831	30.6241	32.9854	32.3282	28.2098	18.2127	10.5182	3.01504	0.785976	0.0478995	0.00273213	0.000171682	7.54753e-06
289	0.205896	0.682867	21.5187	34.8998	42.474	45.9732	45.515	40.1374	26.4983	15.6754	4.73568	1.30785	0.0904901	0.00606018	0.000325664	-8.86482e-06
290	0.201131	0.588954	22.2926	36.602	45.112	49.4662	50.3137	45.6464	32.0247	20.2333	7.06683	2.28913	0.223858	0.0211549	0.00203683	0.000173984
291	0.203144	0.513987	22.2834	36.9507	46.0107	50.9886	53.0268	49.2542	36.3604	24.2862	9.59032	3.55267	0.462571	0.059462	0.00744644	0.0010624
292	0.223688	0.596336	20.0258	32.848	40.4444	44.3018	44.9643	40.7012	28.4157	17.8583	6.16417	1.97129	0.187088	0.0172435	0.00168287	0.000107284
293	0.322607	0.391453	14.2533	24.0243	30.4295	34.3254	37.062	35.8339	28.8715	21.2286	10.3594	4.82402	1.01489	0.212178	0.0443438	0.00926505
294	0.355141	0.559538	12.6726	20.8876	25.8469	28.4587	29.198	26.7333	19.1287	12.348	4.52221	1.54307	0.168753	0.0181891	0.00191052	0.000206287
295	0.159448	0.639959	27.9388	45.5656	55.7736	60.725	60.8596	54.3613	36.8829	22.4726	7.24498	2.14902	0.173644	0.0136299	0.00106411	9.27003e-05
296	0.339019	0.664967	13.0986	21.2932	25.9764	28.1853	28.0465	24.8644	16.6018	9.94142	3.08468	0.877557	0.0645066	0.00451834	0.00039986	2.87821e-05
297	0.0762229	0.472559	59.7032	99.5467	124.667	138.978	146.353	137.767	104.694	72.186	30.5786	12.2272	1.87111	0.282659	0.0425365	0.00644829
298	0.19112	0.861177	22.6666	35.929	42.7178	45.1506	42.5711	35.6934	21.1976	11.2076	2.65607	0.562649	0.021849	0.000741753	-6.67283e-07	-1.95587e-05
299	0.273295	0.485356	16.6242	27.6715	34.5924	38.4914	40.3767	37.8512	28.5068	19.4624	8.06625	3.14946	0.458329	0.0657839	0.00936138	0.00132115
300	0.153543	0.495918	29.55	49.1177	61.3136	68.1228	71.2324	66.5486	49.7503	33.6904	13.7138	5.25149	0.733263	0.100935	0.0138306	0.00187305
301	0.199731	0.50896	22.6788	37.6313	46.8907	52.001	54.1616	50.3896	37.3281	25.0274	9.96609	3.72615	0.495032	0.0648011	0.00846641	0.00108373
302	0.111132	0.800104	39.2817	62.753	75.2022	80.1243	76.7922	65.4753	40.2599	22.0775	5.65487	1.30388	0.0606641	0.00207064	6.63216e-05	-1.5039e-05
303	0.195133	0.828737	22.2912	35.4804	42.3615	44.964	42.7632	36.1733	21.8794	11.7912	2.91004	0.644206	0.0271592	0.00100407	4.38164e-05	-3.37775e-07
304	0.308316	0.815348	14.1319	22.5319	26.9485	28.6546	27.3502	23.2211	14.1527	7.68897	1.93081	0.435582	0.0193597	0.000999328	1.72109e-05	1.72837e-06
305	0.119031	0.544834	37.8808	62.5585	77.5677	85.584	88.1902	81.1185	58.6259	38.2606	14.3553	5.02914	0.581732	0.0657652	0.0073122	0.000883715
306	0.120392	0.717873	36.6389	59.1541	71.6587	77.1933	75.6757	66.0523	42.6677	24.6556	7.0767	1.84734	0.113249	0.00647933	0.000329472	6.6089e-06
307	0.149951	0.399423	30.6335	51.5784	65.2553	73.5238	79.1889	76.3624	61.1688	44.6874	21.5005	9.86131	2.01063	0.407153	0.0822317	0.0166939
308	0.151322	0.487147	30.0173	49.9527	62.4308	69.451	72.814	68.2196	51.3126	34.9837	14.4539	5.62522	0.812998	0.115846	0.01659	0.00232498
309	0.273099	0.786474	16.0124	25.6246	30.7624	32.8351	31.587	27.0349	16.7566	9.26692	2.41754	0.568357	0.0273909	0.00119664	4.93647e-05	-4.66582e-07
310	0.384899	0.529255	11.738	19.4247	24.1366	26.6897	27.6301	25.5402	18.6566	12.3185	4.74202	1.70865	0.209966	0.0251264	0.00309508	0.000436438
311	0.407154	0.690828	10.871	17.6127	21.4125	23.1513	22.8689	20.1193	13.2161	7.77633	2.32179	0.632944	0.0424489	0.00268998	0.000177292	-1.12437e-06
312	0.131334	0.583488	34.1637	56.1326	69.2349	75.9755	77.4015	70.3412	49.5288	31.4173	11.0686	3.61994	0.362023	0.0354165	0.00337986	0.000365519
313	0.166806	0.653755	26.6597	43.4015	53.027	57.6248	57.5246	51.1694	34.4107	20.765	6.55371	1.89969	0.146045	0.0108567	0.000614556	4.09773e-05
314	0.231016	0.671853	19.2056	31.1929	38.0183	41.2123	40.9292	36.2113	24.0728	14.348	4.40663	1.2392	0.0892073	0.0062151	0.00037873	4.63851e-05
315	0.120673	0.521783	37.4754	62.0779	77.2154	85.4737	88.6836	82.1705	60.3305	40.057	15.6135	5.70276	0.72091	0.089845	0.0111347	0.00132838
316	0.276706	0.517385	16.3523	27.1034	33.7332	37.3647	38.8188	36.0179	26.525	17.6705	6.93853	2.55456	0.328587	0.0414735	0.00528231	0.000633106
317	0.183581	0.462449	24.8208	41.4409	51.9713	58.0217	61.2887	57.8835	44.3047	30.7886	13.2701	5.40613	0.860096	0.135351	0.0211974	0.00328053
318	0.119658	0.256887	39.0985	67.116	86.6559	99.7345	112.404	113.831	101.535	83.4963	52.0355	31.412	11.2698	4.03333	1.44319	0.516336
319	0.13946	0.586986	32.1588	52.8149	65.1118	71.4159	72.6815	65.9804	46.3506	29.3271	10.2751	3.33978	0.329199	0.0317592	0.00303798	0.000262996
320	0.216537	0.427765	21.1368	35.4543	44.6787	50.1316	53.5217	51.1265	40.1191	28.6531	13.1159	5.70189	1.03987	0.188354	0.0339038	0.00617263
321	0.196765	0.661132	22.5794	36.7237	44.8236	48.6609	48.4742	43.0241	28.7974	17.2898	5.39605	1.54474	0.115594	0.0082405	0.000583706	6.72777e-05
322	0.115538	0.844661	37.5726	59.682	71.1101	75.3216	71.3299	60.0748	36.007	19.222	4.64932	1.0075	0.0409362	0.00152396	3.63702e-05	-2.6074e-05
323	0.264408	0.646781	16.8336	27.4296	33.5442	36.4871	36.4966	32.5326	21.9769	13.3267	4.25138	1.2467	0.098448	0.00752105	0.00061312	2.73814e-05
324	0.238385	0.767949	18.3871	29.4951	35.4954	37.9805	36.7213	31.5938	19.7994	11.0777	2.96286	0.715987	0.0367001	0.00173407	9.28314e-05	1.04586e-06
325	0.149303	0.709308	29.5763	47.8044	57.9755	62.5258	61.4433	53.7633	34.9119	20.2895	5.89589	1.56011	0.0980343	0.00612908	0.000432539	-1.52766e-05
326	0.209443	0.764053	20.9382	33.6042	40.4612	43.3161	41.9233	36.1101	22.6812	12.721	3.42104	0.831708	0.0435299	0.002148	6.23571e-05	3.21479e-05
327	0.0857253	0.508877	52.8397	87.6788	109.254	121.162	126.2	117.414	86.9827	58.3244	23.2315	8.68823	1.15349	0.150763	0.0195849	0.00248601
328	0.174187	0.505758	26.0151	43.1857	53.8355	59.73	62.2718	57.9937	43.0573	28.9416	11.5872	4.35843	0.58623	0.0773618	0.0101753	0.001508
329	0.182348	0.711463	24.2098	39.1196	47.4293	51.137	50.2206	43.9165	28.4802	16.5284	4.78803	1.26252	0.0789269	0.00462505	0.000224475	8.08333e-06
330	0.158594	0.468923	28.7077	47.8891	60.0041	66.9271	70.5559	66.4958	50.663	35.0304	14.9311	6.01094	0.932967	0.143168	0.0219493	0.00330403
331	0.370038	0.580714	12.1297	19.9369	24.5996	27.0051	27.5344	25.0444	17.6673	11.2295	3.97408	1.30593	0.131846	0.0130272	0.0012873	0.000117016
332	0.289839	0.831303	15.0026	23.8715	28.4916	30.2319	28.7327	24.2881	14.6682	7.8933	1.94185	0.42828	0.0179623	0.000758347	5.21939e-05	-3.83219e-06
333	0.207315	0.593157	21.6161	35.4715	43.6938	47.8828	48.6436	44.0743	30.8342	19.4226	6.73823	2.16665	0.208747	0.0194301	0.0017526	0.000159021
334	0.154485	0.83003	28.152	44.8014	53.4811	56.7572	53.9607	45.6292	27.5769	14.851	3.65951	0.808559	0.034276	0.00141036	5.82942e-05	2.05996e-06
335	0.190587	0.237159	24.61	42.3593	54.8478	63.3154	71.8187	73.2396	66.3447	55.4888	35.8724	22.5051	8.73403	3.38261	1.3099	0.507133
336	0.104096	0.421882	44.001	73.8631	93.1571	104.617	111.895	107.097	84.395	60.5564	28.0055	12.3105	2.29711	0.425164	0.0786365	0.0145744
337	0.182415	0.64726	24.3985	39.7539	48.6128	52.8745	52.8809	47.131	31.8282	19.2939	6.15022	1.80219	0.14201	0.0107247	0.000749221	0.000102522
338	0.14238	0.782742	30.7279	49.1975	59.0912	63.1041	60.7659	52.0637	32.3401	17.9258	4.69945	1.11136	0.054227	0.00239746	0.000113751	2.28536e-05
339	0.126426	0.67024	35.1012	57.0218	69.5139	75.3704	74.8872	66.287	44.1123	26.3211	8.10321	2.28474	0.165492	0.0116083	0.000769944	4.05818e-05
340	0.21853	0.752865	20.0959	32.2989	38.9465	41.7574	40.5406	35.0304	22.1517	12.5129	3.41837	0.845352	0.0456318	0.00228039	8.98672e-05	-4.93984e-06
341	0.26018	0.690725	17.0121	27.5627	33.5096	36.2312	35.79	31.4887	20.6863	12.1721	3.6351	0.991176	0.0667259	0.00403734	0.0002964	3.56698e-05
342	0.174681	0.504512	25.9457	43.0776	53.7099	59.6014	62.1587	57.9121	43.0344	28.9512	11.6161	4.37858	0.591705	0.078689	0.0103552	0.0014014
343	0.226391	0.760241	19.3801	31.1188	37.4872	40.1531	38.904	33.5453	21.1181	11.8728	3.20964	0.785155	0.0415566	0.0020003	7.93282e-05	3.73878e-06
344	0.174593	0.667811	25.4252	41.3163	50.3841	54.6472	54.3342	48.1289	32.0787	19.1715	5.92337	1.67725	0.122218	0.00864133	0.000547336	4.06279e-05
345	0.177178	0.735331	24.8411	40.016	48.3634	51.9761	50.7066	44.0355	28.1413	16.0782	4.50115	1.1432	0.0658159	0.00365481	0.000242616	3.87525e-05
346	0.162367	0.617105	27.5162	45.0104	55.264	60.3609	60.895	54.7719	37.7191	23.3546	7.80124	2.40648	0.211543	0.0179175	0.00167509	8.30221e-05
347	0.126476	0.752455	34.7242	55.813	67.3038	72.1652	70.0704	60.5527	38.3003	21.6401	5.91432	1.46319	0.0796922	0.00442796	0.000278755	1.47245e-05
348	0.18177	0.690415	24.3516	39.4556	47.9705	51.8688	51.2424	45.0874	29.6244	17.4353	5.20882	1.42063	0.0954548	0.00620849	0.000311876	0.000215033
349	0.230265	0.446634	19.8287	33.1763	41.698	46.6592	49.5252	47.0163	36.3962	25.6088	11.3431	4.75909	0.805993	0.135013	0.0225219	0.00372123
350	0.180917	0.598544	24.7532	40.5903	49.9637	54.7125	55.4944	50.1986	34.9948	21.9572	7.5525	2.40569	0.22695	0.0208072	0.0019953	0.000154353
351	0.141329	0.797709	30.8981	49.3753	59.189	63.083	60.4984	51.6168	31.7831	17.4543	4.48521	1.03782	0.0486591	0.00218742	0.000107096	4.59716e-05
352	0.493974	0.48183	9.20162	15.3235	19.1655	21.337	22.4064	21.0284	15.8758	10.868	4.53096	1.7807	0.262867	0.0381474	0.00550708	0.000813879
353	0.107064	0.793603	40.808	65.2455	78.2555	83.4495	80.1203	68.4374	42.2412	23.2578	6.00934	1.39853	0.0666081	0.00287584	8.87058e-05	2.40656e-06
354	0.132023	0.655779	33.6749	54.8077	66.9446	72.7288	72.5605	64.5057	43.325	26.1086	8.21612	2.373	0.181059	0.0133837	0.000877713	4.86093e-05
355	0.203181	0.724111	21.6928	34.9951	42.3573	45.5905	44.6167	38.8727	25.0144	14.3954	4.09418	1.05837	0.0630629	0.00372018	0.000249776	3.02771e-05
356	0.250194	0.563071	17.9801	29.622	36.6367	40.3177	41.3222	37.7926	26.9782	17.3703	6.32465	2.1449	0.230716	0.0242625	0.00258979	0.000223358
357	0.193243	0.68812	22.9125	37.1349	45.1627	48.8481	48.2897	42.5173	27.9782	16.4919	4.94375	1.35371	0.0919585	0.00599198	0.000406633	-3.40477e-05
358	0.202506	0.289115	23.007	39.3202	50.533	57.8772	64.5527	64.6375	56.2415	45.0031	26.4264	14.9828	4.72858	1.48792	0.468036	0.147188
359	0.153072	0.806894	28.4946	45.481	54.4556	57.9678	55.4553	47.1936	28.9041	15.7834	4.00701	0.915072	0.0420711	0.00212867	2.44057e-05	3.06526e-06
360	0.432001	0.485775	10.5163	17.5038	21.8804	24.3451	25.5346	23.9341	18.0199	12.2982	5.09335	1.9872	0.288847	0.0413101	0.00594074	0.000863203
361	0.174527	0.559796	25.7863	42.5008	52.5898	57.9018	59.4012	54.3827	38.906	25.1102	9.19192	3.13536	0.342599	0.0365772	0.00392103	0.00039288
362	0.306578	0.836313	14.1746	22.5395	26.8844	28.5077	27.0572	22.8403	13.7549	7.37916	1.80383	0.395224	0.0162869	0.000575954	2.8544e-05	2.48923e-06
363	0.122001	0.734563	36.0795	58.1253	70.2574	75.5135	73.6849	64.0047	40.9232	23.392	6.55532	1.66779	0.0968559	0.0053349	0.000306722	1.7091e-05
364	0.219626	0.614995	20.3479	33.2939	40.8905	44.6748	45.0978	40.5882	27.9909	17.3571	5.81719	1.80079	0.159733	0.0139641	0.00126767	6.51044e-05
365	0.19054	0.661119	23.3172	37.9236	46.2883	50.2512	50.0585	44.4305	29.7398	17.8555	5.57377	1.59571	0.119519	0.00832353	0.000613339	0.000120985
366	0.162652	0.811198	26.8018	42.7554	51.1637	54.4325	52.0121	44.2106	27.0112	14.7116	3.71424	0.842408	0.0376158	0.00158062	-7.85637e-06	-2.64175e-06
367	0.418179	0.847136	10.3776	16.479	19.6282	20.784	19.6697	16.555	9.9091	5.28235	1.27378	0.275073	0.0109942	0.000385357	1.36018e-05	1.97138e-06
368	0.161408	0.573103	27.8349	45.7968	56.5669	62.1644	63.5245	57.9163	41.0657	26.2469	9.40366	3.13238	0.325278	0.032655	0.00322262	0.000314873
369	0.299281	0.58257	14.9939	24.6386	30.3931	33.3565	33.9916	30.8997	21.7713	13.8193	4.87583	1.59729	0.159874	0.0156919	0.00158653	0.000190367
370	0.19092	0.82164	22.8035	36.3286	43.414	46.1242	43.9504	37.2502	22.6217	12.2431	3.0493	0.681955	0.0297372	0.00114789	3.34923e-05	2.81559e-06
371	0.178689	0.822935	24.3604	38.8025	46.3627	49.2485	46.9109	39.7451	24.1196	13.044	3.24336	0.723758	0.0312341	0.0012487	-3.13695e-05	-1.14164e-05
372	0.214236	0.405862	21.4238	36.0406	45.5566	51.2801	55.1185	53.039	42.2846	30.732	14.6194	6.62389	1.31615	0.259891	0.0512731	0.0102033
373	0.0941774	0.640483	47.2989	77.1349	94.4086	102.783	102.996	91.9844	62.3892	37.9986	12.2388	3.62771	0.291926	0.0225963	0.00186353	0.000110101
374	0.167418	0.266613	27.9097	47.8458	61.689	70.8949	79.6486	80.3844	71.167	58.0417	35.5261	21.0424	7.26279	2.50006	0.860692	0.296184
375	0.113804	0.756929	38.569	61.9571	74.669	80.0148	77.5962	66.9708	42.2448	23.8014	6.46417	1.58837	0.0851451	0.00433891	0.000187257	-1.01347e-05
376	0.195414	0.484211	23.253	38.7112	48.401	53.866	56.5247	53.0083	39.9532	27.3008	11.337	4.43596	0.64845	0.0937176	0.0134745	0.00197038
377	0.191403	0.649401	23.2465	37.8663	46.291	50.3337	50.3092	44.8086	30.2189	18.2908	5.81137	1.69683	0.13234	0.0101367	0.00071681	0.000108084
378	0.35517	0.740766	12.3836	19.9345	24.0756	25.8553	25.1858	21.8374	13.9101	7.91917	2.20006	0.554138	0.0313083	0.00162174	5.99908e-05	2.07612e-06
379	0.134776	0.439478	33.9083	56.7878	71.4457	80.029	85.1333	81.0103	63.0319	44.6002	20.0021	8.50604	1.48114	0.255128	0.0438719	0.00748225
380	0.147698	0.768247	29.6758	47.6017	57.2833	61.2914	59.2543	50.9766	31.9396	17.8655	4.77752	1.15394	0.0596329	0.00248875	0.000109092	9.87994e-06
381	0.149086	0.676495	29.7426	48.2775	58.8049	63.7047	63.1834	55.8237	37.0027	21.9823	6.70457	1.87095	0.132432	0.00920039	0.000624256	6.70827e-05
382	0.212377	0.823603	20.4945	32.642	38.9985	41.4223	39.449	33.4166	20.271	10.9577	2.72253	0.60706	0.0261268	0.00105328	3.16961e-05	1.64523e-06
383	0.30932	0.361853	14.9221	25.252	32.1184	36.3894	39.657	38.7277	31.895	24.0232	12.3599	6.0901	1.43979	0.338716	0.0796045	0.0187838
384	0.154762	0.677404	28.6485	46.496	56.6281	61.339	60.8217	53.7226	35.5884	21.1291	6.43573	1.79307	0.126237	0.00836257	0.000540497	6.73795e-05
385	0.418374	0.443292	10.918	18.2756	22.9805	25.7271	27.3358	25.9793	20.1588	14.2211	6.33601	2.67513	0.459083	0.0779918	0.0131894	0.00226201
386	0.36025	0.347797	12.8357	21.7628	27.7354	31.4887	34.4688	33.8232	28.1488	21.4467	11.3164	5.72814	1.43192	0.356494	0.0885791	0.0220111
387	0.136625	0.706719	32.3313	52.2748	63.4189	68.4204	67.2849	58.9198	38.3224	22.3093	6.50743	1.72923	0.110189	0.00651574	0.000422111	3.15487e-05
388	0.128106	0.686128	34.5713	56.0452	68.1789	73.7616	72.9592	64.2765	42.3483	24.9962	7.51518	2.0641	0.140849	0.0090978	0.00054758	3.42981e-05
389	0.129532	0.233056	36.2293	62.3938	80.8369	93.3751	106.058	108.314	98.4332	82.6186	53.8211	34.0382	13.4285	5.28692	2.08121	0.81921
390	0.0933547	0.700876	47.352	76.6191	93.025	100.441	98.9352	86.7842	56.6501	33.1066	9.7389	2.61255	0.16978	0.0101064	0.0007795	5.69046e-05
391	0.146333	0.667442	30.3368	49.3	60.123	65.2133	64.8467	57.447	38.2986	22.8949	7.0781	2.00494	0.146455	0.0102166	0.00066317	4.16046e-05
392	0.157423	0.54417	28.645	47.31	58.6661	64.7351	66.7197	61.3826	44.3824	28.9799	10.8839	3.81743	0.44279	0.050194	0.00576928	0.000692174
393	0.148229	0.705707	29.804	48.1949	58.4771	63.0976	62.0677	54.3676	35.3837	20.6134	6.02161	1.60231	0.101996	0.00629562	0.000299144	0.000155816
394	0.451567	0.663899	9.83527	15.9905	19.5103	21.1724	21.0745	18.6896	12.4878	7.4833	2.32587	0.66277	0.049174	0.00353505	0.000278202	7.61689e-06
395	0.0772057	0.771507	56.7477	90.9883	109.447	117.054	113.062	97.1777	60.7707	33.9232	9.03029	2.17073	0.110663	0.00539376	0.000391686	5.96829e-06
396	0.204138	0.733144	21.5664	34.7506	42.0117	45.1633	44.0869	38.3108	24.5162	14.0261	3.93889	1.00374	0.0579216	0.00312346	0.00013112	4.10988e-06
397	0.146998	0.777916	29.7807	47.7106	57.3416	61.2746	59.0796	50.6877	31.5771	17.5566	4.63336	1.10317	0.0550894	0.00254399	6.75645e-05	-1.89321e-05
398	0.353405	0.456065	12.904	21.5631	27.066	30.2445	32.01	30.2941	23.2929	16.2684	7.08968	2.92287	0.476758	0.0770459	0.0124624	0.00197996
399	0.125751	0.496727	36.077	59.9605	74.8402	83.142	86.9145	81.1779	60.6506	41.0478	16.6878	6.38001	0.888714	0.122211	0.0165638	0.0023149
400	0.251538	0.475162	18.0857	30.1449	37.7384	42.0546	44.2515	41.6203	31.5706	21.7237	9.16097	3.645	0.552222	0.0824502	0.0123937	0.00176927
401	0.0701224	0.666925	63.3118	102.894	125.491	136.126	135.38	119.95	79.995	47.8398	14.7997	4.19604	0.30754	0.0214751	0.00137634	6.59013e-05
402	0.363233	0.783096	12.0442	19.2827	23.1594	24.7311	23.812	20.3999	12.6699	7.02085	1.83992	0.434713	0.0211741	0.000953631	3.01625e-05	-2.58933e-06
403	0.387028	0.803531	11.2746	18.0034	21.5654	22.9665	21.991	18.7321	11.4957	6.29035	1.60428	0.36787	0.0168408	0.000686278	3.08488e-05	4.92021e-06
404	0.158962	0.606634	28.1431	46.0999	56.6826	62.0004	62.7389	56.611	39.2542	24.4883	8.31596	2.61189	0.238733	0.021333	0.00180441	0.000125598
405	0.239159	0.154418	19.8227	34.5095	45.2258	52.8768	61.6436	64.7633	62.6526	56.3204	42.5431	31.4006	16.9504	9.13976	4.92791	2.6572
406	0.102049	0.728959	43.1642	69.5894	84.1766	90.5421	88.4872	76.988	49.3932	28.3362	8.00412	2.05284	0.120232	0.00655027	0.000491515	4.53607e-05
407	0.142855	0.747839	30.761	49.4723	59.6938	64.0453	62.2629	53.8791	34.1744	19.3669	5.3277	1.32731	0.072798	0.00397476	0.000257115	1.59353e-05
408	0.142975	0.602881	31.3048	51.3044	63.1142	69.0712	69.9701	63.2087	43.9376	27.4812	9.3877	2.96779	0.275214	0.0246038	0.00225976	0.000383737
409	0.0990714	0.726994	44.4724	71.7168	86.771	93.3574	91.2902	79.4715	51.0488	29.3224	8.30616	2.13729	0.125987	0.00692338	0.000307876	5.52799e-05
410	0.270776	0.655134	16.4203	26.7271	32.6485	35.4726	35.397	31.4737	21.1475	12.7495	4.01542	1.1612	0.0888302	0.00646854	0.000487169	4.1627e-05
411	0.148147	0.649291	30.0345	48.924	59.8098	65.0344	65.0045	57.9012	39.0511	23.6386	7.5128	2.19411	0.17084	0.0127778	0.000872774	5.56577e-05
412	0.120916	0.51628	37.4263	62.0418	77.2297	85.5572	88.9164	82.5307	60.8283	40.5587	15.9552	5.88625	0.759729	0.0963827	0.0122252	0.00130331
413	0.214868	0.361498	21.4827	36.3557	46.2438	52.3955	57.107	55.7766	45.9473	34.6169	17.8207	8.78689	2.08088	0.489899	0.115246	0.0272516
414	0.113377	0.675692	39.1141	63.4958	77.35	83.8042	83.1375	73.4705	48.7257	28.9649	8.8428	2.47154	0.174873	0.0120789	0.000719896	2.39592e-05
415	0.138702	0.69195	31.9068	51.6866	62.8283	67.9197	67.0705	58.9873	38.7204	22.7654	6.78584	1.84657	0.12373	0.00798594	0.000442201	6.1794e-05
416	0.152234	0.592516	29.4395	48.3136	59.5179	65.2298	66.2788	60.0645	42.0394	26.4931	9.20088	2.96201	0.28548	0.0266555	0.00255593	0.000225557
417	0.0881917	0.827347	49.3302	78.5316	93.7788	99.5583	94.7206	80.1544	48.5185	26.1702	6.47244	1.43536	0.0608387	0.00206154	0.000151899	2.85687e-05
418	0.276782	0.398263	16.5987	27.9519	35.3696	39.8581	42.9447	41.4279	33.2133	24.2865	11.7092	5.38219	1.10233	0.224283	0.0456176	0.00922289
419	0.185565	0.842166	23.401	37.1831	44.3173	46.9572	44.4987	37.5031	22.51	12.0344	2.9203	0.634583	0.0257202	0.000914451	2.5852e-05	-1.9448e-06
420	0.225972	0.695218	19.5763	31.6993	38.5157	41.6182	41.0594	36.0767	23.6337	13.8641	4.11278	1.11329	0.0737655	0.00459296	0.000307298	6.09387e-05
421	0.388221	0.765924	11.2934	18.1207	21.8128	23.3463	22.5845	19.4424	12.1988	6.83372	1.83327	0.444512	0.0229834	0.00117968	6.49037e-05	2.89064e-06
422	0.303921	0.796429	14.3705	22.9678	27.5375	29.3541	28.1612	24.0355	14.8113	8.14076	2.09573	0.485629	0.0228972	0.00103693	-6.78267e-05	1.28332e-06
423	1.11779	0.793446	3.90871	6.24954	7.49585	7.99354	7.67495	6.55608	4.04714	2.2284	0.575956	0.134056	0.00642057	0.000275273	1.34083e-05	6.46586e-07
424	0.419333	0.424456	10.9193	18.324	23.1021	25.9342	27.716	26.5048	20.8472	14.9277	6.87269	3.00642	0.555236	0.101782	0.0186143	0.00338962
425	0.230829	0.553751	19.5117	32.1848	39.8582	43.9215	45.137	41.4028	29.7423	19.283	7.12964	2.45838	0.274403	0.0299774	0.00332298	0.000381801
426	0.386807	0.838272	11.2318	17.8556	21.2922	22.5721	21.4125	18.0654	10.8674	5.82343	1.42002	0.310223	0.0127165	0.000464451	2.14847e-05	-8.7957e-07
427	0.121138	0.521238	37.334	61.8483	76.9363	85.1719	88.3841	81.9068	60.1613	39.9653	15.5917	5.70043	0.722207	0.0900048	0.0110434	0.00138691
428	0.180735	0.395668	25.428	42.8353	54.2228	61.1267	65.912	63.6396	51.117	37.4547	18.142	8.38065	1.73403	0.356474	0.0729518	0.0149492
429	0.477587	0.766516	9.1795	14.7277	17.7272	18.9719	18.3502	15.7941	9.9063	5.54704	1.48671	0.360139	0.018549	0.000855559	3.85997e-05	-1.77365e-06
430	0.286368	0.551233	15.7326	25.9597	32.1599	35.4515	36.4616	33.4707	24.0849	15.6439	5.80739	2.01128	0.22724	0.0251404	0.00288393	0.000350508
431	0.390116	0.784593	11.2121	17.9471	21.5511	23.0093	22.1453	18.9637	11.7679	6.51544	1.70402	0.401634	0.0195366	0.000869273	2.40376e-05	-4.80503e-06
432	0.124664	0.525033	36.2606	60.0397	74.6469	82.5921	85.6103	79.2408	58.0511	38.4521	14.9053	5.41233	0.674705	0.0829006	0.0100846	0.00126404
433	0.241786	0.697919	18.2896	29.6054	35.9587	38.8409	38.2913	33.6176	21.985	12.8743	3.80423	1.02526	0.0673655	0.00408527	0.000225609	-1.07486e-05
434	0.364766	0.84334	11.9029	18.9103	22.5351	23.8738	22.6165	19.0547	11.4295	6.10652	1.4796	0.321087	0.0129646	0.00051375	3.06548e-06	-8.80831e-06
435	0.21541	0.798533	20.2699	32.3879	38.8211	41.3706	39.6667	33.8355	20.8244	11.4303	2.93497	0.678318	0.0314772	0.00141938	1.19966e-05	-2.16042e-06
436	0.177845	0.579478	25.2419	41.4954	51.2087	56.2247	57.3437	52.1775	36.8395	23.4365	8.31114	2.73737	0.277411	0.0277115	0.00288091	0.000378931
437	0.121475	0.632304	36.7079	59.9269	73.4285	80.0319	80.3864	71.9701	49.075	30.0626	9.80558	2.94692	0.245144	0.019782	0.00159568	4.98708e-05
438	0.224447	0.78605	19.4844	31.1825	37.4372	39.962	38.4465	32.9096	20.4029	11.2862	2.94606	0.693129	0.0334841	0.00139663	4.61048e-05	-3.58298e-06
439	0.208524	0.656304	21.3191	34.6957	42.3758	46.0339	45.9189	40.8151	27.4036	16.5082	5.19057	1.49795	0.113917	0.00861453	0.000360424	6.34329e-05
440	0.368084	0.68997	12.0262	19.4865	23.6932	25.6202	25.3141	22.276	14.6415	8.6198	2.57689	0.703388	0.0474351	0.00308797	0.000286158	9.45521e-05
441	0.206568	0.684788	21.4435	34.7692	42.3042	45.7771	45.2958	39.9217	26.3242	15.5511	4.68483	1.28969	0.0886134	0.0057459	0.000331599	1.33845e-05
442	0.173115	0.595825	25.8778	42.4497	52.2707	57.2606	58.1249	52.6219	36.7494	23.1035	7.98061	2.55432	0.243661	0.0226552	0.00193461	0.000246964
443	0.376893	0.735901	11.677	18.8089	22.7307	24.4268	23.8263	20.6882	13.2175	7.548	2.11139	0.535689	0.0306276	0.00162091	9.00096e-05	1.84331e-05
444	0.234282	0.74154	18.7716	30.2146	36.4875	39.1806	38.1587	33.0783	21.0602	11.9833	3.32555	0.836598	0.0471159	0.00239969	0.000232041	-4.92058e-06
445	0.203094	0.495172	22.3424	37.1411	46.368	51.5229	53.8869	50.3558	37.6628	25.5193	10.4011	3.98835	0.558939	0.077014	0.0105466	0.00143539
446	0.213994	0.40481	21.4509	36.0913	45.6273	51.368	55.2334	53.1662	42.42	30.8564	14.7053	6.67633	1.33227	0.264183	0.0523162	0.0106998
447	0.137854	0.459525	33.0665	55.2297	69.2923	77.3918	81.8236	77.3509	59.3282	41.3235	17.8996	7.33183	1.18066	0.187531	0.0299385	0.00469834
448	0.194202	0.54436	23.2194	38.3482	47.5519	52.4697	54.0752	49.7466	35.9645	23.4806	8.81623	3.09152	0.357803	0.0408774	0.00463365	0.000577594
449	0.199059	0.585955	22.5332	37.0117	45.6352	50.0607	50.9635	46.2795	32.5336	20.5999	7.22944	2.35412	0.232684	0.0221189	0.00208309	0.000181642
450	0.136938	0.614542	32.6366	53.4043	65.5931	71.6674	72.3513	65.1274	44.9275	27.8692	9.34694	2.89611	0.256905	0.0223145	0.00186601	0.000133445
451	0.150885	0.569094	29.7913	49.0412	60.6064	66.6416	68.1802	62.2388	44.2489	28.3644	10.2276	3.43107	0.36149	0.0373032	0.00369275	0.000361849
452	0.179936	0.385183	25.5753	43.1437	54.693	61.7529	66.8059	64.73	52.3957	38.7207	19.1068	9.00452	1.94158	0.416012	0.0890722	0.0190084
453	0.29091	0.755344	15.0912	24.2475	29.2284	31.3276	30.3939	26.2444	16.5704	9.34518	2.54388	0.626313	0.0336922	0.00180892	9.78118e-05	1.96715e-06
454	0.36585	0.514504	12.3724	20.5147	25.5429	28.3043	29.4311	27.3328	20.1699	13.4667	5.31293	1.96641	0.25576	0.0327698	0.00417867	0.000508707
455	0.157278	0.492738	28.86	47.9911	59.9336	66.6199	69.7277	65.2102	48.856	33.1653	13.5733	5.22866	0.739628	0.10317	0.0143493	0.0019619
456	0.218523	0.805056	19.9647	31.8737	38.1723	40.6442	38.9013	33.1228	20.3082	11.1025	2.82585	0.646855	0.0293114	0.00113644	2.39195e-05	4.39673e-06
457	0.168641	0.45509	27.0451	45.1992	56.7423	63.4155	67.1372	63.5592	48.9038	34.1812	14.9198	6.16186	1.00952	0.163684	0.0265067	0.00427553
458	0.115827	0.680708	38.2624	62.0727	75.5659	81.8154	81.0492	71.5184	47.2794	28.0094	8.48916	2.35289	0.164074	0.0107996	0.000638543	2.35928e-05
459	0.155083	0.717813	28.4433	45.9225	55.6306	59.9277	58.7506	51.2802	33.1265	19.1429	5.49441	1.43468	0.0874609	0.00496575	0.000309676	5.18311e-05
460	0.458653	0.701634	9.63714	15.5921	18.9288	20.4357	20.1251	17.6494	11.5156	6.72663	1.97657	0.529589	0.0343248	0.00213484	0.000126926	5.34955e-06
461	0.485975	0.491271	9.34182	15.5375	19.4079	21.5776	22.5944	21.1403	15.8548	10.775	4.42085	1.70734	0.24305	0.0342316	0.00477546	0.00065128
462	0.155111	0.732249	28.3862	45.7449	55.3098	59.4662	58.0635	50.4697	32.3158	18.4989	5.20166	1.32742	0.0764295	0.00407953	0.000228643	4.5698e-05
463	0.15692	0.760249	27.96	44.8955	54.0832	57.9293	56.1271	48.3959	30.4671	17.1295	4.63132	1.13183	0.0598424	0.00289241	0.000144471	5.87279e-06
464	0.201735	0.701153	21.9118	35.4537	43.0436	46.4732	45.773	40.1478	26.2031	15.3108	4.50209	1.20738	0.07832	0.00485041	0.000292306	1.63932e-05
465	0.0904863	0.504954	50.0845	83.1504	103.667	115.031	119.955	111.743	83.0082	55.8273	22.3815	8.42953	1.13764	0.150906	0.0202982	0.00256788
466	0.100041	0.711032	44.1305	71.3125	86.4656	93.2302	91.5709	80.0861	51.9507	30.1563	8.74194	2.30653	0.144046	0.00841157	0.000551277	7.10727e-05
467	0.14132	0.508685	32.0535	53.1888	66.2787	73.505	76.5654	71.2391	52.7834	35.3969	14.1021	5.27514	0.701311	0.0916288	0.0118841	0.00151074
468	0.0965864	0.749735	45.4857	73.1359	88.2246	94.6317	91.9538	79.5267	50.3843	28.5182	7.82369	1.94313	0.105984	0.0056725	-1.30864e-05	-9.25821e-06
469	0.494219	0.654553	8.99711	14.6456	17.8918	19.441	19.4027	17.255	11.598	6.99552	2.20537	0.638251	0.0489299	0.00357746	0.000271211	5.90188e-06
470	0.114839	0.722794	38.3867	61.9365	74.9795	80.717	79.0216	68.8751	44.3559	25.5485	7.28154	1.88612	0.113792	0.00631371	0.000180141	1.59159e-05
471	0.115777	0.620681	38.5715	63.0651	77.3944	84.4904	85.1496	76.5044	52.5624	32.4636	10.7834	3.30591	0.286758	0.0239602	0.00192547	0.000151917
472	0.182527	0.852855	23.7585	37.6997	44.8711	47.4779	44.8646	37.7006	22.4951	11.9511	2.86122	0.612997	0.0240067	0.000833162	2.32506e-05	4.3739e-06
473	0.346678	0.248278	13.5101	23.2185	30.0155	34.5908	39.0944	39.7114	35.6616	29.5424	18.7073	11.4839	4.26382	1.57946	0.585071	0.216711
474	0.178904	0.606263	25.0072	40.9652	50.3717	55.1002	55.7625	50.3214	34.9034	21.7789	7.40037	2.32579	0.213129	0.0189303	0.00162034	0.000135811
475	0.160878	0.710027	27.4457	44.3565	53.789	58.005	56.9891	49.8562	32.3626	18.7987	5.45724	1.44206	0.0903687	0.00529257	0.000262012	1.5452e-05
476	0.190556	0.823295	22.8422	36.3827	43.4693	46.1729	43.977	37.2558	22.6038	12.2203	3.03804	0.677735	0.0293549	0.00109391	0.000117147	4.82743e-05
477	0.181547	0.67986	24.4141	39.6111	48.227	52.2216	51.7452	45.671	30.2091	17.9068	5.43424	1.50812	0.105242	0.00692511	0.000406886	1.97657e-05
478	0.12708	0.615252	35.1651	57.5364	70.6603	77.1986	77.9228	70.1268	48.3523	29.9787	10.0436	3.10794	0.274761	0.0235006	0.00204658	0.000134426
479	0.202652	0.702752	21.8083	35.2788	42.8222	46.2242	45.5073	39.8962	26.0138	15.1837	4.45489	1.19133	0.0768792	0.00485302	0.00039768	3.04773e-05
480	0.198014	0.482232	22.9536	38.2227	47.8033	53.2165	55.8753	52.4331	39.5752	27.0832	11.2851	4.43183	0.65267	0.0950307	0.0137909	0.00198868
481	0.295653	0.646592	15.0549	24.532	30.0018	32.635	32.6453	29.1016	19.6608	11.924	3.80544	1.11626	0.0883582	0.00663813	0.000533722	5.62056e-05
482	0.246654	0.768062	17.7705	28.5055	34.304	36.7051	35.4871	30.531	19.1307	10.7023	2.86226	0.691822	0.0356938	0.00173392	7.33994e-05	-1.59893e-05
483	0.261045	0.698839	16.9384	27.4148	33.2939	35.9581	35.4395	31.1055	20.3314	11.898	3.51012	0.944999	0.061384	0.0037437	0.000200684	8.73117e-06
484	0.181987	0.616438	24.5517	40.1648	49.3187	53.8718	54.3583	48.9026	33.6926	20.8714	6.97916	2.15509	0.190091	0.0160097	0.0012721	9.70192e-05
485	0.444891	0.536398	10.1459	16.7742	20.8228	23.0019	23.7618	21.915	15.9303	10.4619	3.9796	1.41569	0.169174	0.0198711	0.00220666	0.000271912
486	0.230236	0.433556	19.8644	33.2943	41.9223	46.9993	50.0882	47.7555	37.3156	26.5286	12.0214	5.16974	0.921515	0.162708	0.0288336	0.0050513
487	0.200362	0.764579	21.8858	35.1226	42.2865	45.2669	43.8064	37.7262	23.6887	13.2815	3.56891	0.867052	0.0456027	0.00229359	0.000172436	-9.3858e-06
488	0.144162	0.696737	30.6797	49.6688	60.3372	65.1839	64.2815	56.4548	36.9476	21.6533	6.40961	1.7307	0.113494	0.00704856	0.000467639	7.14199e-05
489	0.175284	0.473278	25.9598	43.2801	54.1966	60.4116	63.6026	59.8577	45.4663	31.3318	13.256	5.29265	0.807661	0.12152	0.0181957	0.00277387
490	0.122715	0.758566	35.7609	57.434	69.203	74.141	71.8681	61.9987	39.0707	21.9894	5.95914	1.46028	0.0772437	0.00374977	0.000119167	1.89001e-06
491	0.18802	0.495466	24.1329	40.1159	50.0797	55.645	58.1929	54.3743	40.6593	27.5441	11.2212	4.30039	0.601701	0.083246	0.0116185	0.00170885
492	0.372476	0.198242	12.6558	21.9001	28.5174	33.1167	38.0484	39.3446	36.7517	31.7917	22.1068	14.9685	6.7841	3.06975	1.38884	0.628502
493	0.243088	0.570797	18.4876	30.427	37.5941	41.3276	42.2599	38.5566	27.3804	17.5295	6.30324	2.1085	0.220857	0.0229175	0.00242864	0.000297251
494	0.308319	0.442201	14.8173	24.8062	31.1972	34.9314	37.1279	35.2981	27.4107	19.3539	8.63853	3.65501	0.629381	0.107509	0.0181127	0.00315467
495	0.0766477	0.349047	60.319	102.253	130.291	147.895	161.829	158.73	131.978	100.457	52.8883	26.709	6.6449	1.64502	0.407557	0.100332
496	0.228186	0.433464	20.0431	33.5942	42.3004	47.4238	50.542	48.1898	37.6575	26.7728	12.1332	5.21829	0.93033	0.16414	0.0289472	0.00506338
497	0.28119	0.638066	15.8464	25.8504	31.6497	34.4685	34.5637	30.8908	20.986	12.8035	4.1397	1.23178	0.100336	0.00783328	0.000588255	4.27761e-05
498	0.136259	0.633778	32.7191	53.4048	65.4239	71.2929	71.578	64.0555	43.6361	26.7019	8.68998	2.60509	0.215868	0.0175363	0.00168848	6.42939e-05
499	0.267769	0.633571	16.6501	27.1775	33.2948	36.2827	36.4299	32.6037	22.2148	13.5957	4.42607	1.32732	0.109913	0.00886484	0.000672098	4.39765e-05
